"id","_j","consent","q36preference","equitypref","q","gender","age","q37organisation","q38sector","q35yrs_experience","q39oh_network","q40equity_concept","survey","a1","v1","totala","a2","v2","totalb","a1t","v1t","a2t","v2t","part2","part3","HaveA","HaveB","dumfemale","own_health","exp","q36","q40"
1,21,1,"1,00","NA",0,"PNS",NA,"4,6,10","1,4,7,9","20","4","5,00","OHEJP",10,10,20,22,2,24,69,58,81,50,0,0,64,66,0,80,20,1,5
1,22,1,"1,00","NA",0,"PNS",NA,"4,6,10","1,4,7,9","20","4","5,00","OHEJP",10,10,20,19,4,23,69,58,78,52,0,0,64,65,0,80,20,1,5
1,23,1,"1,00","NA",0,"PNS",NA,"4,6,10","1,4,7,9","20","4","5,00","OHEJP",10,10,20,16,6,22,69,58,75,54,0,0,64,65,0,80,20,1,5
1,24,1,"1,00","NA",0,"PNS",NA,"4,6,10","1,4,7,9","20","4","5,00","OHEJP",10,10,20,13,8,21,69,58,72,56,0,0,64,64,0,80,20,1,5
1,25,1,"1,00","NA",1,"PNS",NA,"4,6,10","1,4,7,9","20","4","5,00","OHEJP",10,10,20,7,12,19,69,58,66,60,0,0,64,63,0,80,20,1,5
1,26,1,"1,00","NA",1,"PNS",NA,"4,6,10","1,4,7,9","20","4","5,00","OHEJP",10,10,20,4,14,18,69,58,63,62,0,0,64,63,0,80,20,1,5
1,27,1,"1,00","NA",1,"PNS",NA,"4,6,10","1,4,7,9","20","4","5,00","OHEJP",10,10,20,1,16,17,69,58,60,64,0,0,64,62,0,80,20,1,5
1,31,1,"1,00","NA",0,"PNS",NA,"4,6,10","1,4,7,9","20","4","5,00","OHEJP",10,10,20,22,2,24,69,43,81,35,1,0,56,58,0,80,20,1,5
1,32,1,"1,00","NA",0,"PNS",NA,"4,6,10","1,4,7,9","20","4","5,00","OHEJP",10,10,20,19,4,23,69,43,78,37,1,0,56,58,0,80,20,1,5
1,33,1,"1,00","NA",0,"PNS",NA,"4,6,10","1,4,7,9","20","4","5,00","OHEJP",10,10,20,16,6,22,69,43,75,39,1,0,56,57,0,80,20,1,5
1,34,1,"1,00","NA",0,"PNS",NA,"4,6,10","1,4,7,9","20","4","5,00","OHEJP",10,10,20,13,8,21,69,43,72,41,1,0,56,57,0,80,20,1,5
1,35,1,"1,00","NA",1,"PNS",NA,"4,6,10","1,4,7,9","20","4","5,00","OHEJP",10,10,20,7,12,19,69,43,66,45,1,0,56,56,0,80,20,1,5
1,36,1,"1,00","NA",1,"PNS",NA,"4,6,10","1,4,7,9","20","4","5,00","OHEJP",10,10,20,4,14,18,69,43,63,47,1,0,56,55,0,80,20,1,5
1,37,1,"1,00","NA",1,"PNS",NA,"4,6,10","1,4,7,9","20","4","5,00","OHEJP",10,10,20,1,16,17,69,43,60,49,1,0,56,55,0,80,20,1,5
1,41,1,"1,00","NA",0,"PNS",NA,"4,6,10","1,4,7,9","20","4","5,00","OHEJP",10,10,20,22,2,24,69,33,81,25,0,1,51,53,0,80,20,1,5
1,42,1,"1,00","NA",0,"PNS",NA,"4,6,10","1,4,7,9","20","4","5,00","OHEJP",10,10,20,19,4,23,69,33,78,27,0,1,51,53,0,80,20,1,5
1,43,1,"1,00","NA",0,"PNS",NA,"4,6,10","1,4,7,9","20","4","5,00","OHEJP",10,10,20,16,6,22,69,33,75,29,0,1,51,52,0,80,20,1,5
1,44,1,"1,00","NA",0,"PNS",NA,"4,6,10","1,4,7,9","20","4","5,00","OHEJP",10,10,20,13,8,21,69,33,72,31,0,1,51,52,0,80,20,1,5
1,45,1,"1,00","NA",0,"PNS",NA,"4,6,10","1,4,7,9","20","4","5,00","OHEJP",10,10,20,7,12,19,69,33,66,35,0,1,51,51,0,80,20,1,5
1,46,1,"1,00","NA",1,"PNS",NA,"4,6,10","1,4,7,9","20","4","5,00","OHEJP",10,10,20,4,14,18,69,33,63,37,0,1,51,50,0,80,20,1,5
1,47,1,"1,00","NA",1,"PNS",NA,"4,6,10","1,4,7,9","20","4","5,00","OHEJP",10,10,20,1,16,17,69,33,60,39,0,1,51,50,0,80,20,1,5
2,21,1,"2,00","NA",0,"2",8,"4,6","7","10","4","2,00","OHEJP",10,10,20,22,2,24,69,58,81,50,0,0,64,66,0,90,10,2,2
2,22,1,"2,00","NA",0,"2",8,"4,6","7","10","4","2,00","OHEJP",10,10,20,19,4,23,69,58,78,52,0,0,64,65,0,90,10,2,2
2,23,1,"2,00","NA",0,"2",8,"4,6","7","10","4","2,00","OHEJP",10,10,20,16,6,22,69,58,75,54,0,0,64,65,0,90,10,2,2
2,24,1,"2,00","NA",0,"2",8,"4,6","7","10","4","2,00","OHEJP",10,10,20,13,8,21,69,58,72,56,0,0,64,64,0,90,10,2,2
2,25,1,"2,00","NA",1,"2",8,"4,6","7","10","4","2,00","OHEJP",10,10,20,7,12,19,69,58,66,60,0,0,64,63,0,90,10,2,2
2,26,1,"2,00","NA",1,"2",8,"4,6","7","10","4","2,00","OHEJP",10,10,20,4,14,18,69,58,63,62,0,0,64,63,0,90,10,2,2
2,27,1,"2,00","NA",1,"2",8,"4,6","7","10","4","2,00","OHEJP",10,10,20,1,16,17,69,58,60,64,0,0,64,62,0,90,10,2,2
2,31,1,"2,00","NA",0,"2",8,"4,6","7","10","4","2,00","OHEJP",10,10,20,22,2,24,69,43,81,35,1,0,56,58,0,90,10,2,2
2,32,1,"2,00","NA",0,"2",8,"4,6","7","10","4","2,00","OHEJP",10,10,20,19,4,23,69,43,78,37,1,0,56,58,0,90,10,2,2
2,33,1,"2,00","NA",0,"2",8,"4,6","7","10","4","2,00","OHEJP",10,10,20,16,6,22,69,43,75,39,1,0,56,57,0,90,10,2,2
2,34,1,"2,00","NA",0,"2",8,"4,6","7","10","4","2,00","OHEJP",10,10,20,13,8,21,69,43,72,41,1,0,56,57,0,90,10,2,2
2,35,1,"2,00","NA",1,"2",8,"4,6","7","10","4","2,00","OHEJP",10,10,20,7,12,19,69,43,66,45,1,0,56,56,0,90,10,2,2
2,36,1,"2,00","NA",1,"2",8,"4,6","7","10","4","2,00","OHEJP",10,10,20,4,14,18,69,43,63,47,1,0,56,55,0,90,10,2,2
2,37,1,"2,00","NA",1,"2",8,"4,6","7","10","4","2,00","OHEJP",10,10,20,1,16,17,69,43,60,49,1,0,56,55,0,90,10,2,2
2,41,1,"2,00","NA",0,"2",8,"4,6","7","10","4","2,00","OHEJP",10,10,20,22,2,24,69,33,81,25,0,1,51,53,0,90,10,2,2
2,42,1,"2,00","NA",0,"2",8,"4,6","7","10","4","2,00","OHEJP",10,10,20,19,4,23,69,33,78,27,0,1,51,53,0,90,10,2,2
2,43,1,"2,00","NA",0,"2",8,"4,6","7","10","4","2,00","OHEJP",10,10,20,16,6,22,69,33,75,29,0,1,51,52,0,90,10,2,2
2,44,1,"2,00","NA",0,"2",8,"4,6","7","10","4","2,00","OHEJP",10,10,20,13,8,21,69,33,72,31,0,1,51,52,0,90,10,2,2
2,45,1,"2,00","NA",1,"2",8,"4,6","7","10","4","2,00","OHEJP",10,10,20,7,12,19,69,33,66,35,0,1,51,51,0,90,10,2,2
2,46,1,"2,00","NA",1,"2",8,"4,6","7","10","4","2,00","OHEJP",10,10,20,4,14,18,69,33,63,37,0,1,51,50,0,90,10,2,2
2,47,1,"2,00","NA",1,"2",8,"4,6","7","10","4","2,00","OHEJP",10,10,20,1,16,17,69,33,60,39,0,1,51,50,0,90,10,2,2
3,21,1,"5,00","NA",1,"1",4,"4","4","18","5","3,00","OHEJP",10,10,20,22,2,24,69,58,81,50,0,0,64,66,1,80,18,5,3
3,22,1,"5,00","NA",1,"1",4,"4","4","18","5","3,00","OHEJP",10,10,20,19,4,23,69,58,78,52,0,0,64,65,1,80,18,5,3
3,23,1,"5,00","NA",1,"1",4,"4","4","18","5","3,00","OHEJP",10,10,20,16,6,22,69,58,75,54,0,0,64,65,1,80,18,5,3
3,24,1,"5,00","NA",1,"1",4,"4","4","18","5","3,00","OHEJP",10,10,20,13,8,21,69,58,72,56,0,0,64,64,1,80,18,5,3
3,25,1,"5,00","NA",0,"1",4,"4","4","18","5","3,00","OHEJP",10,10,20,7,12,19,69,58,66,60,0,0,64,63,1,80,18,5,3
3,26,1,"5,00","NA",0,"1",4,"4","4","18","5","3,00","OHEJP",10,10,20,4,14,18,69,58,63,62,0,0,64,63,1,80,18,5,3
3,27,1,"5,00","NA",0,"1",4,"4","4","18","5","3,00","OHEJP",10,10,20,1,16,17,69,58,60,64,0,0,64,62,1,80,18,5,3
3,31,1,"5,00","NA",1,"1",4,"4","4","18","5","3,00","OHEJP",10,10,20,22,2,24,69,43,81,35,1,0,56,58,1,80,18,5,3
3,32,1,"5,00","NA",1,"1",4,"4","4","18","5","3,00","OHEJP",10,10,20,19,4,23,69,43,78,37,1,0,56,58,1,80,18,5,3
3,33,1,"5,00","NA",1,"1",4,"4","4","18","5","3,00","OHEJP",10,10,20,16,6,22,69,43,75,39,1,0,56,57,1,80,18,5,3
3,34,1,"5,00","NA",1,"1",4,"4","4","18","5","3,00","OHEJP",10,10,20,13,8,21,69,43,72,41,1,0,56,57,1,80,18,5,3
3,35,1,"5,00","NA",0,"1",4,"4","4","18","5","3,00","OHEJP",10,10,20,7,12,19,69,43,66,45,1,0,56,56,1,80,18,5,3
3,36,1,"5,00","NA",0,"1",4,"4","4","18","5","3,00","OHEJP",10,10,20,4,14,18,69,43,63,47,1,0,56,55,1,80,18,5,3
3,37,1,"5,00","NA",0,"1",4,"4","4","18","5","3,00","OHEJP",10,10,20,1,16,17,69,43,60,49,1,0,56,55,1,80,18,5,3
3,41,1,"5,00","NA",1,"1",4,"4","4","18","5","3,00","OHEJP",10,10,20,22,2,24,69,33,81,25,0,1,51,53,1,80,18,5,3
3,42,1,"5,00","NA",1,"1",4,"4","4","18","5","3,00","OHEJP",10,10,20,19,4,23,69,33,78,27,0,1,51,53,1,80,18,5,3
3,43,1,"5,00","NA",1,"1",4,"4","4","18","5","3,00","OHEJP",10,10,20,16,6,22,69,33,75,29,0,1,51,52,1,80,18,5,3
3,44,1,"5,00","NA",1,"1",4,"4","4","18","5","3,00","OHEJP",10,10,20,13,8,21,69,33,72,31,0,1,51,52,1,80,18,5,3
3,45,1,"5,00","NA",0,"1",4,"4","4","18","5","3,00","OHEJP",10,10,20,7,12,19,69,33,66,35,0,1,51,51,1,80,18,5,3
3,46,1,"5,00","NA",0,"1",4,"4","4","18","5","3,00","OHEJP",10,10,20,4,14,18,69,33,63,37,0,1,51,50,1,80,18,5,3
3,47,1,"5,00","NA",0,"1",4,"4","4","18","5","3,00","OHEJP",10,10,20,1,16,17,69,33,60,39,0,1,51,50,1,80,18,5,3
4,21,1,"2,00","NA",0,"2",4,"1","5","5","4","2,00","OHEJP",10,10,20,22,2,24,69,58,81,50,0,0,64,66,0,90,5,2,2
4,22,1,"2,00","NA",0,"2",4,"1","5","5","4","2,00","OHEJP",10,10,20,19,4,23,69,58,78,52,0,0,64,65,0,90,5,2,2
4,23,1,"2,00","NA",0,"2",4,"1","5","5","4","2,00","OHEJP",10,10,20,16,6,22,69,58,75,54,0,0,64,65,0,90,5,2,2
4,24,1,"2,00","NA",1,"2",4,"1","5","5","4","2,00","OHEJP",10,10,20,13,8,21,69,58,72,56,0,0,64,64,0,90,5,2,2
4,25,1,"2,00","NA",1,"2",4,"1","5","5","4","2,00","OHEJP",10,10,20,7,12,19,69,58,66,60,0,0,64,63,0,90,5,2,2
4,26,1,"2,00","NA",0,"2",4,"1","5","5","4","2,00","OHEJP",10,10,20,4,14,18,69,58,63,62,0,0,64,63,0,90,5,2,2
4,27,1,"2,00","NA",0,"2",4,"1","5","5","4","2,00","OHEJP",10,10,20,1,16,17,69,58,60,64,0,0,64,62,0,90,5,2,2
4,31,1,"2,00","NA",0,"2",4,"1","5","5","4","2,00","OHEJP",10,10,20,22,2,24,69,43,81,35,1,0,56,58,0,90,5,2,2
4,32,1,"2,00","NA",0,"2",4,"1","5","5","4","2,00","OHEJP",10,10,20,19,4,23,69,43,78,37,1,0,56,58,0,90,5,2,2
4,33,1,"2,00","NA",0,"2",4,"1","5","5","4","2,00","OHEJP",10,10,20,16,6,22,69,43,75,39,1,0,56,57,0,90,5,2,2
4,34,1,"2,00","NA",0,"2",4,"1","5","5","4","2,00","OHEJP",10,10,20,13,8,21,69,43,72,41,1,0,56,57,0,90,5,2,2
4,35,1,"2,00","NA",1,"2",4,"1","5","5","4","2,00","OHEJP",10,10,20,7,12,19,69,43,66,45,1,0,56,56,0,90,5,2,2
4,36,1,"2,00","NA",1,"2",4,"1","5","5","4","2,00","OHEJP",10,10,20,4,14,18,69,43,63,47,1,0,56,55,0,90,5,2,2
4,37,1,"2,00","NA",1,"2",4,"1","5","5","4","2,00","OHEJP",10,10,20,1,16,17,69,43,60,49,1,0,56,55,0,90,5,2,2
4,41,1,"2,00","NA",0,"2",4,"1","5","5","4","2,00","OHEJP",10,10,20,22,2,24,69,33,81,25,0,1,51,53,0,90,5,2,2
4,42,1,"2,00","NA",0,"2",4,"1","5","5","4","2,00","OHEJP",10,10,20,19,4,23,69,33,78,27,0,1,51,53,0,90,5,2,2
4,43,1,"2,00","NA",0,"2",4,"1","5","5","4","2,00","OHEJP",10,10,20,16,6,22,69,33,75,29,0,1,51,52,0,90,5,2,2
4,44,1,"2,00","NA",0,"2",4,"1","5","5","4","2,00","OHEJP",10,10,20,13,8,21,69,33,72,31,0,1,51,52,0,90,5,2,2
4,45,1,"2,00","NA",1,"2",4,"1","5","5","4","2,00","OHEJP",10,10,20,7,12,19,69,33,66,35,0,1,51,51,0,90,5,2,2
4,46,1,"2,00","NA",1,"2",4,"1","5","5","4","2,00","OHEJP",10,10,20,4,14,18,69,33,63,37,0,1,51,50,0,90,5,2,2
4,47,1,"2,00","NA",1,"2",4,"1","5","5","4","2,00","OHEJP",10,10,20,1,16,17,69,33,60,39,0,1,51,50,0,90,5,2,2
5,21,1,"1,00","NA",0,"1",1,"6","1,4,5,6,7","student","5","5,00","OHEJP",10,10,20,22,2,24,69,58,81,50,0,0,64,66,1,80,NA,1,5
5,22,1,"1,00","NA",0,"1",1,"6","1,4,5,6,7","student","5","5,00","OHEJP",10,10,20,19,4,23,69,58,78,52,0,0,64,65,1,80,NA,1,5
5,23,1,"1,00","NA",0,"1",1,"6","1,4,5,6,7","student","5","5,00","OHEJP",10,10,20,16,6,22,69,58,75,54,0,0,64,65,1,80,NA,1,5
5,24,1,"1,00","NA",0,"1",1,"6","1,4,5,6,7","student","5","5,00","OHEJP",10,10,20,13,8,21,69,58,72,56,0,0,64,64,1,80,NA,1,5
5,25,1,"1,00","NA",1,"1",1,"6","1,4,5,6,7","student","5","5,00","OHEJP",10,10,20,7,12,19,69,58,66,60,0,0,64,63,1,80,NA,1,5
5,26,1,"1,00","NA",1,"1",1,"6","1,4,5,6,7","student","5","5,00","OHEJP",10,10,20,4,14,18,69,58,63,62,0,0,64,63,1,80,NA,1,5
5,27,1,"1,00","NA",1,"1",1,"6","1,4,5,6,7","student","5","5,00","OHEJP",10,10,20,1,16,17,69,58,60,64,0,0,64,62,1,80,NA,1,5
5,31,1,"1,00","NA",0,"1",1,"6","1,4,5,6,7","student","5","5,00","OHEJP",10,10,20,22,2,24,69,43,81,35,1,0,56,58,1,80,NA,1,5
5,32,1,"1,00","NA",0,"1",1,"6","1,4,5,6,7","student","5","5,00","OHEJP",10,10,20,19,4,23,69,43,78,37,1,0,56,58,1,80,NA,1,5
5,33,1,"1,00","NA",0,"1",1,"6","1,4,5,6,7","student","5","5,00","OHEJP",10,10,20,16,6,22,69,43,75,39,1,0,56,57,1,80,NA,1,5
5,34,1,"1,00","NA",0,"1",1,"6","1,4,5,6,7","student","5","5,00","OHEJP",10,10,20,13,8,21,69,43,72,41,1,0,56,57,1,80,NA,1,5
5,35,1,"1,00","NA",1,"1",1,"6","1,4,5,6,7","student","5","5,00","OHEJP",10,10,20,7,12,19,69,43,66,45,1,0,56,56,1,80,NA,1,5
5,36,1,"1,00","NA",1,"1",1,"6","1,4,5,6,7","student","5","5,00","OHEJP",10,10,20,4,14,18,69,43,63,47,1,0,56,55,1,80,NA,1,5
5,37,1,"1,00","NA",1,"1",1,"6","1,4,5,6,7","student","5","5,00","OHEJP",10,10,20,1,16,17,69,43,60,49,1,0,56,55,1,80,NA,1,5
5,41,1,"1,00","NA",0,"1",1,"6","1,4,5,6,7","student","5","5,00","OHEJP",10,10,20,22,2,24,69,33,81,25,0,1,51,53,1,80,NA,1,5
5,42,1,"1,00","NA",0,"1",1,"6","1,4,5,6,7","student","5","5,00","OHEJP",10,10,20,19,4,23,69,33,78,27,0,1,51,53,1,80,NA,1,5
5,43,1,"1,00","NA",0,"1",1,"6","1,4,5,6,7","student","5","5,00","OHEJP",10,10,20,16,6,22,69,33,75,29,0,1,51,52,1,80,NA,1,5
5,44,1,"1,00","NA",0,"1",1,"6","1,4,5,6,7","student","5","5,00","OHEJP",10,10,20,13,8,21,69,33,72,31,0,1,51,52,1,80,NA,1,5
5,45,1,"1,00","NA",1,"1",1,"6","1,4,5,6,7","student","5","5,00","OHEJP",10,10,20,7,12,19,69,33,66,35,0,1,51,51,1,80,NA,1,5
5,46,1,"1,00","NA",1,"1",1,"6","1,4,5,6,7","student","5","5,00","OHEJP",10,10,20,4,14,18,69,33,63,37,0,1,51,50,1,80,NA,1,5
5,47,1,"1,00","NA",1,"1",1,"6","1,4,5,6,7","student","5","5,00","OHEJP",10,10,20,1,16,17,69,33,60,39,0,1,51,50,1,80,NA,1,5
6,21,1,"2,00","NA",0,"1",6,"1","1","20","4","2,00","OHEJP",10,10,20,22,2,24,69,58,81,50,0,0,64,66,1,90,20,2,2
6,22,1,"2,00","NA",0,"1",6,"1","1","20","4","2,00","OHEJP",10,10,20,19,4,23,69,58,78,52,0,0,64,65,1,90,20,2,2
6,23,1,"2,00","NA",0,"1",6,"1","1","20","4","2,00","OHEJP",10,10,20,16,6,22,69,58,75,54,0,0,64,65,1,90,20,2,2
6,24,1,"2,00","NA",0,"1",6,"1","1","20","4","2,00","OHEJP",10,10,20,13,8,21,69,58,72,56,0,0,64,64,1,90,20,2,2
6,25,1,"2,00","NA",0,"1",6,"1","1","20","4","2,00","OHEJP",10,10,20,7,12,19,69,58,66,60,0,0,64,63,1,90,20,2,2
6,26,1,"2,00","NA",0,"1",6,"1","1","20","4","2,00","OHEJP",10,10,20,4,14,18,69,58,63,62,0,0,64,63,1,90,20,2,2
6,27,1,"2,00","NA",0,"1",6,"1","1","20","4","2,00","OHEJP",10,10,20,1,16,17,69,58,60,64,0,0,64,62,1,90,20,2,2
6,31,1,"2,00","NA",0,"1",6,"1","1","20","4","2,00","OHEJP",10,10,20,22,2,24,69,43,81,35,1,0,56,58,1,90,20,2,2
6,32,1,"2,00","NA",0,"1",6,"1","1","20","4","2,00","OHEJP",10,10,20,19,4,23,69,43,78,37,1,0,56,58,1,90,20,2,2
6,33,1,"2,00","NA",0,"1",6,"1","1","20","4","2,00","OHEJP",10,10,20,16,6,22,69,43,75,39,1,0,56,57,1,90,20,2,2
6,34,1,"2,00","NA",0,"1",6,"1","1","20","4","2,00","OHEJP",10,10,20,13,8,21,69,43,72,41,1,0,56,57,1,90,20,2,2
6,35,1,"2,00","NA",0,"1",6,"1","1","20","4","2,00","OHEJP",10,10,20,7,12,19,69,43,66,45,1,0,56,56,1,90,20,2,2
6,36,1,"2,00","NA",0,"1",6,"1","1","20","4","2,00","OHEJP",10,10,20,4,14,18,69,43,63,47,1,0,56,55,1,90,20,2,2
6,37,1,"2,00","NA",0,"1",6,"1","1","20","4","2,00","OHEJP",10,10,20,1,16,17,69,43,60,49,1,0,56,55,1,90,20,2,2
6,41,1,"2,00","NA",0,"1",6,"1","1","20","4","2,00","OHEJP",10,10,20,22,2,24,69,33,81,25,0,1,51,53,1,90,20,2,2
6,42,1,"2,00","NA",0,"1",6,"1","1","20","4","2,00","OHEJP",10,10,20,19,4,23,69,33,78,27,0,1,51,53,1,90,20,2,2
6,43,1,"2,00","NA",0,"1",6,"1","1","20","4","2,00","OHEJP",10,10,20,16,6,22,69,33,75,29,0,1,51,52,1,90,20,2,2
6,44,1,"2,00","NA",0,"1",6,"1","1","20","4","2,00","OHEJP",10,10,20,13,8,21,69,33,72,31,0,1,51,52,1,90,20,2,2
6,45,1,"2,00","NA",0,"1",6,"1","1","20","4","2,00","OHEJP",10,10,20,7,12,19,69,33,66,35,0,1,51,51,1,90,20,2,2
6,46,1,"2,00","NA",0,"1",6,"1","1","20","4","2,00","OHEJP",10,10,20,4,14,18,69,33,63,37,0,1,51,50,1,90,20,2,2
6,47,1,"2,00","NA",0,"1",6,"1","1","20","4","2,00","OHEJP",10,10,20,1,16,17,69,33,60,39,0,1,51,50,1,90,20,2,2
7,21,1,"1,00","NA",0,"1",3,"6","1","9","5","3,00","OHEJP",10,10,20,22,2,24,69,58,81,50,0,0,64,66,1,80,9,1,3
7,22,1,"1,00","NA",0,"1",3,"6","1","9","5","3,00","OHEJP",10,10,20,19,4,23,69,58,78,52,0,0,64,65,1,80,9,1,3
7,23,1,"1,00","NA",0,"1",3,"6","1","9","5","3,00","OHEJP",10,10,20,16,6,22,69,58,75,54,0,0,64,65,1,80,9,1,3
7,24,1,"1,00","NA",0,"1",3,"6","1","9","5","3,00","OHEJP",10,10,20,13,8,21,69,58,72,56,0,0,64,64,1,80,9,1,3
7,25,1,"1,00","NA",1,"1",3,"6","1","9","5","3,00","OHEJP",10,10,20,7,12,19,69,58,66,60,0,0,64,63,1,80,9,1,3
7,26,1,"1,00","NA",1,"1",3,"6","1","9","5","3,00","OHEJP",10,10,20,4,14,18,69,58,63,62,0,0,64,63,1,80,9,1,3
7,27,1,"1,00","NA",0,"1",3,"6","1","9","5","3,00","OHEJP",10,10,20,1,16,17,69,58,60,64,0,0,64,62,1,80,9,1,3
7,31,1,"1,00","NA",0,"1",3,"6","1","9","5","3,00","OHEJP",10,10,20,22,2,24,69,43,81,35,1,0,56,58,1,80,9,1,3
7,32,1,"1,00","NA",0,"1",3,"6","1","9","5","3,00","OHEJP",10,10,20,19,4,23,69,43,78,37,1,0,56,58,1,80,9,1,3
7,33,1,"1,00","NA",0,"1",3,"6","1","9","5","3,00","OHEJP",10,10,20,16,6,22,69,43,75,39,1,0,56,57,1,80,9,1,3
7,34,1,"1,00","NA",0,"1",3,"6","1","9","5","3,00","OHEJP",10,10,20,13,8,21,69,43,72,41,1,0,56,57,1,80,9,1,3
7,35,1,"1,00","NA",1,"1",3,"6","1","9","5","3,00","OHEJP",10,10,20,7,12,19,69,43,66,45,1,0,56,56,1,80,9,1,3
7,36,1,"1,00","NA",1,"1",3,"6","1","9","5","3,00","OHEJP",10,10,20,4,14,18,69,43,63,47,1,0,56,55,1,80,9,1,3
7,37,1,"1,00","NA",1,"1",3,"6","1","9","5","3,00","OHEJP",10,10,20,1,16,17,69,43,60,49,1,0,56,55,1,80,9,1,3
7,41,1,"1,00","NA",0,"1",3,"6","1","9","5","3,00","OHEJP",10,10,20,22,2,24,69,33,81,25,0,1,51,53,1,80,9,1,3
7,42,1,"1,00","NA",0,"1",3,"6","1","9","5","3,00","OHEJP",10,10,20,19,4,23,69,33,78,27,0,1,51,53,1,80,9,1,3
7,43,1,"1,00","NA",0,"1",3,"6","1","9","5","3,00","OHEJP",10,10,20,16,6,22,69,33,75,29,0,1,51,52,1,80,9,1,3
7,44,1,"1,00","NA",0,"1",3,"6","1","9","5","3,00","OHEJP",10,10,20,13,8,21,69,33,72,31,0,1,51,52,1,80,9,1,3
7,45,1,"1,00","NA",1,"1",3,"6","1","9","5","3,00","OHEJP",10,10,20,7,12,19,69,33,66,35,0,1,51,51,1,80,9,1,3
7,46,1,"1,00","NA",1,"1",3,"6","1","9","5","3,00","OHEJP",10,10,20,4,14,18,69,33,63,37,0,1,51,50,1,80,9,1,3
7,47,1,"1,00","NA",1,"1",3,"6","1","9","5","3,00","OHEJP",10,10,20,1,16,17,69,33,60,39,0,1,51,50,1,80,9,1,3
8,21,1,"2,00","NA",1,"PNS",NA,"7","1","15","4","4,00","OHEJP",10,10,20,22,2,24,69,58,81,50,0,0,64,66,0,80,15,2,4
8,22,1,"2,00","NA",1,"PNS",NA,"7","1","15","4","4,00","OHEJP",10,10,20,19,4,23,69,58,78,52,0,0,64,65,0,80,15,2,4
8,23,1,"2,00","NA",1,"PNS",NA,"7","1","15","4","4,00","OHEJP",10,10,20,16,6,22,69,58,75,54,0,0,64,65,0,80,15,2,4
8,24,1,"2,00","NA",1,"PNS",NA,"7","1","15","4","4,00","OHEJP",10,10,20,13,8,21,69,58,72,56,0,0,64,64,0,80,15,2,4
8,25,1,"2,00","NA",1,"PNS",NA,"7","1","15","4","4,00","OHEJP",10,10,20,7,12,19,69,58,66,60,0,0,64,63,0,80,15,2,4
8,26,1,"2,00","NA",1,"PNS",NA,"7","1","15","4","4,00","OHEJP",10,10,20,4,14,18,69,58,63,62,0,0,64,63,0,80,15,2,4
8,27,1,"2,00","NA",1,"PNS",NA,"7","1","15","4","4,00","OHEJP",10,10,20,1,16,17,69,58,60,64,0,0,64,62,0,80,15,2,4
8,31,1,"2,00","NA",1,"PNS",NA,"7","1","15","4","4,00","OHEJP",10,10,20,22,2,24,69,43,81,35,1,0,56,58,0,80,15,2,4
8,32,1,"2,00","NA",1,"PNS",NA,"7","1","15","4","4,00","OHEJP",10,10,20,19,4,23,69,43,78,37,1,0,56,58,0,80,15,2,4
8,33,1,"2,00","NA",1,"PNS",NA,"7","1","15","4","4,00","OHEJP",10,10,20,16,6,22,69,43,75,39,1,0,56,57,0,80,15,2,4
8,34,1,"2,00","NA",0,"PNS",NA,"7","1","15","4","4,00","OHEJP",10,10,20,13,8,21,69,43,72,41,1,0,56,57,0,80,15,2,4
8,35,1,"2,00","NA",0,"PNS",NA,"7","1","15","4","4,00","OHEJP",10,10,20,7,12,19,69,43,66,45,1,0,56,56,0,80,15,2,4
8,36,1,"2,00","NA",1,"PNS",NA,"7","1","15","4","4,00","OHEJP",10,10,20,4,14,18,69,43,63,47,1,0,56,55,0,80,15,2,4
8,37,1,"2,00","NA",1,"PNS",NA,"7","1","15","4","4,00","OHEJP",10,10,20,1,16,17,69,43,60,49,1,0,56,55,0,80,15,2,4
8,41,1,"2,00","NA",1,"PNS",NA,"7","1","15","4","4,00","OHEJP",10,10,20,22,2,24,69,33,81,25,0,1,51,53,0,80,15,2,4
8,42,1,"2,00","NA",1,"PNS",NA,"7","1","15","4","4,00","OHEJP",10,10,20,19,4,23,69,33,78,27,0,1,51,53,0,80,15,2,4
8,43,1,"2,00","NA",1,"PNS",NA,"7","1","15","4","4,00","OHEJP",10,10,20,16,6,22,69,33,75,29,0,1,51,52,0,80,15,2,4
8,44,1,"2,00","NA",0,"PNS",NA,"7","1","15","4","4,00","OHEJP",10,10,20,13,8,21,69,33,72,31,0,1,51,52,0,80,15,2,4
8,45,1,"2,00","NA",0,"PNS",NA,"7","1","15","4","4,00","OHEJP",10,10,20,7,12,19,69,33,66,35,0,1,51,51,0,80,15,2,4
8,46,1,"2,00","NA",1,"PNS",NA,"7","1","15","4","4,00","OHEJP",10,10,20,4,14,18,69,33,63,37,0,1,51,50,0,80,15,2,4
8,47,1,"2,00","NA",1,"PNS",NA,"7","1","15","4","4,00","OHEJP",10,10,20,1,16,17,69,33,60,39,0,1,51,50,0,80,15,2,4
9,21,1,"1,00","NA",0,"2",2,"9","1","1","4","4,00","OHEJP",10,10,20,22,2,24,69,58,81,50,0,0,64,66,0,90,1,1,4
9,22,1,"1,00","NA",0,"2",2,"9","1","1","4","4,00","OHEJP",10,10,20,19,4,23,69,58,78,52,0,0,64,65,0,90,1,1,4
9,23,1,"1,00","NA",0,"2",2,"9","1","1","4","4,00","OHEJP",10,10,20,16,6,22,69,58,75,54,0,0,64,65,0,90,1,1,4
9,24,1,"1,00","NA",1,"2",2,"9","1","1","4","4,00","OHEJP",10,10,20,13,8,21,69,58,72,56,0,0,64,64,0,90,1,1,4
9,25,1,"1,00","NA",1,"2",2,"9","1","1","4","4,00","OHEJP",10,10,20,7,12,19,69,58,66,60,0,0,64,63,0,90,1,1,4
9,26,1,"1,00","NA",0,"2",2,"9","1","1","4","4,00","OHEJP",10,10,20,4,14,18,69,58,63,62,0,0,64,63,0,90,1,1,4
9,27,1,"1,00","NA",0,"2",2,"9","1","1","4","4,00","OHEJP",10,10,20,1,16,17,69,58,60,64,0,0,64,62,0,90,1,1,4
9,31,1,"1,00","NA",0,"2",2,"9","1","1","4","4,00","OHEJP",10,10,20,22,2,24,69,43,81,35,1,0,56,58,0,90,1,1,4
9,32,1,"1,00","NA",0,"2",2,"9","1","1","4","4,00","OHEJP",10,10,20,19,4,23,69,43,78,37,1,0,56,58,0,90,1,1,4
9,33,1,"1,00","NA",0,"2",2,"9","1","1","4","4,00","OHEJP",10,10,20,16,6,22,69,43,75,39,1,0,56,57,0,90,1,1,4
9,34,1,"1,00","NA",0,"2",2,"9","1","1","4","4,00","OHEJP",10,10,20,13,8,21,69,43,72,41,1,0,56,57,0,90,1,1,4
9,35,1,"1,00","NA",0,"2",2,"9","1","1","4","4,00","OHEJP",10,10,20,7,12,19,69,43,66,45,1,0,56,56,0,90,1,1,4
9,36,1,"1,00","NA",0,"2",2,"9","1","1","4","4,00","OHEJP",10,10,20,4,14,18,69,43,63,47,1,0,56,55,0,90,1,1,4
9,37,1,"1,00","NA",0,"2",2,"9","1","1","4","4,00","OHEJP",10,10,20,1,16,17,69,43,60,49,1,0,56,55,0,90,1,1,4
9,41,1,"1,00","NA",0,"2",2,"9","1","1","4","4,00","OHEJP",10,10,20,22,2,24,69,33,81,25,0,1,51,53,0,90,1,1,4
9,42,1,"1,00","NA",0,"2",2,"9","1","1","4","4,00","OHEJP",10,10,20,19,4,23,69,33,78,27,0,1,51,53,0,90,1,1,4
9,43,1,"1,00","NA",0,"2",2,"9","1","1","4","4,00","OHEJP",10,10,20,16,6,22,69,33,75,29,0,1,51,52,0,90,1,1,4
9,44,1,"1,00","NA",0,"2",2,"9","1","1","4","4,00","OHEJP",10,10,20,13,8,21,69,33,72,31,0,1,51,52,0,90,1,1,4
9,45,1,"1,00","NA",1,"2",2,"9","1","1","4","4,00","OHEJP",10,10,20,7,12,19,69,33,66,35,0,1,51,51,0,90,1,1,4
9,46,1,"1,00","NA",1,"2",2,"9","1","1","4","4,00","OHEJP",10,10,20,4,14,18,69,33,63,37,0,1,51,50,0,90,1,1,4
9,47,1,"1,00","NA",1,"2",2,"9","1","1","4","4,00","OHEJP",10,10,20,1,16,17,69,33,60,39,0,1,51,50,0,90,1,1,4
10,21,1,"1,00","NA",0,"1",8,"7","1,7","4","4","3,00","OHEJP",10,10,20,22,2,24,69,58,81,50,0,0,64,66,1,90,4,1,3
10,22,1,"1,00","NA",0,"1",8,"7","1,7","4","4","3,00","OHEJP",10,10,20,19,4,23,69,58,78,52,0,0,64,65,1,90,4,1,3
10,23,1,"1,00","NA",0,"1",8,"7","1,7","4","4","3,00","OHEJP",10,10,20,16,6,22,69,58,75,54,0,0,64,65,1,90,4,1,3
10,24,1,"1,00","NA",0,"1",8,"7","1,7","4","4","3,00","OHEJP",10,10,20,13,8,21,69,58,72,56,0,0,64,64,1,90,4,1,3
10,25,1,"1,00","NA",1,"1",8,"7","1,7","4","4","3,00","OHEJP",10,10,20,7,12,19,69,58,66,60,0,0,64,63,1,90,4,1,3
10,26,1,"1,00","NA",1,"1",8,"7","1,7","4","4","3,00","OHEJP",10,10,20,4,14,18,69,58,63,62,0,0,64,63,1,90,4,1,3
10,27,1,"1,00","NA",1,"1",8,"7","1,7","4","4","3,00","OHEJP",10,10,20,1,16,17,69,58,60,64,0,0,64,62,1,90,4,1,3
10,31,1,"1,00","NA",0,"1",8,"7","1,7","4","4","3,00","OHEJP",10,10,20,22,2,24,69,43,81,35,1,0,56,58,1,90,4,1,3
10,32,1,"1,00","NA",0,"1",8,"7","1,7","4","4","3,00","OHEJP",10,10,20,19,4,23,69,43,78,37,1,0,56,58,1,90,4,1,3
10,33,1,"1,00","NA",0,"1",8,"7","1,7","4","4","3,00","OHEJP",10,10,20,16,6,22,69,43,75,39,1,0,56,57,1,90,4,1,3
10,34,1,"1,00","NA",0,"1",8,"7","1,7","4","4","3,00","OHEJP",10,10,20,13,8,21,69,43,72,41,1,0,56,57,1,90,4,1,3
10,35,1,"1,00","NA",1,"1",8,"7","1,7","4","4","3,00","OHEJP",10,10,20,7,12,19,69,43,66,45,1,0,56,56,1,90,4,1,3
10,36,1,"1,00","NA",1,"1",8,"7","1,7","4","4","3,00","OHEJP",10,10,20,4,14,18,69,43,63,47,1,0,56,55,1,90,4,1,3
10,37,1,"1,00","NA",1,"1",8,"7","1,7","4","4","3,00","OHEJP",10,10,20,1,16,17,69,43,60,49,1,0,56,55,1,90,4,1,3
10,41,1,"1,00","NA",0,"1",8,"7","1,7","4","4","3,00","OHEJP",10,10,20,22,2,24,69,33,81,25,0,1,51,53,1,90,4,1,3
10,42,1,"1,00","NA",0,"1",8,"7","1,7","4","4","3,00","OHEJP",10,10,20,19,4,23,69,33,78,27,0,1,51,53,1,90,4,1,3
10,43,1,"1,00","NA",0,"1",8,"7","1,7","4","4","3,00","OHEJP",10,10,20,16,6,22,69,33,75,29,0,1,51,52,1,90,4,1,3
10,44,1,"1,00","NA",0,"1",8,"7","1,7","4","4","3,00","OHEJP",10,10,20,13,8,21,69,33,72,31,0,1,51,52,1,90,4,1,3
10,45,1,"1,00","NA",1,"1",8,"7","1,7","4","4","3,00","OHEJP",10,10,20,7,12,19,69,33,66,35,0,1,51,51,1,90,4,1,3
10,46,1,"1,00","NA",1,"1",8,"7","1,7","4","4","3,00","OHEJP",10,10,20,4,14,18,69,33,63,37,0,1,51,50,1,90,4,1,3
10,47,1,"1,00","NA",1,"1",8,"7","1,7","4","4","3,00","OHEJP",10,10,20,1,16,17,69,33,60,39,0,1,51,50,1,90,4,1,3
11,21,1,"1,00","NA",0,"2",3,"4","1","1","4","2,00","OHEJP",10,10,20,22,2,24,69,58,81,50,0,0,64,66,0,80,1,1,2
11,22,1,"1,00","NA",0,"2",3,"4","1","1","4","2,00","OHEJP",10,10,20,19,4,23,69,58,78,52,0,0,64,65,0,80,1,1,2
11,23,1,"1,00","NA",0,"2",3,"4","1","1","4","2,00","OHEJP",10,10,20,16,6,22,69,58,75,54,0,0,64,65,0,80,1,1,2
11,24,1,"1,00","NA",0,"2",3,"4","1","1","4","2,00","OHEJP",10,10,20,13,8,21,69,58,72,56,0,0,64,64,0,80,1,1,2
11,25,1,"1,00","NA",0,"2",3,"4","1","1","4","2,00","OHEJP",10,10,20,7,12,19,69,58,66,60,0,0,64,63,0,80,1,1,2
11,26,1,"1,00","NA",0,"2",3,"4","1","1","4","2,00","OHEJP",10,10,20,4,14,18,69,58,63,62,0,0,64,63,0,80,1,1,2
11,27,1,"1,00","NA",0,"2",3,"4","1","1","4","2,00","OHEJP",10,10,20,1,16,17,69,58,60,64,0,0,64,62,0,80,1,1,2
11,31,1,"1,00","NA",0,"2",3,"4","1","1","4","2,00","OHEJP",10,10,20,22,2,24,69,43,81,35,1,0,56,58,0,80,1,1,2
11,32,1,"1,00","NA",0,"2",3,"4","1","1","4","2,00","OHEJP",10,10,20,19,4,23,69,43,78,37,1,0,56,58,0,80,1,1,2
11,33,1,"1,00","NA",0,"2",3,"4","1","1","4","2,00","OHEJP",10,10,20,16,6,22,69,43,75,39,1,0,56,57,0,80,1,1,2
11,34,1,"1,00","NA",0,"2",3,"4","1","1","4","2,00","OHEJP",10,10,20,13,8,21,69,43,72,41,1,0,56,57,0,80,1,1,2
11,35,1,"1,00","NA",0,"2",3,"4","1","1","4","2,00","OHEJP",10,10,20,7,12,19,69,43,66,45,1,0,56,56,0,80,1,1,2
11,36,1,"1,00","NA",0,"2",3,"4","1","1","4","2,00","OHEJP",10,10,20,4,14,18,69,43,63,47,1,0,56,55,0,80,1,1,2
11,37,1,"1,00","NA",0,"2",3,"4","1","1","4","2,00","OHEJP",10,10,20,1,16,17,69,43,60,49,1,0,56,55,0,80,1,1,2
11,41,1,"1,00","NA",0,"2",3,"4","1","1","4","2,00","OHEJP",10,10,20,22,2,24,69,33,81,25,0,1,51,53,0,80,1,1,2
11,42,1,"1,00","NA",0,"2",3,"4","1","1","4","2,00","OHEJP",10,10,20,19,4,23,69,33,78,27,0,1,51,53,0,80,1,1,2
11,43,1,"1,00","NA",0,"2",3,"4","1","1","4","2,00","OHEJP",10,10,20,16,6,22,69,33,75,29,0,1,51,52,0,80,1,1,2
11,44,1,"1,00","NA",0,"2",3,"4","1","1","4","2,00","OHEJP",10,10,20,13,8,21,69,33,72,31,0,1,51,52,0,80,1,1,2
11,45,1,"1,00","NA",0,"2",3,"4","1","1","4","2,00","OHEJP",10,10,20,7,12,19,69,33,66,35,0,1,51,51,0,80,1,1,2
11,46,1,"1,00","NA",0,"2",3,"4","1","1","4","2,00","OHEJP",10,10,20,4,14,18,69,33,63,37,0,1,51,50,0,80,1,1,2
11,47,1,"1,00","NA",0,"2",3,"4","1","1","4","2,00","OHEJP",10,10,20,1,16,17,69,33,60,39,0,1,51,50,0,80,1,1,2
12,21,1,"1,00","NA",0,"2",3,"1","1","6","4","2,00","OHEJP",10,10,20,22,2,24,69,58,81,50,0,0,64,66,0,80,6,1,2
12,22,1,"1,00","NA",0,"2",3,"1","1","6","4","2,00","OHEJP",10,10,20,19,4,23,69,58,78,52,0,0,64,65,0,80,6,1,2
12,23,1,"1,00","NA",0,"2",3,"1","1","6","4","2,00","OHEJP",10,10,20,16,6,22,69,58,75,54,0,0,64,65,0,80,6,1,2
12,24,1,"1,00","NA",1,"2",3,"1","1","6","4","2,00","OHEJP",10,10,20,13,8,21,69,58,72,56,0,0,64,64,0,80,6,1,2
12,25,1,"1,00","NA",1,"2",3,"1","1","6","4","2,00","OHEJP",10,10,20,7,12,19,69,58,66,60,0,0,64,63,0,80,6,1,2
12,26,1,"1,00","NA",0,"2",3,"1","1","6","4","2,00","OHEJP",10,10,20,4,14,18,69,58,63,62,0,0,64,63,0,80,6,1,2
12,27,1,"1,00","NA",0,"2",3,"1","1","6","4","2,00","OHEJP",10,10,20,1,16,17,69,58,60,64,0,0,64,62,0,80,6,1,2
12,31,1,"1,00","NA",0,"2",3,"1","1","6","4","2,00","OHEJP",10,10,20,22,2,24,69,43,81,35,1,0,56,58,0,80,6,1,2
12,32,1,"1,00","NA",0,"2",3,"1","1","6","4","2,00","OHEJP",10,10,20,19,4,23,69,43,78,37,1,0,56,58,0,80,6,1,2
12,33,1,"1,00","NA",0,"2",3,"1","1","6","4","2,00","OHEJP",10,10,20,16,6,22,69,43,75,39,1,0,56,57,0,80,6,1,2
12,34,1,"1,00","NA",0,"2",3,"1","1","6","4","2,00","OHEJP",10,10,20,13,8,21,69,43,72,41,1,0,56,57,0,80,6,1,2
12,35,1,"1,00","NA",0,"2",3,"1","1","6","4","2,00","OHEJP",10,10,20,7,12,19,69,43,66,45,1,0,56,56,0,80,6,1,2
12,36,1,"1,00","NA",1,"2",3,"1","1","6","4","2,00","OHEJP",10,10,20,4,14,18,69,43,63,47,1,0,56,55,0,80,6,1,2
12,37,1,"1,00","NA",1,"2",3,"1","1","6","4","2,00","OHEJP",10,10,20,1,16,17,69,43,60,49,1,0,56,55,0,80,6,1,2
12,41,1,"1,00","NA",0,"2",3,"1","1","6","4","2,00","OHEJP",10,10,20,22,2,24,69,33,81,25,0,1,51,53,0,80,6,1,2
12,42,1,"1,00","NA",0,"2",3,"1","1","6","4","2,00","OHEJP",10,10,20,19,4,23,69,33,78,27,0,1,51,53,0,80,6,1,2
12,43,1,"1,00","NA",0,"2",3,"1","1","6","4","2,00","OHEJP",10,10,20,16,6,22,69,33,75,29,0,1,51,52,0,80,6,1,2
12,44,1,"1,00","NA",0,"2",3,"1","1","6","4","2,00","OHEJP",10,10,20,13,8,21,69,33,72,31,0,1,51,52,0,80,6,1,2
12,45,1,"1,00","NA",0,"2",3,"1","1","6","4","2,00","OHEJP",10,10,20,7,12,19,69,33,66,35,0,1,51,51,0,80,6,1,2
12,46,1,"1,00","NA",1,"2",3,"1","1","6","4","2,00","OHEJP",10,10,20,4,14,18,69,33,63,37,0,1,51,50,0,80,6,1,2
12,47,1,"1,00","NA",1,"2",3,"1","1","6","4","2,00","OHEJP",10,10,20,1,16,17,69,33,60,39,0,1,51,50,0,80,6,1,2
13,21,1,"2,00","NA",0,"2",1,"6,8,9","1,7","8","4","1,00","OHEJP",10,10,20,22,2,24,69,58,81,50,0,0,64,66,0,70,8,2,1
13,22,1,"2,00","NA",0,"2",1,"6,8,9","1,7","8","4","1,00","OHEJP",10,10,20,19,4,23,69,58,78,52,0,0,64,65,0,70,8,2,1
13,23,1,"2,00","NA",0,"2",1,"6,8,9","1,7","8","4","1,00","OHEJP",10,10,20,16,6,22,69,58,75,54,0,0,64,65,0,70,8,2,1
13,24,1,"2,00","NA",0,"2",1,"6,8,9","1,7","8","4","1,00","OHEJP",10,10,20,13,8,21,69,58,72,56,0,0,64,64,0,70,8,2,1
13,25,1,"2,00","NA",1,"2",1,"6,8,9","1,7","8","4","1,00","OHEJP",10,10,20,7,12,19,69,58,66,60,0,0,64,63,0,70,8,2,1
13,26,1,"2,00","NA",1,"2",1,"6,8,9","1,7","8","4","1,00","OHEJP",10,10,20,4,14,18,69,58,63,62,0,0,64,63,0,70,8,2,1
13,27,1,"2,00","NA",0,"2",1,"6,8,9","1,7","8","4","1,00","OHEJP",10,10,20,1,16,17,69,58,60,64,0,0,64,62,0,70,8,2,1
13,31,1,"2,00","NA",0,"2",1,"6,8,9","1,7","8","4","1,00","OHEJP",10,10,20,22,2,24,69,43,81,35,1,0,56,58,0,70,8,2,1
13,32,1,"2,00","NA",0,"2",1,"6,8,9","1,7","8","4","1,00","OHEJP",10,10,20,19,4,23,69,43,78,37,1,0,56,58,0,70,8,2,1
13,33,1,"2,00","NA",0,"2",1,"6,8,9","1,7","8","4","1,00","OHEJP",10,10,20,16,6,22,69,43,75,39,1,0,56,57,0,70,8,2,1
13,34,1,"2,00","NA",0,"2",1,"6,8,9","1,7","8","4","1,00","OHEJP",10,10,20,13,8,21,69,43,72,41,1,0,56,57,0,70,8,2,1
13,35,1,"2,00","NA",0,"2",1,"6,8,9","1,7","8","4","1,00","OHEJP",10,10,20,7,12,19,69,43,66,45,1,0,56,56,0,70,8,2,1
13,36,1,"2,00","NA",1,"2",1,"6,8,9","1,7","8","4","1,00","OHEJP",10,10,20,4,14,18,69,43,63,47,1,0,56,55,0,70,8,2,1
13,37,1,"2,00","NA",1,"2",1,"6,8,9","1,7","8","4","1,00","OHEJP",10,10,20,1,16,17,69,43,60,49,1,0,56,55,0,70,8,2,1
13,41,1,"2,00","NA",0,"2",1,"6,8,9","1,7","8","4","1,00","OHEJP",10,10,20,22,2,24,69,33,81,25,0,1,51,53,0,70,8,2,1
13,42,1,"2,00","NA",0,"2",1,"6,8,9","1,7","8","4","1,00","OHEJP",10,10,20,19,4,23,69,33,78,27,0,1,51,53,0,70,8,2,1
13,43,1,"2,00","NA",0,"2",1,"6,8,9","1,7","8","4","1,00","OHEJP",10,10,20,16,6,22,69,33,75,29,0,1,51,52,0,70,8,2,1
13,44,1,"2,00","NA",0,"2",1,"6,8,9","1,7","8","4","1,00","OHEJP",10,10,20,13,8,21,69,33,72,31,0,1,51,52,0,70,8,2,1
13,45,1,"2,00","NA",1,"2",1,"6,8,9","1,7","8","4","1,00","OHEJP",10,10,20,7,12,19,69,33,66,35,0,1,51,51,0,70,8,2,1
13,46,1,"2,00","NA",1,"2",1,"6,8,9","1,7","8","4","1,00","OHEJP",10,10,20,4,14,18,69,33,63,37,0,1,51,50,0,70,8,2,1
13,47,1,"2,00","NA",1,"2",1,"6,8,9","1,7","8","4","1,00","OHEJP",10,10,20,1,16,17,69,33,60,39,0,1,51,50,0,70,8,2,1
14,21,1,"5,00","NA",1,"1",2,"5","4","10","5","1,00","OHEJP",10,10,20,22,2,24,69,58,81,50,0,0,64,66,1,95,10,5,1
14,22,1,"5,00","NA",1,"1",2,"5","4","10","5","1,00","OHEJP",10,10,20,19,4,23,69,58,78,52,0,0,64,65,1,95,10,5,1
14,23,1,"5,00","NA",1,"1",2,"5","4","10","5","1,00","OHEJP",10,10,20,16,6,22,69,58,75,54,0,0,64,65,1,95,10,5,1
14,24,1,"5,00","NA",1,"1",2,"5","4","10","5","1,00","OHEJP",10,10,20,13,8,21,69,58,72,56,0,0,64,64,1,95,10,5,1
14,25,1,"5,00","NA",0,"1",2,"5","4","10","5","1,00","OHEJP",10,10,20,7,12,19,69,58,66,60,0,0,64,63,1,95,10,5,1
14,26,1,"5,00","NA",0,"1",2,"5","4","10","5","1,00","OHEJP",10,10,20,4,14,18,69,58,63,62,0,0,64,63,1,95,10,5,1
14,27,1,"5,00","NA",0,"1",2,"5","4","10","5","1,00","OHEJP",10,10,20,1,16,17,69,58,60,64,0,0,64,62,1,95,10,5,1
14,31,1,"5,00","NA",1,"1",2,"5","4","10","5","1,00","OHEJP",10,10,20,22,2,24,69,43,81,35,1,0,56,58,1,95,10,5,1
14,32,1,"5,00","NA",1,"1",2,"5","4","10","5","1,00","OHEJP",10,10,20,19,4,23,69,43,78,37,1,0,56,58,1,95,10,5,1
14,33,1,"5,00","NA",1,"1",2,"5","4","10","5","1,00","OHEJP",10,10,20,16,6,22,69,43,75,39,1,0,56,57,1,95,10,5,1
14,34,1,"5,00","NA",1,"1",2,"5","4","10","5","1,00","OHEJP",10,10,20,13,8,21,69,43,72,41,1,0,56,57,1,95,10,5,1
14,35,1,"5,00","NA",0,"1",2,"5","4","10","5","1,00","OHEJP",10,10,20,7,12,19,69,43,66,45,1,0,56,56,1,95,10,5,1
14,36,1,"5,00","NA",0,"1",2,"5","4","10","5","1,00","OHEJP",10,10,20,4,14,18,69,43,63,47,1,0,56,55,1,95,10,5,1
14,37,1,"5,00","NA",0,"1",2,"5","4","10","5","1,00","OHEJP",10,10,20,1,16,17,69,43,60,49,1,0,56,55,1,95,10,5,1
14,41,1,"5,00","NA",1,"1",2,"5","4","10","5","1,00","OHEJP",10,10,20,22,2,24,69,33,81,25,0,1,51,53,1,95,10,5,1
14,42,1,"5,00","NA",1,"1",2,"5","4","10","5","1,00","OHEJP",10,10,20,19,4,23,69,33,78,27,0,1,51,53,1,95,10,5,1
14,43,1,"5,00","NA",1,"1",2,"5","4","10","5","1,00","OHEJP",10,10,20,16,6,22,69,33,75,29,0,1,51,52,1,95,10,5,1
14,44,1,"5,00","NA",1,"1",2,"5","4","10","5","1,00","OHEJP",10,10,20,13,8,21,69,33,72,31,0,1,51,52,1,95,10,5,1
14,45,1,"5,00","NA",0,"1",2,"5","4","10","5","1,00","OHEJP",10,10,20,7,12,19,69,33,66,35,0,1,51,51,1,95,10,5,1
14,46,1,"5,00","NA",0,"1",2,"5","4","10","5","1,00","OHEJP",10,10,20,4,14,18,69,33,63,37,0,1,51,50,1,95,10,5,1
14,47,1,"5,00","NA",0,"1",2,"5","4","10","5","1,00","OHEJP",10,10,20,1,16,17,69,33,60,39,0,1,51,50,1,95,10,5,1
15,21,1,"1,00","NA",1,"1",3,"6","7","1","4","4,00","OHEJP",10,10,20,22,2,24,69,58,81,50,0,0,64,66,1,100,1,1,4
15,22,1,"1,00","NA",0,"1",3,"6","7","1","4","4,00","OHEJP",10,10,20,19,4,23,69,58,78,52,0,0,64,65,1,100,1,1,4
15,23,1,"1,00","NA",1,"1",3,"6","7","1","4","4,00","OHEJP",10,10,20,16,6,22,69,58,75,54,0,0,64,65,1,100,1,1,4
15,24,1,"1,00","NA",0,"1",3,"6","7","1","4","4,00","OHEJP",10,10,20,13,8,21,69,58,72,56,0,0,64,64,1,100,1,1,4
15,25,1,"1,00","NA",1,"1",3,"6","7","1","4","4,00","OHEJP",10,10,20,7,12,19,69,58,66,60,0,0,64,63,1,100,1,1,4
15,26,1,"1,00","NA",1,"1",3,"6","7","1","4","4,00","OHEJP",10,10,20,4,14,18,69,58,63,62,0,0,64,63,1,100,1,1,4
15,27,1,"1,00","NA",1,"1",3,"6","7","1","4","4,00","OHEJP",10,10,20,1,16,17,69,58,60,64,0,0,64,62,1,100,1,1,4
15,31,1,"1,00","NA",0,"1",3,"6","7","1","4","4,00","OHEJP",10,10,20,22,2,24,69,43,81,35,1,0,56,58,1,100,1,1,4
15,32,1,"1,00","NA",0,"1",3,"6","7","1","4","4,00","OHEJP",10,10,20,19,4,23,69,43,78,37,1,0,56,58,1,100,1,1,4
15,33,1,"1,00","NA",0,"1",3,"6","7","1","4","4,00","OHEJP",10,10,20,16,6,22,69,43,75,39,1,0,56,57,1,100,1,1,4
15,34,1,"1,00","NA",0,"1",3,"6","7","1","4","4,00","OHEJP",10,10,20,13,8,21,69,43,72,41,1,0,56,57,1,100,1,1,4
15,35,1,"1,00","NA",1,"1",3,"6","7","1","4","4,00","OHEJP",10,10,20,7,12,19,69,43,66,45,1,0,56,56,1,100,1,1,4
15,36,1,"1,00","NA",1,"1",3,"6","7","1","4","4,00","OHEJP",10,10,20,4,14,18,69,43,63,47,1,0,56,55,1,100,1,1,4
15,37,1,"1,00","NA",1,"1",3,"6","7","1","4","4,00","OHEJP",10,10,20,1,16,17,69,43,60,49,1,0,56,55,1,100,1,1,4
15,41,1,"1,00","NA",0,"1",3,"6","7","1","4","4,00","OHEJP",10,10,20,22,2,24,69,33,81,25,0,1,51,53,1,100,1,1,4
15,42,1,"1,00","NA",0,"1",3,"6","7","1","4","4,00","OHEJP",10,10,20,19,4,23,69,33,78,27,0,1,51,53,1,100,1,1,4
15,43,1,"1,00","NA",0,"1",3,"6","7","1","4","4,00","OHEJP",10,10,20,16,6,22,69,33,75,29,0,1,51,52,1,100,1,1,4
15,44,1,"1,00","NA",0,"1",3,"6","7","1","4","4,00","OHEJP",10,10,20,13,8,21,69,33,72,31,0,1,51,52,1,100,1,1,4
15,45,1,"1,00","NA",1,"1",3,"6","7","1","4","4,00","OHEJP",10,10,20,7,12,19,69,33,66,35,0,1,51,51,1,100,1,1,4
15,46,1,"1,00","NA",1,"1",3,"6","7","1","4","4,00","OHEJP",10,10,20,4,14,18,69,33,63,37,0,1,51,50,1,100,1,1,4
15,47,1,"1,00","NA",1,"1",3,"6","7","1","4","4,00","OHEJP",10,10,20,1,16,17,69,33,60,39,0,1,51,50,1,100,1,1,4
16,21,1,"1,00","NA",0,"1",4,"6","4","9","5","2,00","OHEJP",10,10,20,22,2,24,69,58,81,50,0,0,64,66,1,98,9,1,2
16,22,1,"1,00","NA",0,"1",4,"6","4","9","5","2,00","OHEJP",10,10,20,19,4,23,69,58,78,52,0,0,64,65,1,98,9,1,2
16,23,1,"1,00","NA",0,"1",4,"6","4","9","5","2,00","OHEJP",10,10,20,16,6,22,69,58,75,54,0,0,64,65,1,98,9,1,2
16,24,1,"1,00","NA",0,"1",4,"6","4","9","5","2,00","OHEJP",10,10,20,13,8,21,69,58,72,56,0,0,64,64,1,98,9,1,2
16,25,1,"1,00","NA",1,"1",4,"6","4","9","5","2,00","OHEJP",10,10,20,7,12,19,69,58,66,60,0,0,64,63,1,98,9,1,2
16,26,1,"1,00","NA",1,"1",4,"6","4","9","5","2,00","OHEJP",10,10,20,4,14,18,69,58,63,62,0,0,64,63,1,98,9,1,2
16,27,1,"1,00","NA",1,"1",4,"6","4","9","5","2,00","OHEJP",10,10,20,1,16,17,69,58,60,64,0,0,64,62,1,98,9,1,2
16,31,1,"1,00","NA",0,"1",4,"6","4","9","5","2,00","OHEJP",10,10,20,22,2,24,69,43,81,35,1,0,56,58,1,98,9,1,2
16,32,1,"1,00","NA",0,"1",4,"6","4","9","5","2,00","OHEJP",10,10,20,19,4,23,69,43,78,37,1,0,56,58,1,98,9,1,2
16,33,1,"1,00","NA",0,"1",4,"6","4","9","5","2,00","OHEJP",10,10,20,16,6,22,69,43,75,39,1,0,56,57,1,98,9,1,2
16,34,1,"1,00","NA",0,"1",4,"6","4","9","5","2,00","OHEJP",10,10,20,13,8,21,69,43,72,41,1,0,56,57,1,98,9,1,2
16,35,1,"1,00","NA",1,"1",4,"6","4","9","5","2,00","OHEJP",10,10,20,7,12,19,69,43,66,45,1,0,56,56,1,98,9,1,2
16,36,1,"1,00","NA",1,"1",4,"6","4","9","5","2,00","OHEJP",10,10,20,4,14,18,69,43,63,47,1,0,56,55,1,98,9,1,2
16,37,1,"1,00","NA",1,"1",4,"6","4","9","5","2,00","OHEJP",10,10,20,1,16,17,69,43,60,49,1,0,56,55,1,98,9,1,2
16,41,1,"1,00","NA",0,"1",4,"6","4","9","5","2,00","OHEJP",10,10,20,22,2,24,69,33,81,25,0,1,51,53,1,98,9,1,2
16,42,1,"1,00","NA",0,"1",4,"6","4","9","5","2,00","OHEJP",10,10,20,19,4,23,69,33,78,27,0,1,51,53,1,98,9,1,2
16,43,1,"1,00","NA",0,"1",4,"6","4","9","5","2,00","OHEJP",10,10,20,16,6,22,69,33,75,29,0,1,51,52,1,98,9,1,2
16,44,1,"1,00","NA",0,"1",4,"6","4","9","5","2,00","OHEJP",10,10,20,13,8,21,69,33,72,31,0,1,51,52,1,98,9,1,2
16,45,1,"1,00","NA",1,"1",4,"6","4","9","5","2,00","OHEJP",10,10,20,7,12,19,69,33,66,35,0,1,51,51,1,98,9,1,2
16,46,1,"1,00","NA",1,"1",4,"6","4","9","5","2,00","OHEJP",10,10,20,4,14,18,69,33,63,37,0,1,51,50,1,98,9,1,2
16,47,1,"1,00","NA",1,"1",4,"6","4","9","5","2,00","OHEJP",10,10,20,1,16,17,69,33,60,39,0,1,51,50,1,98,9,1,2
17,21,1,"1,00","NA",0,"1",5,"6","7","30","5","3,00","OHEJP",10,10,20,22,2,24,69,58,81,50,0,0,64,66,1,80,30,1,3
17,22,1,"1,00","NA",0,"1",5,"6","7","30","5","3,00","OHEJP",10,10,20,19,4,23,69,58,78,52,0,0,64,65,1,80,30,1,3
17,23,1,"1,00","NA",0,"1",5,"6","7","30","5","3,00","OHEJP",10,10,20,16,6,22,69,58,75,54,0,0,64,65,1,80,30,1,3
17,24,1,"1,00","NA",0,"1",5,"6","7","30","5","3,00","OHEJP",10,10,20,13,8,21,69,58,72,56,0,0,64,64,1,80,30,1,3
17,25,1,"1,00","NA",0,"1",5,"6","7","30","5","3,00","OHEJP",10,10,20,7,12,19,69,58,66,60,0,0,64,63,1,80,30,1,3
17,26,1,"1,00","NA",0,"1",5,"6","7","30","5","3,00","OHEJP",10,10,20,4,14,18,69,58,63,62,0,0,64,63,1,80,30,1,3
17,27,1,"1,00","NA",0,"1",5,"6","7","30","5","3,00","OHEJP",10,10,20,1,16,17,69,58,60,64,0,0,64,62,1,80,30,1,3
17,31,1,"1,00","NA",0,"1",5,"6","7","30","5","3,00","OHEJP",10,10,20,22,2,24,69,43,81,35,1,0,56,58,1,80,30,1,3
17,32,1,"1,00","NA",0,"1",5,"6","7","30","5","3,00","OHEJP",10,10,20,19,4,23,69,43,78,37,1,0,56,58,1,80,30,1,3
17,33,1,"1,00","NA",0,"1",5,"6","7","30","5","3,00","OHEJP",10,10,20,16,6,22,69,43,75,39,1,0,56,57,1,80,30,1,3
17,34,1,"1,00","NA",0,"1",5,"6","7","30","5","3,00","OHEJP",10,10,20,13,8,21,69,43,72,41,1,0,56,57,1,80,30,1,3
17,35,1,"1,00","NA",0,"1",5,"6","7","30","5","3,00","OHEJP",10,10,20,7,12,19,69,43,66,45,1,0,56,56,1,80,30,1,3
17,36,1,"1,00","NA",0,"1",5,"6","7","30","5","3,00","OHEJP",10,10,20,4,14,18,69,43,63,47,1,0,56,55,1,80,30,1,3
17,37,1,"1,00","NA",0,"1",5,"6","7","30","5","3,00","OHEJP",10,10,20,1,16,17,69,43,60,49,1,0,56,55,1,80,30,1,3
17,41,1,"1,00","NA",0,"1",5,"6","7","30","5","3,00","OHEJP",10,10,20,22,2,24,69,33,81,25,0,1,51,53,1,80,30,1,3
17,42,1,"1,00","NA",0,"1",5,"6","7","30","5","3,00","OHEJP",10,10,20,19,4,23,69,33,78,27,0,1,51,53,1,80,30,1,3
17,43,1,"1,00","NA",0,"1",5,"6","7","30","5","3,00","OHEJP",10,10,20,16,6,22,69,33,75,29,0,1,51,52,1,80,30,1,3
17,44,1,"1,00","NA",0,"1",5,"6","7","30","5","3,00","OHEJP",10,10,20,13,8,21,69,33,72,31,0,1,51,52,1,80,30,1,3
17,45,1,"1,00","NA",0,"1",5,"6","7","30","5","3,00","OHEJP",10,10,20,7,12,19,69,33,66,35,0,1,51,51,1,80,30,1,3
17,46,1,"1,00","NA",0,"1",5,"6","7","30","5","3,00","OHEJP",10,10,20,4,14,18,69,33,63,37,0,1,51,50,1,80,30,1,3
17,47,1,"1,00","NA",0,"1",5,"6","7","30","5","3,00","OHEJP",10,10,20,1,16,17,69,33,60,39,0,1,51,50,1,80,30,1,3
18,21,1,"2,00","NA",0,"1",3,"8","7","2","4","4,00","OHEJP",10,10,20,22,2,24,69,58,81,50,0,0,64,66,1,90,2,2,4
18,22,1,"2,00","NA",0,"1",3,"8","7","2","4","4,00","OHEJP",10,10,20,19,4,23,69,58,78,52,0,0,64,65,1,90,2,2,4
18,23,1,"2,00","NA",0,"1",3,"8","7","2","4","4,00","OHEJP",10,10,20,16,6,22,69,58,75,54,0,0,64,65,1,90,2,2,4
18,24,1,"2,00","NA",0,"1",3,"8","7","2","4","4,00","OHEJP",10,10,20,13,8,21,69,58,72,56,0,0,64,64,1,90,2,2,4
18,25,1,"2,00","NA",1,"1",3,"8","7","2","4","4,00","OHEJP",10,10,20,7,12,19,69,58,66,60,0,0,64,63,1,90,2,2,4
18,26,1,"2,00","NA",1,"1",3,"8","7","2","4","4,00","OHEJP",10,10,20,4,14,18,69,58,63,62,0,0,64,63,1,90,2,2,4
18,27,1,"2,00","NA",0,"1",3,"8","7","2","4","4,00","OHEJP",10,10,20,1,16,17,69,58,60,64,0,0,64,62,1,90,2,2,4
18,31,1,"2,00","NA",0,"1",3,"8","7","2","4","4,00","OHEJP",10,10,20,22,2,24,69,43,81,35,1,0,56,58,1,90,2,2,4
18,32,1,"2,00","NA",0,"1",3,"8","7","2","4","4,00","OHEJP",10,10,20,19,4,23,69,43,78,37,1,0,56,58,1,90,2,2,4
18,33,1,"2,00","NA",0,"1",3,"8","7","2","4","4,00","OHEJP",10,10,20,16,6,22,69,43,75,39,1,0,56,57,1,90,2,2,4
18,34,1,"2,00","NA",0,"1",3,"8","7","2","4","4,00","OHEJP",10,10,20,13,8,21,69,43,72,41,1,0,56,57,1,90,2,2,4
18,35,1,"2,00","NA",1,"1",3,"8","7","2","4","4,00","OHEJP",10,10,20,7,12,19,69,43,66,45,1,0,56,56,1,90,2,2,4
18,36,1,"2,00","NA",1,"1",3,"8","7","2","4","4,00","OHEJP",10,10,20,4,14,18,69,43,63,47,1,0,56,55,1,90,2,2,4
18,37,1,"2,00","NA",1,"1",3,"8","7","2","4","4,00","OHEJP",10,10,20,1,16,17,69,43,60,49,1,0,56,55,1,90,2,2,4
18,41,1,"2,00","NA",0,"1",3,"8","7","2","4","4,00","OHEJP",10,10,20,22,2,24,69,33,81,25,0,1,51,53,1,90,2,2,4
18,42,1,"2,00","NA",0,"1",3,"8","7","2","4","4,00","OHEJP",10,10,20,19,4,23,69,33,78,27,0,1,51,53,1,90,2,2,4
18,43,1,"2,00","NA",0,"1",3,"8","7","2","4","4,00","OHEJP",10,10,20,16,6,22,69,33,75,29,0,1,51,52,1,90,2,2,4
18,44,1,"2,00","NA",0,"1",3,"8","7","2","4","4,00","OHEJP",10,10,20,13,8,21,69,33,72,31,0,1,51,52,1,90,2,2,4
18,45,1,"2,00","NA",1,"1",3,"8","7","2","4","4,00","OHEJP",10,10,20,7,12,19,69,33,66,35,0,1,51,51,1,90,2,2,4
18,46,1,"2,00","NA",1,"1",3,"8","7","2","4","4,00","OHEJP",10,10,20,4,14,18,69,33,63,37,0,1,51,50,1,90,2,2,4
18,47,1,"2,00","NA",1,"1",3,"8","7","2","4","4,00","OHEJP",10,10,20,1,16,17,69,33,60,39,0,1,51,50,1,90,2,2,4
19,21,1,"1,00","NA",0,"PNS",5,"4","4","18","4","3,00","OHEJP",10,10,20,22,2,24,69,58,81,50,0,0,64,66,0,80,18,1,3
19,22,1,"1,00","NA",0,"PNS",5,"4","4","18","4","3,00","OHEJP",10,10,20,19,4,23,69,58,78,52,0,0,64,65,0,80,18,1,3
19,23,1,"1,00","NA",0,"PNS",5,"4","4","18","4","3,00","OHEJP",10,10,20,16,6,22,69,58,75,54,0,0,64,65,0,80,18,1,3
19,24,1,"1,00","NA",0,"PNS",5,"4","4","18","4","3,00","OHEJP",10,10,20,13,8,21,69,58,72,56,0,0,64,64,0,80,18,1,3
19,25,1,"1,00","NA",1,"PNS",5,"4","4","18","4","3,00","OHEJP",10,10,20,7,12,19,69,58,66,60,0,0,64,63,0,80,18,1,3
19,26,1,"1,00","NA",1,"PNS",5,"4","4","18","4","3,00","OHEJP",10,10,20,4,14,18,69,58,63,62,0,0,64,63,0,80,18,1,3
19,27,1,"1,00","NA",1,"PNS",5,"4","4","18","4","3,00","OHEJP",10,10,20,1,16,17,69,58,60,64,0,0,64,62,0,80,18,1,3
19,31,1,"1,00","NA",0,"PNS",5,"4","4","18","4","3,00","OHEJP",10,10,20,22,2,24,69,43,81,35,1,0,56,58,0,80,18,1,3
19,32,1,"1,00","NA",0,"PNS",5,"4","4","18","4","3,00","OHEJP",10,10,20,19,4,23,69,43,78,37,1,0,56,58,0,80,18,1,3
19,33,1,"1,00","NA",0,"PNS",5,"4","4","18","4","3,00","OHEJP",10,10,20,16,6,22,69,43,75,39,1,0,56,57,0,80,18,1,3
19,34,1,"1,00","NA",0,"PNS",5,"4","4","18","4","3,00","OHEJP",10,10,20,13,8,21,69,43,72,41,1,0,56,57,0,80,18,1,3
19,35,1,"1,00","NA",1,"PNS",5,"4","4","18","4","3,00","OHEJP",10,10,20,7,12,19,69,43,66,45,1,0,56,56,0,80,18,1,3
19,36,1,"1,00","NA",1,"PNS",5,"4","4","18","4","3,00","OHEJP",10,10,20,4,14,18,69,43,63,47,1,0,56,55,0,80,18,1,3
19,37,1,"1,00","NA",1,"PNS",5,"4","4","18","4","3,00","OHEJP",10,10,20,1,16,17,69,43,60,49,1,0,56,55,0,80,18,1,3
19,41,1,"1,00","NA",0,"PNS",5,"4","4","18","4","3,00","OHEJP",10,10,20,22,2,24,69,33,81,25,0,1,51,53,0,80,18,1,3
19,42,1,"1,00","NA",0,"PNS",5,"4","4","18","4","3,00","OHEJP",10,10,20,19,4,23,69,33,78,27,0,1,51,53,0,80,18,1,3
19,43,1,"1,00","NA",0,"PNS",5,"4","4","18","4","3,00","OHEJP",10,10,20,16,6,22,69,33,75,29,0,1,51,52,0,80,18,1,3
19,44,1,"1,00","NA",0,"PNS",5,"4","4","18","4","3,00","OHEJP",10,10,20,13,8,21,69,33,72,31,0,1,51,52,0,80,18,1,3
19,45,1,"1,00","NA",1,"PNS",5,"4","4","18","4","3,00","OHEJP",10,10,20,7,12,19,69,33,66,35,0,1,51,51,0,80,18,1,3
19,46,1,"1,00","NA",1,"PNS",5,"4","4","18","4","3,00","OHEJP",10,10,20,4,14,18,69,33,63,37,0,1,51,50,0,80,18,1,3
19,47,1,"1,00","NA",1,"PNS",5,"4","4","18","4","3,00","OHEJP",10,10,20,1,16,17,69,33,60,39,0,1,51,50,0,80,18,1,3
20,21,1,"2,00","NA",0,"2",7,"4","4,7","5","4","2,00","OHEJP",10,10,20,22,2,24,69,58,81,50,0,0,64,66,0,95,5,2,2
20,22,1,"2,00","NA",0,"2",7,"4","4,7","5","4","2,00","OHEJP",10,10,20,19,4,23,69,58,78,52,0,0,64,65,0,95,5,2,2
20,23,1,"2,00","NA",0,"2",7,"4","4,7","5","4","2,00","OHEJP",10,10,20,16,6,22,69,58,75,54,0,0,64,65,0,95,5,2,2
20,24,1,"2,00","NA",0,"2",7,"4","4,7","5","4","2,00","OHEJP",10,10,20,13,8,21,69,58,72,56,0,0,64,64,0,95,5,2,2
20,25,1,"2,00","NA",1,"2",7,"4","4,7","5","4","2,00","OHEJP",10,10,20,7,12,19,69,58,66,60,0,0,64,63,0,95,5,2,2
20,26,1,"2,00","NA",1,"2",7,"4","4,7","5","4","2,00","OHEJP",10,10,20,4,14,18,69,58,63,62,0,0,64,63,0,95,5,2,2
20,27,1,"2,00","NA",0,"2",7,"4","4,7","5","4","2,00","OHEJP",10,10,20,1,16,17,69,58,60,64,0,0,64,62,0,95,5,2,2
20,31,1,"2,00","NA",0,"2",7,"4","4,7","5","4","2,00","OHEJP",10,10,20,22,2,24,69,43,81,35,1,0,56,58,0,95,5,2,2
20,32,1,"2,00","NA",0,"2",7,"4","4,7","5","4","2,00","OHEJP",10,10,20,19,4,23,69,43,78,37,1,0,56,58,0,95,5,2,2
20,33,1,"2,00","NA",0,"2",7,"4","4,7","5","4","2,00","OHEJP",10,10,20,16,6,22,69,43,75,39,1,0,56,57,0,95,5,2,2
20,34,1,"2,00","NA",0,"2",7,"4","4,7","5","4","2,00","OHEJP",10,10,20,13,8,21,69,43,72,41,1,0,56,57,0,95,5,2,2
20,35,1,"2,00","NA",1,"2",7,"4","4,7","5","4","2,00","OHEJP",10,10,20,7,12,19,69,43,66,45,1,0,56,56,0,95,5,2,2
20,36,1,"2,00","NA",1,"2",7,"4","4,7","5","4","2,00","OHEJP",10,10,20,4,14,18,69,43,63,47,1,0,56,55,0,95,5,2,2
20,37,1,"2,00","NA",1,"2",7,"4","4,7","5","4","2,00","OHEJP",10,10,20,1,16,17,69,43,60,49,1,0,56,55,0,95,5,2,2
20,41,1,"2,00","NA",0,"2",7,"4","4,7","5","4","2,00","OHEJP",10,10,20,22,2,24,69,33,81,25,0,1,51,53,0,95,5,2,2
20,42,1,"2,00","NA",0,"2",7,"4","4,7","5","4","2,00","OHEJP",10,10,20,19,4,23,69,33,78,27,0,1,51,53,0,95,5,2,2
20,43,1,"2,00","NA",0,"2",7,"4","4,7","5","4","2,00","OHEJP",10,10,20,16,6,22,69,33,75,29,0,1,51,52,0,95,5,2,2
20,44,1,"2,00","NA",0,"2",7,"4","4,7","5","4","2,00","OHEJP",10,10,20,13,8,21,69,33,72,31,0,1,51,52,0,95,5,2,2
20,45,1,"2,00","NA",1,"2",7,"4","4,7","5","4","2,00","OHEJP",10,10,20,7,12,19,69,33,66,35,0,1,51,51,0,95,5,2,2
20,46,1,"2,00","NA",1,"2",7,"4","4,7","5","4","2,00","OHEJP",10,10,20,4,14,18,69,33,63,37,0,1,51,50,0,95,5,2,2
20,47,1,"2,00","NA",1,"2",7,"4","4,7","5","4","2,00","OHEJP",10,10,20,1,16,17,69,33,60,39,0,1,51,50,0,95,5,2,2
21,21,1,"4,00","NA",0,"1",8,"6","4,7","2","4","5,00","OHEJP",10,10,20,22,2,24,69,58,81,50,0,0,64,66,1,90,2,4,5
21,22,1,"4,00","NA",0,"1",8,"6","4,7","2","4","5,00","OHEJP",10,10,20,19,4,23,69,58,78,52,0,0,64,65,1,90,2,4,5
21,23,1,"4,00","NA",0,"1",8,"6","4,7","2","4","5,00","OHEJP",10,10,20,16,6,22,69,58,75,54,0,0,64,65,1,90,2,4,5
21,24,1,"4,00","NA",0,"1",8,"6","4,7","2","4","5,00","OHEJP",10,10,20,13,8,21,69,58,72,56,0,0,64,64,1,90,2,4,5
21,25,1,"4,00","NA",0,"1",8,"6","4,7","2","4","5,00","OHEJP",10,10,20,7,12,19,69,58,66,60,0,0,64,63,1,90,2,4,5
21,26,1,"4,00","NA",0,"1",8,"6","4,7","2","4","5,00","OHEJP",10,10,20,4,14,18,69,58,63,62,0,0,64,63,1,90,2,4,5
21,27,1,"4,00","NA",0,"1",8,"6","4,7","2","4","5,00","OHEJP",10,10,20,1,16,17,69,58,60,64,0,0,64,62,1,90,2,4,5
21,31,1,"4,00","NA",0,"1",8,"6","4,7","2","4","5,00","OHEJP",10,10,20,22,2,24,69,43,81,35,1,0,56,58,1,90,2,4,5
21,32,1,"4,00","NA",0,"1",8,"6","4,7","2","4","5,00","OHEJP",10,10,20,19,4,23,69,43,78,37,1,0,56,58,1,90,2,4,5
21,33,1,"4,00","NA",0,"1",8,"6","4,7","2","4","5,00","OHEJP",10,10,20,16,6,22,69,43,75,39,1,0,56,57,1,90,2,4,5
21,34,1,"4,00","NA",0,"1",8,"6","4,7","2","4","5,00","OHEJP",10,10,20,13,8,21,69,43,72,41,1,0,56,57,1,90,2,4,5
21,35,1,"4,00","NA",1,"1",8,"6","4,7","2","4","5,00","OHEJP",10,10,20,7,12,19,69,43,66,45,1,0,56,56,1,90,2,4,5
21,36,1,"4,00","NA",0,"1",8,"6","4,7","2","4","5,00","OHEJP",10,10,20,4,14,18,69,43,63,47,1,0,56,55,1,90,2,4,5
21,37,1,"4,00","NA",0,"1",8,"6","4,7","2","4","5,00","OHEJP",10,10,20,1,16,17,69,43,60,49,1,0,56,55,1,90,2,4,5
21,41,1,"4,00","NA",0,"1",8,"6","4,7","2","4","5,00","OHEJP",10,10,20,22,2,24,69,33,81,25,0,1,51,53,1,90,2,4,5
21,42,1,"4,00","NA",0,"1",8,"6","4,7","2","4","5,00","OHEJP",10,10,20,19,4,23,69,33,78,27,0,1,51,53,1,90,2,4,5
21,43,1,"4,00","NA",0,"1",8,"6","4,7","2","4","5,00","OHEJP",10,10,20,16,6,22,69,33,75,29,0,1,51,52,1,90,2,4,5
21,44,1,"4,00","NA",0,"1",8,"6","4,7","2","4","5,00","OHEJP",10,10,20,13,8,21,69,33,72,31,0,1,51,52,1,90,2,4,5
21,45,1,"4,00","NA",1,"1",8,"6","4,7","2","4","5,00","OHEJP",10,10,20,7,12,19,69,33,66,35,0,1,51,51,1,90,2,4,5
21,46,1,"4,00","NA",1,"1",8,"6","4,7","2","4","5,00","OHEJP",10,10,20,4,14,18,69,33,63,37,0,1,51,50,1,90,2,4,5
21,47,1,"4,00","NA",0,"1",8,"6","4,7","2","4","5,00","OHEJP",10,10,20,1,16,17,69,33,60,39,0,1,51,50,1,90,2,4,5
22,21,1,"2,00","NA",0,"1",5,"4","4","8","4","1,00","OHEJP",10,10,20,22,2,24,69,58,81,50,0,0,64,66,1,80,8,2,1
22,22,1,"2,00","NA",0,"1",5,"4","4","8","4","1,00","OHEJP",10,10,20,19,4,23,69,58,78,52,0,0,64,65,1,80,8,2,1
22,23,1,"2,00","NA",0,"1",5,"4","4","8","4","1,00","OHEJP",10,10,20,16,6,22,69,58,75,54,0,0,64,65,1,80,8,2,1
22,24,1,"2,00","NA",0,"1",5,"4","4","8","4","1,00","OHEJP",10,10,20,13,8,21,69,58,72,56,0,0,64,64,1,80,8,2,1
22,25,1,"2,00","NA",1,"1",5,"4","4","8","4","1,00","OHEJP",10,10,20,7,12,19,69,58,66,60,0,0,64,63,1,80,8,2,1
22,26,1,"2,00","NA",1,"1",5,"4","4","8","4","1,00","OHEJP",10,10,20,4,14,18,69,58,63,62,0,0,64,63,1,80,8,2,1
22,27,1,"2,00","NA",0,"1",5,"4","4","8","4","1,00","OHEJP",10,10,20,1,16,17,69,58,60,64,0,0,64,62,1,80,8,2,1
22,31,1,"2,00","NA",0,"1",5,"4","4","8","4","1,00","OHEJP",10,10,20,22,2,24,69,43,81,35,1,0,56,58,1,80,8,2,1
22,32,1,"2,00","NA",0,"1",5,"4","4","8","4","1,00","OHEJP",10,10,20,19,4,23,69,43,78,37,1,0,56,58,1,80,8,2,1
22,33,1,"2,00","NA",0,"1",5,"4","4","8","4","1,00","OHEJP",10,10,20,16,6,22,69,43,75,39,1,0,56,57,1,80,8,2,1
22,34,1,"2,00","NA",0,"1",5,"4","4","8","4","1,00","OHEJP",10,10,20,13,8,21,69,43,72,41,1,0,56,57,1,80,8,2,1
22,35,1,"2,00","NA",1,"1",5,"4","4","8","4","1,00","OHEJP",10,10,20,7,12,19,69,43,66,45,1,0,56,56,1,80,8,2,1
22,36,1,"2,00","NA",1,"1",5,"4","4","8","4","1,00","OHEJP",10,10,20,4,14,18,69,43,63,47,1,0,56,55,1,80,8,2,1
22,37,1,"2,00","NA",1,"1",5,"4","4","8","4","1,00","OHEJP",10,10,20,1,16,17,69,43,60,49,1,0,56,55,1,80,8,2,1
22,41,1,"2,00","NA",0,"1",5,"4","4","8","4","1,00","OHEJP",10,10,20,22,2,24,69,33,81,25,0,1,51,53,1,80,8,2,1
22,42,1,"2,00","NA",0,"1",5,"4","4","8","4","1,00","OHEJP",10,10,20,19,4,23,69,33,78,27,0,1,51,53,1,80,8,2,1
22,43,1,"2,00","NA",0,"1",5,"4","4","8","4","1,00","OHEJP",10,10,20,16,6,22,69,33,75,29,0,1,51,52,1,80,8,2,1
22,44,1,"2,00","NA",0,"1",5,"4","4","8","4","1,00","OHEJP",10,10,20,13,8,21,69,33,72,31,0,1,51,52,1,80,8,2,1
22,45,1,"2,00","NA",1,"1",5,"4","4","8","4","1,00","OHEJP",10,10,20,7,12,19,69,33,66,35,0,1,51,51,1,80,8,2,1
22,46,1,"2,00","NA",1,"1",5,"4","4","8","4","1,00","OHEJP",10,10,20,4,14,18,69,33,63,37,0,1,51,50,1,80,8,2,1
22,47,1,"2,00","NA",1,"1",5,"4","4","8","4","1,00","OHEJP",10,10,20,1,16,17,69,33,60,39,0,1,51,50,1,80,8,2,1
23,21,1,"2,00","NA",0,"1",7,"10","4,9","20","4","2,00","OHEJP",10,10,20,22,2,24,69,58,81,50,0,0,64,66,1,50,20,2,2
23,22,1,"2,00","NA",0,"1",7,"10","4,9","20","4","2,00","OHEJP",10,10,20,19,4,23,69,58,78,52,0,0,64,65,1,50,20,2,2
23,23,1,"2,00","NA",0,"1",7,"10","4,9","20","4","2,00","OHEJP",10,10,20,16,6,22,69,58,75,54,0,0,64,65,1,50,20,2,2
23,24,1,"2,00","NA",0,"1",7,"10","4,9","20","4","2,00","OHEJP",10,10,20,13,8,21,69,58,72,56,0,0,64,64,1,50,20,2,2
23,25,1,"2,00","NA",1,"1",7,"10","4,9","20","4","2,00","OHEJP",10,10,20,7,12,19,69,58,66,60,0,0,64,63,1,50,20,2,2
23,26,1,"2,00","NA",1,"1",7,"10","4,9","20","4","2,00","OHEJP",10,10,20,4,14,18,69,58,63,62,0,0,64,63,1,50,20,2,2
23,27,1,"2,00","NA",1,"1",7,"10","4,9","20","4","2,00","OHEJP",10,10,20,1,16,17,69,58,60,64,0,0,64,62,1,50,20,2,2
23,31,1,"2,00","NA",0,"1",7,"10","4,9","20","4","2,00","OHEJP",10,10,20,22,2,24,69,43,81,35,1,0,56,58,1,50,20,2,2
23,32,1,"2,00","NA",0,"1",7,"10","4,9","20","4","2,00","OHEJP",10,10,20,19,4,23,69,43,78,37,1,0,56,58,1,50,20,2,2
23,33,1,"2,00","NA",0,"1",7,"10","4,9","20","4","2,00","OHEJP",10,10,20,16,6,22,69,43,75,39,1,0,56,57,1,50,20,2,2
23,34,1,"2,00","NA",0,"1",7,"10","4,9","20","4","2,00","OHEJP",10,10,20,13,8,21,69,43,72,41,1,0,56,57,1,50,20,2,2
23,35,1,"2,00","NA",1,"1",7,"10","4,9","20","4","2,00","OHEJP",10,10,20,7,12,19,69,43,66,45,1,0,56,56,1,50,20,2,2
23,36,1,"2,00","NA",0,"1",7,"10","4,9","20","4","2,00","OHEJP",10,10,20,4,14,18,69,43,63,47,1,0,56,55,1,50,20,2,2
23,37,1,"2,00","NA",0,"1",7,"10","4,9","20","4","2,00","OHEJP",10,10,20,1,16,17,69,43,60,49,1,0,56,55,1,50,20,2,2
23,41,1,"2,00","NA",0,"1",7,"10","4,9","20","4","2,00","OHEJP",10,10,20,22,2,24,69,33,81,25,0,1,51,53,1,50,20,2,2
23,42,1,"2,00","NA",0,"1",7,"10","4,9","20","4","2,00","OHEJP",10,10,20,19,4,23,69,33,78,27,0,1,51,53,1,50,20,2,2
23,43,1,"2,00","NA",0,"1",7,"10","4,9","20","4","2,00","OHEJP",10,10,20,16,6,22,69,33,75,29,0,1,51,52,1,50,20,2,2
23,44,1,"2,00","NA",0,"1",7,"10","4,9","20","4","2,00","OHEJP",10,10,20,13,8,21,69,33,72,31,0,1,51,52,1,50,20,2,2
23,45,1,"2,00","NA",1,"1",7,"10","4,9","20","4","2,00","OHEJP",10,10,20,7,12,19,69,33,66,35,0,1,51,51,1,50,20,2,2
23,46,1,"2,00","NA",0,"1",7,"10","4,9","20","4","2,00","OHEJP",10,10,20,4,14,18,69,33,63,37,0,1,51,50,1,50,20,2,2
23,47,1,"2,00","NA",0,"1",7,"10","4,9","20","4","2,00","OHEJP",10,10,20,1,16,17,69,33,60,39,0,1,51,50,1,50,20,2,2
24,21,1,"2,00","NA",0,"1",4,"1","7","10","4","4,00","OHEJP",10,10,20,22,2,24,69,58,81,50,0,0,64,66,1,80,10,2,4
24,22,1,"2,00","NA",0,"1",4,"1","7","10","4","4,00","OHEJP",10,10,20,19,4,23,69,58,78,52,0,0,64,65,1,80,10,2,4
24,23,1,"2,00","NA",0,"1",4,"1","7","10","4","4,00","OHEJP",10,10,20,16,6,22,69,58,75,54,0,0,64,65,1,80,10,2,4
24,24,1,"2,00","NA",0,"1",4,"1","7","10","4","4,00","OHEJP",10,10,20,13,8,21,69,58,72,56,0,0,64,64,1,80,10,2,4
24,25,1,"2,00","NA",0,"1",4,"1","7","10","4","4,00","OHEJP",10,10,20,7,12,19,69,58,66,60,0,0,64,63,1,80,10,2,4
24,26,1,"2,00","NA",0,"1",4,"1","7","10","4","4,00","OHEJP",10,10,20,4,14,18,69,58,63,62,0,0,64,63,1,80,10,2,4
24,27,1,"2,00","NA",0,"1",4,"1","7","10","4","4,00","OHEJP",10,10,20,1,16,17,69,58,60,64,0,0,64,62,1,80,10,2,4
24,31,1,"2,00","NA",0,"1",4,"1","7","10","4","4,00","OHEJP",10,10,20,22,2,24,69,43,81,35,1,0,56,58,1,80,10,2,4
24,32,1,"2,00","NA",0,"1",4,"1","7","10","4","4,00","OHEJP",10,10,20,19,4,23,69,43,78,37,1,0,56,58,1,80,10,2,4
24,33,1,"2,00","NA",0,"1",4,"1","7","10","4","4,00","OHEJP",10,10,20,16,6,22,69,43,75,39,1,0,56,57,1,80,10,2,4
24,34,1,"2,00","NA",0,"1",4,"1","7","10","4","4,00","OHEJP",10,10,20,13,8,21,69,43,72,41,1,0,56,57,1,80,10,2,4
24,35,1,"2,00","NA",0,"1",4,"1","7","10","4","4,00","OHEJP",10,10,20,7,12,19,69,43,66,45,1,0,56,56,1,80,10,2,4
24,36,1,"2,00","NA",1,"1",4,"1","7","10","4","4,00","OHEJP",10,10,20,4,14,18,69,43,63,47,1,0,56,55,1,80,10,2,4
24,37,1,"2,00","NA",1,"1",4,"1","7","10","4","4,00","OHEJP",10,10,20,1,16,17,69,43,60,49,1,0,56,55,1,80,10,2,4
24,41,1,"2,00","NA",0,"1",4,"1","7","10","4","4,00","OHEJP",10,10,20,22,2,24,69,33,81,25,0,1,51,53,1,80,10,2,4
24,42,1,"2,00","NA",0,"1",4,"1","7","10","4","4,00","OHEJP",10,10,20,19,4,23,69,33,78,27,0,1,51,53,1,80,10,2,4
24,43,1,"2,00","NA",0,"1",4,"1","7","10","4","4,00","OHEJP",10,10,20,16,6,22,69,33,75,29,0,1,51,52,1,80,10,2,4
24,44,1,"2,00","NA",0,"1",4,"1","7","10","4","4,00","OHEJP",10,10,20,13,8,21,69,33,72,31,0,1,51,52,1,80,10,2,4
24,45,1,"2,00","NA",1,"1",4,"1","7","10","4","4,00","OHEJP",10,10,20,7,12,19,69,33,66,35,0,1,51,51,1,80,10,2,4
24,46,1,"2,00","NA",1,"1",4,"1","7","10","4","4,00","OHEJP",10,10,20,4,14,18,69,33,63,37,0,1,51,50,1,80,10,2,4
24,47,1,"2,00","NA",1,"1",4,"1","7","10","4","4,00","OHEJP",10,10,20,1,16,17,69,33,60,39,0,1,51,50,1,80,10,2,4
25,21,1,"2,00","NA",0,"1",3,"4","7","1","4","2,00","OHEJP",10,10,20,22,2,24,69,58,81,50,0,0,64,66,1,80,1,2,2
25,22,1,"2,00","NA",0,"1",3,"4","7","1","4","2,00","OHEJP",10,10,20,19,4,23,69,58,78,52,0,0,64,65,1,80,1,2,2
25,23,1,"2,00","NA",0,"1",3,"4","7","1","4","2,00","OHEJP",10,10,20,16,6,22,69,58,75,54,0,0,64,65,1,80,1,2,2
25,24,1,"2,00","NA",0,"1",3,"4","7","1","4","2,00","OHEJP",10,10,20,13,8,21,69,58,72,56,0,0,64,64,1,80,1,2,2
25,25,1,"2,00","NA",1,"1",3,"4","7","1","4","2,00","OHEJP",10,10,20,7,12,19,69,58,66,60,0,0,64,63,1,80,1,2,2
25,26,1,"2,00","NA",1,"1",3,"4","7","1","4","2,00","OHEJP",10,10,20,4,14,18,69,58,63,62,0,0,64,63,1,80,1,2,2
25,27,1,"2,00","NA",1,"1",3,"4","7","1","4","2,00","OHEJP",10,10,20,1,16,17,69,58,60,64,0,0,64,62,1,80,1,2,2
25,31,1,"2,00","NA",0,"1",3,"4","7","1","4","2,00","OHEJP",10,10,20,22,2,24,69,43,81,35,1,0,56,58,1,80,1,2,2
25,32,1,"2,00","NA",0,"1",3,"4","7","1","4","2,00","OHEJP",10,10,20,19,4,23,69,43,78,37,1,0,56,58,1,80,1,2,2
25,33,1,"2,00","NA",0,"1",3,"4","7","1","4","2,00","OHEJP",10,10,20,16,6,22,69,43,75,39,1,0,56,57,1,80,1,2,2
25,34,1,"2,00","NA",0,"1",3,"4","7","1","4","2,00","OHEJP",10,10,20,13,8,21,69,43,72,41,1,0,56,57,1,80,1,2,2
25,35,1,"2,00","NA",1,"1",3,"4","7","1","4","2,00","OHEJP",10,10,20,7,12,19,69,43,66,45,1,0,56,56,1,80,1,2,2
25,36,1,"2,00","NA",1,"1",3,"4","7","1","4","2,00","OHEJP",10,10,20,4,14,18,69,43,63,47,1,0,56,55,1,80,1,2,2
25,37,1,"2,00","NA",1,"1",3,"4","7","1","4","2,00","OHEJP",10,10,20,1,16,17,69,43,60,49,1,0,56,55,1,80,1,2,2
25,41,1,"2,00","NA",0,"1",3,"4","7","1","4","2,00","OHEJP",10,10,20,22,2,24,69,33,81,25,0,1,51,53,1,80,1,2,2
25,42,1,"2,00","NA",0,"1",3,"4","7","1","4","2,00","OHEJP",10,10,20,19,4,23,69,33,78,27,0,1,51,53,1,80,1,2,2
25,43,1,"2,00","NA",0,"1",3,"4","7","1","4","2,00","OHEJP",10,10,20,16,6,22,69,33,75,29,0,1,51,52,1,80,1,2,2
25,44,1,"2,00","NA",0,"1",3,"4","7","1","4","2,00","OHEJP",10,10,20,13,8,21,69,33,72,31,0,1,51,52,1,80,1,2,2
25,45,1,"2,00","NA",1,"1",3,"4","7","1","4","2,00","OHEJP",10,10,20,7,12,19,69,33,66,35,0,1,51,51,1,80,1,2,2
25,46,1,"2,00","NA",1,"1",3,"4","7","1","4","2,00","OHEJP",10,10,20,4,14,18,69,33,63,37,0,1,51,50,1,80,1,2,2
25,47,1,"2,00","NA",1,"1",3,"4","7","1","4","2,00","OHEJP",10,10,20,1,16,17,69,33,60,39,0,1,51,50,1,80,1,2,2
26,21,1,"1,00","NA",NA,"",NA,"","","","","","OHEJP",10,10,20,22,2,24,69,58,81,50,0,0,64,66,0,NA,NA,1,NA
26,22,1,"1,00","NA",NA,"",NA,"","","","","","OHEJP",10,10,20,19,4,23,69,58,78,52,0,0,64,65,0,NA,NA,1,NA
26,23,1,"1,00","NA",NA,"",NA,"","","","","","OHEJP",10,10,20,16,6,22,69,58,75,54,0,0,64,65,0,NA,NA,1,NA
26,24,1,"1,00","NA",NA,"",NA,"","","","","","OHEJP",10,10,20,13,8,21,69,58,72,56,0,0,64,64,0,NA,NA,1,NA
26,25,1,"1,00","NA",NA,"",NA,"","","","","","OHEJP",10,10,20,7,12,19,69,58,66,60,0,0,64,63,0,NA,NA,1,NA
26,26,1,"1,00","NA",NA,"",NA,"","","","","","OHEJP",10,10,20,4,14,18,69,58,63,62,0,0,64,63,0,NA,NA,1,NA
26,27,1,"1,00","NA",NA,"",NA,"","","","","","OHEJP",10,10,20,1,16,17,69,58,60,64,0,0,64,62,0,NA,NA,1,NA
26,31,1,"1,00","NA",NA,"",NA,"","","","","","OHEJP",10,10,20,22,2,24,69,43,81,35,1,0,56,58,0,NA,NA,1,NA
26,32,1,"1,00","NA",NA,"",NA,"","","","","","OHEJP",10,10,20,19,4,23,69,43,78,37,1,0,56,58,0,NA,NA,1,NA
26,33,1,"1,00","NA",NA,"",NA,"","","","","","OHEJP",10,10,20,16,6,22,69,43,75,39,1,0,56,57,0,NA,NA,1,NA
26,34,1,"1,00","NA",NA,"",NA,"","","","","","OHEJP",10,10,20,13,8,21,69,43,72,41,1,0,56,57,0,NA,NA,1,NA
26,35,1,"1,00","NA",NA,"",NA,"","","","","","OHEJP",10,10,20,7,12,19,69,43,66,45,1,0,56,56,0,NA,NA,1,NA
26,36,1,"1,00","NA",NA,"",NA,"","","","","","OHEJP",10,10,20,4,14,18,69,43,63,47,1,0,56,55,0,NA,NA,1,NA
26,37,1,"1,00","NA",NA,"",NA,"","","","","","OHEJP",10,10,20,1,16,17,69,43,60,49,1,0,56,55,0,NA,NA,1,NA
26,41,1,"1,00","NA",NA,"",NA,"","","","","","OHEJP",10,10,20,22,2,24,69,33,81,25,0,1,51,53,0,NA,NA,1,NA
26,42,1,"1,00","NA",NA,"",NA,"","","","","","OHEJP",10,10,20,19,4,23,69,33,78,27,0,1,51,53,0,NA,NA,1,NA
26,43,1,"1,00","NA",NA,"",NA,"","","","","","OHEJP",10,10,20,16,6,22,69,33,75,29,0,1,51,52,0,NA,NA,1,NA
26,44,1,"1,00","NA",NA,"",NA,"","","","","","OHEJP",10,10,20,13,8,21,69,33,72,31,0,1,51,52,0,NA,NA,1,NA
26,45,1,"1,00","NA",NA,"",NA,"","","","","","OHEJP",10,10,20,7,12,19,69,33,66,35,0,1,51,51,0,NA,NA,1,NA
26,46,1,"1,00","NA",NA,"",NA,"","","","","","OHEJP",10,10,20,4,14,18,69,33,63,37,0,1,51,50,0,NA,NA,1,NA
26,47,1,"1,00","NA",NA,"",NA,"","","","","","OHEJP",10,10,20,1,16,17,69,33,60,39,0,1,51,50,0,NA,NA,1,NA
27,21,1,"1,00","NA",0,"1",9,"8","4,7","10","4","4,00","OH.net2",10,10,20,22,2,24,69,58,81,50,0,0,64,66,1,80,10,1,4
27,22,1,"1,00","NA",0,"1",9,"8","4,7","10","4","4,00","OH.net2",10,10,20,19,4,23,69,58,78,52,0,0,64,65,1,80,10,1,4
27,23,1,"1,00","NA",0,"1",9,"8","4,7","10","4","4,00","OH.net2",10,10,20,16,6,22,69,58,75,54,0,0,64,65,1,80,10,1,4
27,24,1,"1,00","NA",0,"1",9,"8","4,7","10","4","4,00","OH.net2",10,10,20,13,8,21,69,58,72,56,0,0,64,64,1,80,10,1,4
27,25,1,"1,00","NA",1,"1",9,"8","4,7","10","4","4,00","OH.net2",10,10,20,7,12,19,69,58,66,60,0,0,64,63,1,80,10,1,4
27,26,1,"1,00","NA",1,"1",9,"8","4,7","10","4","4,00","OH.net2",10,10,20,4,14,18,69,58,63,62,0,0,64,63,1,80,10,1,4
27,27,1,"1,00","NA",1,"1",9,"8","4,7","10","4","4,00","OH.net2",10,10,20,1,16,17,69,58,60,64,0,0,64,62,1,80,10,1,4
27,31,1,"1,00","NA",0,"1",9,"8","4,7","10","4","4,00","OH.net2",10,10,20,22,2,24,69,43,81,35,1,0,56,58,1,80,10,1,4
27,32,1,"1,00","NA",0,"1",9,"8","4,7","10","4","4,00","OH.net2",10,10,20,19,4,23,69,43,78,37,1,0,56,58,1,80,10,1,4
27,33,1,"1,00","NA",0,"1",9,"8","4,7","10","4","4,00","OH.net2",10,10,20,16,6,22,69,43,75,39,1,0,56,57,1,80,10,1,4
27,34,1,"1,00","NA",0,"1",9,"8","4,7","10","4","4,00","OH.net2",10,10,20,13,8,21,69,43,72,41,1,0,56,57,1,80,10,1,4
27,35,1,"1,00","NA",1,"1",9,"8","4,7","10","4","4,00","OH.net2",10,10,20,7,12,19,69,43,66,45,1,0,56,56,1,80,10,1,4
27,36,1,"1,00","NA",1,"1",9,"8","4,7","10","4","4,00","OH.net2",10,10,20,4,14,18,69,43,63,47,1,0,56,55,1,80,10,1,4
27,37,1,"1,00","NA",1,"1",9,"8","4,7","10","4","4,00","OH.net2",10,10,20,1,16,17,69,43,60,49,1,0,56,55,1,80,10,1,4
27,41,1,"1,00","NA",0,"1",9,"8","4,7","10","4","4,00","OH.net2",10,10,20,22,2,24,69,33,81,25,0,1,51,53,1,80,10,1,4
27,42,1,"1,00","NA",0,"1",9,"8","4,7","10","4","4,00","OH.net2",10,10,20,19,4,23,69,33,78,27,0,1,51,53,1,80,10,1,4
27,43,1,"1,00","NA",0,"1",9,"8","4,7","10","4","4,00","OH.net2",10,10,20,16,6,22,69,33,75,29,0,1,51,52,1,80,10,1,4
27,44,1,"1,00","NA",0,"1",9,"8","4,7","10","4","4,00","OH.net2",10,10,20,13,8,21,69,33,72,31,0,1,51,52,1,80,10,1,4
27,45,1,"1,00","NA",1,"1",9,"8","4,7","10","4","4,00","OH.net2",10,10,20,7,12,19,69,33,66,35,0,1,51,51,1,80,10,1,4
27,46,1,"1,00","NA",1,"1",9,"8","4,7","10","4","4,00","OH.net2",10,10,20,4,14,18,69,33,63,37,0,1,51,50,1,80,10,1,4
27,47,1,"1,00","NA",1,"1",9,"8","4,7","10","4","4,00","OH.net2",10,10,20,1,16,17,69,33,60,39,0,1,51,50,1,80,10,1,4
28,21,1,"3,00","NA",NA,"",NA,"","","","","","OH.net2",10,10,20,22,2,24,69,58,81,50,0,0,64,66,0,NA,NA,3,NA
28,22,1,"3,00","NA",NA,"",NA,"","","","","","OH.net2",10,10,20,19,4,23,69,58,78,52,0,0,64,65,0,NA,NA,3,NA
28,23,1,"3,00","NA",NA,"",NA,"","","","","","OH.net2",10,10,20,16,6,22,69,58,75,54,0,0,64,65,0,NA,NA,3,NA
28,24,1,"3,00","NA",NA,"",NA,"","","","","","OH.net2",10,10,20,13,8,21,69,58,72,56,0,0,64,64,0,NA,NA,3,NA
28,25,1,"3,00","NA",NA,"",NA,"","","","","","OH.net2",10,10,20,7,12,19,69,58,66,60,0,0,64,63,0,NA,NA,3,NA
28,26,1,"3,00","NA",NA,"",NA,"","","","","","OH.net2",10,10,20,4,14,18,69,58,63,62,0,0,64,63,0,NA,NA,3,NA
28,27,1,"3,00","NA",NA,"",NA,"","","","","","OH.net2",10,10,20,1,16,17,69,58,60,64,0,0,64,62,0,NA,NA,3,NA
28,31,1,"3,00","NA",NA,"",NA,"","","","","","OH.net2",10,10,20,22,2,24,69,43,81,35,1,0,56,58,0,NA,NA,3,NA
28,32,1,"3,00","NA",NA,"",NA,"","","","","","OH.net2",10,10,20,19,4,23,69,43,78,37,1,0,56,58,0,NA,NA,3,NA
28,33,1,"3,00","NA",NA,"",NA,"","","","","","OH.net2",10,10,20,16,6,22,69,43,75,39,1,0,56,57,0,NA,NA,3,NA
28,34,1,"3,00","NA",NA,"",NA,"","","","","","OH.net2",10,10,20,13,8,21,69,43,72,41,1,0,56,57,0,NA,NA,3,NA
28,35,1,"3,00","NA",NA,"",NA,"","","","","","OH.net2",10,10,20,7,12,19,69,43,66,45,1,0,56,56,0,NA,NA,3,NA
28,36,1,"3,00","NA",NA,"",NA,"","","","","","OH.net2",10,10,20,4,14,18,69,43,63,47,1,0,56,55,0,NA,NA,3,NA
28,37,1,"3,00","NA",NA,"",NA,"","","","","","OH.net2",10,10,20,1,16,17,69,43,60,49,1,0,56,55,0,NA,NA,3,NA
28,41,1,"3,00","NA",NA,"",NA,"","","","","","OH.net2",10,10,20,22,2,24,69,33,81,25,0,1,51,53,0,NA,NA,3,NA
28,42,1,"3,00","NA",NA,"",NA,"","","","","","OH.net2",10,10,20,19,4,23,69,33,78,27,0,1,51,53,0,NA,NA,3,NA
28,43,1,"3,00","NA",NA,"",NA,"","","","","","OH.net2",10,10,20,16,6,22,69,33,75,29,0,1,51,52,0,NA,NA,3,NA
28,44,1,"3,00","NA",NA,"",NA,"","","","","","OH.net2",10,10,20,13,8,21,69,33,72,31,0,1,51,52,0,NA,NA,3,NA
28,45,1,"3,00","NA",NA,"",NA,"","","","","","OH.net2",10,10,20,7,12,19,69,33,66,35,0,1,51,51,0,NA,NA,3,NA
28,46,1,"3,00","NA",NA,"",NA,"","","","","","OH.net2",10,10,20,4,14,18,69,33,63,37,0,1,51,50,0,NA,NA,3,NA
28,47,1,"3,00","NA",NA,"",NA,"","","","","","OH.net2",10,10,20,1,16,17,69,33,60,39,0,1,51,50,0,NA,NA,3,NA
29,21,NA,"","NA",NA,"",NA,"","","","","","OH.net2",10,10,20,22,2,24,69,58,81,50,0,0,64,66,0,NA,NA,NA,NA
29,22,NA,"","NA",NA,"",NA,"","","","","","OH.net2",10,10,20,19,4,23,69,58,78,52,0,0,64,65,0,NA,NA,NA,NA
29,23,NA,"","NA",NA,"",NA,"","","","","","OH.net2",10,10,20,16,6,22,69,58,75,54,0,0,64,65,0,NA,NA,NA,NA
29,24,NA,"","NA",NA,"",NA,"","","","","","OH.net2",10,10,20,13,8,21,69,58,72,56,0,0,64,64,0,NA,NA,NA,NA
29,25,NA,"","NA",NA,"",NA,"","","","","","OH.net2",10,10,20,7,12,19,69,58,66,60,0,0,64,63,0,NA,NA,NA,NA
29,26,NA,"","NA",NA,"",NA,"","","","","","OH.net2",10,10,20,4,14,18,69,58,63,62,0,0,64,63,0,NA,NA,NA,NA
29,27,NA,"","NA",NA,"",NA,"","","","","","OH.net2",10,10,20,1,16,17,69,58,60,64,0,0,64,62,0,NA,NA,NA,NA
29,31,NA,"","NA",NA,"",NA,"","","","","","OH.net2",10,10,20,22,2,24,69,43,81,35,1,0,56,58,0,NA,NA,NA,NA
29,32,NA,"","NA",NA,"",NA,"","","","","","OH.net2",10,10,20,19,4,23,69,43,78,37,1,0,56,58,0,NA,NA,NA,NA
29,33,NA,"","NA",NA,"",NA,"","","","","","OH.net2",10,10,20,16,6,22,69,43,75,39,1,0,56,57,0,NA,NA,NA,NA
29,34,NA,"","NA",NA,"",NA,"","","","","","OH.net2",10,10,20,13,8,21,69,43,72,41,1,0,56,57,0,NA,NA,NA,NA
29,35,NA,"","NA",NA,"",NA,"","","","","","OH.net2",10,10,20,7,12,19,69,43,66,45,1,0,56,56,0,NA,NA,NA,NA
29,36,NA,"","NA",NA,"",NA,"","","","","","OH.net2",10,10,20,4,14,18,69,43,63,47,1,0,56,55,0,NA,NA,NA,NA
29,37,NA,"","NA",NA,"",NA,"","","","","","OH.net2",10,10,20,1,16,17,69,43,60,49,1,0,56,55,0,NA,NA,NA,NA
29,41,NA,"","NA",NA,"",NA,"","","","","","OH.net2",10,10,20,22,2,24,69,33,81,25,0,1,51,53,0,NA,NA,NA,NA
29,42,NA,"","NA",NA,"",NA,"","","","","","OH.net2",10,10,20,19,4,23,69,33,78,27,0,1,51,53,0,NA,NA,NA,NA
29,43,NA,"","NA",NA,"",NA,"","","","","","OH.net2",10,10,20,16,6,22,69,33,75,29,0,1,51,52,0,NA,NA,NA,NA
29,44,NA,"","NA",NA,"",NA,"","","","","","OH.net2",10,10,20,13,8,21,69,33,72,31,0,1,51,52,0,NA,NA,NA,NA
29,45,NA,"","NA",NA,"",NA,"","","","","","OH.net2",10,10,20,7,12,19,69,33,66,35,0,1,51,51,0,NA,NA,NA,NA
29,46,NA,"","NA",NA,"",NA,"","","","","","OH.net2",10,10,20,4,14,18,69,33,63,37,0,1,51,50,0,NA,NA,NA,NA
29,47,NA,"","NA",NA,"",NA,"","","","","","OH.net2",10,10,20,1,16,17,69,33,60,39,0,1,51,50,0,NA,NA,NA,NA
30,21,1,"1,00","NA",0,"2",8,"5","7","16","4","4,00","WHO.VR",10,10,20,22,2,24,69,58,81,50,0,0,64,66,0,80,16,1,4
30,22,1,"1,00","NA",0,"2",8,"5","7","16","4","4,00","WHO.VR",10,10,20,19,4,23,69,58,78,52,0,0,64,65,0,80,16,1,4
30,23,1,"1,00","NA",0,"2",8,"5","7","16","4","4,00","WHO.VR",10,10,20,16,6,22,69,58,75,54,0,0,64,65,0,80,16,1,4
30,24,1,"1,00","NA",0,"2",8,"5","7","16","4","4,00","WHO.VR",10,10,20,13,8,21,69,58,72,56,0,0,64,64,0,80,16,1,4
30,25,1,"1,00","NA",1,"2",8,"5","7","16","4","4,00","WHO.VR",10,10,20,7,12,19,69,58,66,60,0,0,64,63,0,80,16,1,4
30,26,1,"1,00","NA",1,"2",8,"5","7","16","4","4,00","WHO.VR",10,10,20,4,14,18,69,58,63,62,0,0,64,63,0,80,16,1,4
30,27,1,"1,00","NA",0,"2",8,"5","7","16","4","4,00","WHO.VR",10,10,20,1,16,17,69,58,60,64,0,0,64,62,0,80,16,1,4
30,31,1,"1,00","NA",0,"2",8,"5","7","16","4","4,00","WHO.VR",10,10,20,22,2,24,69,43,81,35,1,0,56,58,0,80,16,1,4
30,32,1,"1,00","NA",0,"2",8,"5","7","16","4","4,00","WHO.VR",10,10,20,19,4,23,69,43,78,37,1,0,56,58,0,80,16,1,4
30,33,1,"1,00","NA",0,"2",8,"5","7","16","4","4,00","WHO.VR",10,10,20,16,6,22,69,43,75,39,1,0,56,57,0,80,16,1,4
30,34,1,"1,00","NA",0,"2",8,"5","7","16","4","4,00","WHO.VR",10,10,20,13,8,21,69,43,72,41,1,0,56,57,0,80,16,1,4
30,35,1,"1,00","NA",1,"2",8,"5","7","16","4","4,00","WHO.VR",10,10,20,7,12,19,69,43,66,45,1,0,56,56,0,80,16,1,4
30,36,1,"1,00","NA",1,"2",8,"5","7","16","4","4,00","WHO.VR",10,10,20,4,14,18,69,43,63,47,1,0,56,55,0,80,16,1,4
30,37,1,"1,00","NA",0,"2",8,"5","7","16","4","4,00","WHO.VR",10,10,20,1,16,17,69,43,60,49,1,0,56,55,0,80,16,1,4
30,41,1,"1,00","NA",0,"2",8,"5","7","16","4","4,00","WHO.VR",10,10,20,22,2,24,69,33,81,25,0,1,51,53,0,80,16,1,4
30,42,1,"1,00","NA",NA,"2",8,"5","7","16","4","4,00","WHO.VR",10,10,20,19,4,23,69,33,78,27,0,1,51,53,0,80,16,1,4
30,43,1,"1,00","NA",NA,"2",8,"5","7","16","4","4,00","WHO.VR",10,10,20,16,6,22,69,33,75,29,0,1,51,52,0,80,16,1,4
30,44,1,"1,00","NA",NA,"2",8,"5","7","16","4","4,00","WHO.VR",10,10,20,13,8,21,69,33,72,31,0,1,51,52,0,80,16,1,4
30,45,1,"1,00","NA",1,"2",8,"5","7","16","4","4,00","WHO.VR",10,10,20,7,12,19,69,33,66,35,0,1,51,51,0,80,16,1,4
30,46,1,"1,00","NA",1,"2",8,"5","7","16","4","4,00","WHO.VR",10,10,20,4,14,18,69,33,63,37,0,1,51,50,0,80,16,1,4
30,47,1,"1,00","NA",0,"2",8,"5","7","16","4","4,00","WHO.VR",10,10,20,1,16,17,69,33,60,39,0,1,51,50,0,80,16,1,4
31,21,2,"","NA",NA,"",NA,"","","","","","WHO.VR",10,10,20,22,2,24,69,58,81,50,0,0,64,66,0,NA,NA,NA,NA
31,22,2,"","NA",NA,"",NA,"","","","","","WHO.VR",10,10,20,19,4,23,69,58,78,52,0,0,64,65,0,NA,NA,NA,NA
31,23,2,"","NA",NA,"",NA,"","","","","","WHO.VR",10,10,20,16,6,22,69,58,75,54,0,0,64,65,0,NA,NA,NA,NA
31,24,2,"","NA",NA,"",NA,"","","","","","WHO.VR",10,10,20,13,8,21,69,58,72,56,0,0,64,64,0,NA,NA,NA,NA
31,25,2,"","NA",NA,"",NA,"","","","","","WHO.VR",10,10,20,7,12,19,69,58,66,60,0,0,64,63,0,NA,NA,NA,NA
31,26,2,"","NA",NA,"",NA,"","","","","","WHO.VR",10,10,20,4,14,18,69,58,63,62,0,0,64,63,0,NA,NA,NA,NA
31,27,2,"","NA",NA,"",NA,"","","","","","WHO.VR",10,10,20,1,16,17,69,58,60,64,0,0,64,62,0,NA,NA,NA,NA
31,31,2,"","NA",NA,"",NA,"","","","","","WHO.VR",10,10,20,22,2,24,69,43,81,35,1,0,56,58,0,NA,NA,NA,NA
31,32,2,"","NA",NA,"",NA,"","","","","","WHO.VR",10,10,20,19,4,23,69,43,78,37,1,0,56,58,0,NA,NA,NA,NA
31,33,2,"","NA",NA,"",NA,"","","","","","WHO.VR",10,10,20,16,6,22,69,43,75,39,1,0,56,57,0,NA,NA,NA,NA
31,34,2,"","NA",NA,"",NA,"","","","","","WHO.VR",10,10,20,13,8,21,69,43,72,41,1,0,56,57,0,NA,NA,NA,NA
31,35,2,"","NA",NA,"",NA,"","","","","","WHO.VR",10,10,20,7,12,19,69,43,66,45,1,0,56,56,0,NA,NA,NA,NA
31,36,2,"","NA",NA,"",NA,"","","","","","WHO.VR",10,10,20,4,14,18,69,43,63,47,1,0,56,55,0,NA,NA,NA,NA
31,37,2,"","NA",NA,"",NA,"","","","","","WHO.VR",10,10,20,1,16,17,69,43,60,49,1,0,56,55,0,NA,NA,NA,NA
31,41,2,"","NA",NA,"",NA,"","","","","","WHO.VR",10,10,20,22,2,24,69,33,81,25,0,1,51,53,0,NA,NA,NA,NA
31,42,2,"","NA",NA,"",NA,"","","","","","WHO.VR",10,10,20,19,4,23,69,33,78,27,0,1,51,53,0,NA,NA,NA,NA
31,43,2,"","NA",NA,"",NA,"","","","","","WHO.VR",10,10,20,16,6,22,69,33,75,29,0,1,51,52,0,NA,NA,NA,NA
31,44,2,"","NA",NA,"",NA,"","","","","","WHO.VR",10,10,20,13,8,21,69,33,72,31,0,1,51,52,0,NA,NA,NA,NA
31,45,2,"","NA",NA,"",NA,"","","","","","WHO.VR",10,10,20,7,12,19,69,33,66,35,0,1,51,51,0,NA,NA,NA,NA
31,46,2,"","NA",NA,"",NA,"","","","","","WHO.VR",10,10,20,4,14,18,69,33,63,37,0,1,51,50,0,NA,NA,NA,NA
31,47,2,"","NA",NA,"",NA,"","","","","","WHO.VR",10,10,20,1,16,17,69,33,60,39,0,1,51,50,0,NA,NA,NA,NA
32,21,1,"2,00","NA",0,"2",9,"5","4","22","4","2,00","WHO.VR",10,10,20,22,2,24,69,58,81,50,0,0,64,66,0,90,22,2,2
32,22,1,"2,00","NA",0,"2",9,"5","4","22","4","2,00","WHO.VR",10,10,20,19,4,23,69,58,78,52,0,0,64,65,0,90,22,2,2
32,23,1,"2,00","NA",0,"2",9,"5","4","22","4","2,00","WHO.VR",10,10,20,16,6,22,69,58,75,54,0,0,64,65,0,90,22,2,2
32,24,1,"2,00","NA",0,"2",9,"5","4","22","4","2,00","WHO.VR",10,10,20,13,8,21,69,58,72,56,0,0,64,64,0,90,22,2,2
32,25,1,"2,00","NA",0,"2",9,"5","4","22","4","2,00","WHO.VR",10,10,20,7,12,19,69,58,66,60,0,0,64,63,0,90,22,2,2
32,26,1,"2,00","NA",0,"2",9,"5","4","22","4","2,00","WHO.VR",10,10,20,4,14,18,69,58,63,62,0,0,64,63,0,90,22,2,2
32,27,1,"2,00","NA",0,"2",9,"5","4","22","4","2,00","WHO.VR",10,10,20,1,16,17,69,58,60,64,0,0,64,62,0,90,22,2,2
32,31,1,"2,00","NA",0,"2",9,"5","4","22","4","2,00","WHO.VR",10,10,20,22,2,24,69,43,81,35,1,0,56,58,0,90,22,2,2
32,32,1,"2,00","NA",0,"2",9,"5","4","22","4","2,00","WHO.VR",10,10,20,19,4,23,69,43,78,37,1,0,56,58,0,90,22,2,2
32,33,1,"2,00","NA",0,"2",9,"5","4","22","4","2,00","WHO.VR",10,10,20,16,6,22,69,43,75,39,1,0,56,57,0,90,22,2,2
32,34,1,"2,00","NA",0,"2",9,"5","4","22","4","2,00","WHO.VR",10,10,20,13,8,21,69,43,72,41,1,0,56,57,0,90,22,2,2
32,35,1,"2,00","NA",0,"2",9,"5","4","22","4","2,00","WHO.VR",10,10,20,7,12,19,69,43,66,45,1,0,56,56,0,90,22,2,2
32,36,1,"2,00","NA",0,"2",9,"5","4","22","4","2,00","WHO.VR",10,10,20,4,14,18,69,43,63,47,1,0,56,55,0,90,22,2,2
32,37,1,"2,00","NA",0,"2",9,"5","4","22","4","2,00","WHO.VR",10,10,20,1,16,17,69,43,60,49,1,0,56,55,0,90,22,2,2
32,41,1,"2,00","NA",0,"2",9,"5","4","22","4","2,00","WHO.VR",10,10,20,22,2,24,69,33,81,25,0,1,51,53,0,90,22,2,2
32,42,1,"2,00","NA",0,"2",9,"5","4","22","4","2,00","WHO.VR",10,10,20,19,4,23,69,33,78,27,0,1,51,53,0,90,22,2,2
32,43,1,"2,00","NA",0,"2",9,"5","4","22","4","2,00","WHO.VR",10,10,20,16,6,22,69,33,75,29,0,1,51,52,0,90,22,2,2
32,44,1,"2,00","NA",0,"2",9,"5","4","22","4","2,00","WHO.VR",10,10,20,13,8,21,69,33,72,31,0,1,51,52,0,90,22,2,2
32,45,1,"2,00","NA",0,"2",9,"5","4","22","4","2,00","WHO.VR",10,10,20,7,12,19,69,33,66,35,0,1,51,51,0,90,22,2,2
32,46,1,"2,00","NA",0,"2",9,"5","4","22","4","2,00","WHO.VR",10,10,20,4,14,18,69,33,63,37,0,1,51,50,0,90,22,2,2
32,47,1,"2,00","NA",0,"2",9,"5","4","22","4","2,00","WHO.VR",10,10,20,1,16,17,69,33,60,39,0,1,51,50,0,90,22,2,2
33,21,1,"2,00","NA",0,"2",8,"5","4,7","10","5","2,00","WHO.VR",10,10,20,22,2,24,69,58,81,50,0,0,64,66,0,NA,10,2,2
33,22,1,"2,00","NA",0,"2",8,"5","4,7","10","5","2,00","WHO.VR",10,10,20,19,4,23,69,58,78,52,0,0,64,65,0,NA,10,2,2
33,23,1,"2,00","NA",0,"2",8,"5","4,7","10","5","2,00","WHO.VR",10,10,20,16,6,22,69,58,75,54,0,0,64,65,0,NA,10,2,2
33,24,1,"2,00","NA",0,"2",8,"5","4,7","10","5","2,00","WHO.VR",10,10,20,13,8,21,69,58,72,56,0,0,64,64,0,NA,10,2,2
33,25,1,"2,00","NA",1,"2",8,"5","4,7","10","5","2,00","WHO.VR",10,10,20,7,12,19,69,58,66,60,0,0,64,63,0,NA,10,2,2
33,26,1,"2,00","NA",1,"2",8,"5","4,7","10","5","2,00","WHO.VR",10,10,20,4,14,18,69,58,63,62,0,0,64,63,0,NA,10,2,2
33,27,1,"2,00","NA",1,"2",8,"5","4,7","10","5","2,00","WHO.VR",10,10,20,1,16,17,69,58,60,64,0,0,64,62,0,NA,10,2,2
33,31,1,"2,00","NA",1,"2",8,"5","4,7","10","5","2,00","WHO.VR",10,10,20,22,2,24,69,43,81,35,1,0,56,58,0,NA,10,2,2
33,32,1,"2,00","NA",0,"2",8,"5","4,7","10","5","2,00","WHO.VR",10,10,20,19,4,23,69,43,78,37,1,0,56,58,0,NA,10,2,2
33,33,1,"2,00","NA",0,"2",8,"5","4,7","10","5","2,00","WHO.VR",10,10,20,16,6,22,69,43,75,39,1,0,56,57,0,NA,10,2,2
33,34,1,"2,00","NA",0,"2",8,"5","4,7","10","5","2,00","WHO.VR",10,10,20,13,8,21,69,43,72,41,1,0,56,57,0,NA,10,2,2
33,35,1,"2,00","NA",1,"2",8,"5","4,7","10","5","2,00","WHO.VR",10,10,20,7,12,19,69,43,66,45,1,0,56,56,0,NA,10,2,2
33,36,1,"2,00","NA",1,"2",8,"5","4,7","10","5","2,00","WHO.VR",10,10,20,4,14,18,69,43,63,47,1,0,56,55,0,NA,10,2,2
33,37,1,"2,00","NA",1,"2",8,"5","4,7","10","5","2,00","WHO.VR",10,10,20,1,16,17,69,43,60,49,1,0,56,55,0,NA,10,2,2
33,41,1,"2,00","NA",0,"2",8,"5","4,7","10","5","2,00","WHO.VR",10,10,20,22,2,24,69,33,81,25,0,1,51,53,0,NA,10,2,2
33,42,1,"2,00","NA",1,"2",8,"5","4,7","10","5","2,00","WHO.VR",10,10,20,19,4,23,69,33,78,27,0,1,51,53,0,NA,10,2,2
33,43,1,"2,00","NA",0,"2",8,"5","4,7","10","5","2,00","WHO.VR",10,10,20,16,6,22,69,33,75,29,0,1,51,52,0,NA,10,2,2
33,44,1,"2,00","NA",0,"2",8,"5","4,7","10","5","2,00","WHO.VR",10,10,20,13,8,21,69,33,72,31,0,1,51,52,0,NA,10,2,2
33,45,1,"2,00","NA",0,"2",8,"5","4,7","10","5","2,00","WHO.VR",10,10,20,7,12,19,69,33,66,35,0,1,51,51,0,NA,10,2,2
33,46,1,"2,00","NA",0,"2",8,"5","4,7","10","5","2,00","WHO.VR",10,10,20,4,14,18,69,33,63,37,0,1,51,50,0,NA,10,2,2
33,47,1,"2,00","NA",1,"2",8,"5","4,7","10","5","2,00","WHO.VR",10,10,20,1,16,17,69,33,60,39,0,1,51,50,0,NA,10,2,2
34,21,1,"1,00","NA",0,"1",4,"5","7","7","4","1,00","WHO.VR",10,10,20,22,2,24,69,58,81,50,0,0,64,66,1,95,7,1,1
34,22,1,"1,00","NA",0,"1",4,"5","7","7","4","1,00","WHO.VR",10,10,20,19,4,23,69,58,78,52,0,0,64,65,1,95,7,1,1
34,23,1,"1,00","NA",0,"1",4,"5","7","7","4","1,00","WHO.VR",10,10,20,16,6,22,69,58,75,54,0,0,64,65,1,95,7,1,1
34,24,1,"1,00","NA",0,"1",4,"5","7","7","4","1,00","WHO.VR",10,10,20,13,8,21,69,58,72,56,0,0,64,64,1,95,7,1,1
34,25,1,"1,00","NA",1,"1",4,"5","7","7","4","1,00","WHO.VR",10,10,20,7,12,19,69,58,66,60,0,0,64,63,1,95,7,1,1
34,26,1,"1,00","NA",1,"1",4,"5","7","7","4","1,00","WHO.VR",10,10,20,4,14,18,69,58,63,62,0,0,64,63,1,95,7,1,1
34,27,1,"1,00","NA",0,"1",4,"5","7","7","4","1,00","WHO.VR",10,10,20,1,16,17,69,58,60,64,0,0,64,62,1,95,7,1,1
34,31,1,"1,00","NA",0,"1",4,"5","7","7","4","1,00","WHO.VR",10,10,20,22,2,24,69,43,81,35,1,0,56,58,1,95,7,1,1
34,32,1,"1,00","NA",0,"1",4,"5","7","7","4","1,00","WHO.VR",10,10,20,19,4,23,69,43,78,37,1,0,56,58,1,95,7,1,1
34,33,1,"1,00","NA",0,"1",4,"5","7","7","4","1,00","WHO.VR",10,10,20,16,6,22,69,43,75,39,1,0,56,57,1,95,7,1,1
34,34,1,"1,00","NA",0,"1",4,"5","7","7","4","1,00","WHO.VR",10,10,20,13,8,21,69,43,72,41,1,0,56,57,1,95,7,1,1
34,35,1,"1,00","NA",1,"1",4,"5","7","7","4","1,00","WHO.VR",10,10,20,7,12,19,69,43,66,45,1,0,56,56,1,95,7,1,1
34,36,1,"1,00","NA",1,"1",4,"5","7","7","4","1,00","WHO.VR",10,10,20,4,14,18,69,43,63,47,1,0,56,55,1,95,7,1,1
34,37,1,"1,00","NA",1,"1",4,"5","7","7","4","1,00","WHO.VR",10,10,20,1,16,17,69,43,60,49,1,0,56,55,1,95,7,1,1
34,41,1,"1,00","NA",0,"1",4,"5","7","7","4","1,00","WHO.VR",10,10,20,22,2,24,69,33,81,25,0,1,51,53,1,95,7,1,1
34,42,1,"1,00","NA",0,"1",4,"5","7","7","4","1,00","WHO.VR",10,10,20,19,4,23,69,33,78,27,0,1,51,53,1,95,7,1,1
34,43,1,"1,00","NA",0,"1",4,"5","7","7","4","1,00","WHO.VR",10,10,20,16,6,22,69,33,75,29,0,1,51,52,1,95,7,1,1
34,44,1,"1,00","NA",0,"1",4,"5","7","7","4","1,00","WHO.VR",10,10,20,13,8,21,69,33,72,31,0,1,51,52,1,95,7,1,1
34,45,1,"1,00","NA",1,"1",4,"5","7","7","4","1,00","WHO.VR",10,10,20,7,12,19,69,33,66,35,0,1,51,51,1,95,7,1,1
34,46,1,"1,00","NA",1,"1",4,"5","7","7","4","1,00","WHO.VR",10,10,20,4,14,18,69,33,63,37,0,1,51,50,1,95,7,1,1
34,47,1,"1,00","NA",1,"1",4,"5","7","7","4","1,00","WHO.VR",10,10,20,1,16,17,69,33,60,39,0,1,51,50,1,95,7,1,1
35,21,1,"2,00","NA",0,"2",7,"6","7","","4","2,00","WHO.VR",10,10,20,22,2,24,69,58,81,50,0,0,64,66,0,80,NA,2,2
35,22,1,"2,00","NA",NA,"2",7,"6","7","","4","2,00","WHO.VR",10,10,20,19,4,23,69,58,78,52,0,0,64,65,0,80,NA,2,2
35,23,1,"2,00","NA",0,"2",7,"6","7","","4","2,00","WHO.VR",10,10,20,16,6,22,69,58,75,54,0,0,64,65,0,80,NA,2,2
35,24,1,"2,00","NA",0,"2",7,"6","7","","4","2,00","WHO.VR",10,10,20,13,8,21,69,58,72,56,0,0,64,64,0,80,NA,2,2
35,25,1,"2,00","NA",1,"2",7,"6","7","","4","2,00","WHO.VR",10,10,20,7,12,19,69,58,66,60,0,0,64,63,0,80,NA,2,2
35,26,1,"2,00","NA",1,"2",7,"6","7","","4","2,00","WHO.VR",10,10,20,4,14,18,69,58,63,62,0,0,64,63,0,80,NA,2,2
35,27,1,"2,00","NA",1,"2",7,"6","7","","4","2,00","WHO.VR",10,10,20,1,16,17,69,58,60,64,0,0,64,62,0,80,NA,2,2
35,31,1,"2,00","NA",0,"2",7,"6","7","","4","2,00","WHO.VR",10,10,20,22,2,24,69,43,81,35,1,0,56,58,0,80,NA,2,2
35,32,1,"2,00","NA",0,"2",7,"6","7","","4","2,00","WHO.VR",10,10,20,19,4,23,69,43,78,37,1,0,56,58,0,80,NA,2,2
35,33,1,"2,00","NA",0,"2",7,"6","7","","4","2,00","WHO.VR",10,10,20,16,6,22,69,43,75,39,1,0,56,57,0,80,NA,2,2
35,34,1,"2,00","NA",0,"2",7,"6","7","","4","2,00","WHO.VR",10,10,20,13,8,21,69,43,72,41,1,0,56,57,0,80,NA,2,2
35,35,1,"2,00","NA",1,"2",7,"6","7","","4","2,00","WHO.VR",10,10,20,7,12,19,69,43,66,45,1,0,56,56,0,80,NA,2,2
35,36,1,"2,00","NA",1,"2",7,"6","7","","4","2,00","WHO.VR",10,10,20,4,14,18,69,43,63,47,1,0,56,55,0,80,NA,2,2
35,37,1,"2,00","NA",1,"2",7,"6","7","","4","2,00","WHO.VR",10,10,20,1,16,17,69,43,60,49,1,0,56,55,0,80,NA,2,2
35,41,1,"2,00","NA",0,"2",7,"6","7","","4","2,00","WHO.VR",10,10,20,22,2,24,69,33,81,25,0,1,51,53,0,80,NA,2,2
35,42,1,"2,00","NA",0,"2",7,"6","7","","4","2,00","WHO.VR",10,10,20,19,4,23,69,33,78,27,0,1,51,53,0,80,NA,2,2
35,43,1,"2,00","NA",0,"2",7,"6","7","","4","2,00","WHO.VR",10,10,20,16,6,22,69,33,75,29,0,1,51,52,0,80,NA,2,2
35,44,1,"2,00","NA",0,"2",7,"6","7","","4","2,00","WHO.VR",10,10,20,13,8,21,69,33,72,31,0,1,51,52,0,80,NA,2,2
35,45,1,"2,00","NA",1,"2",7,"6","7","","4","2,00","WHO.VR",10,10,20,7,12,19,69,33,66,35,0,1,51,51,0,80,NA,2,2
35,46,1,"2,00","NA",1,"2",7,"6","7","","4","2,00","WHO.VR",10,10,20,4,14,18,69,33,63,37,0,1,51,50,0,80,NA,2,2
35,47,1,"2,00","NA",1,"2",7,"6","7","","4","2,00","WHO.VR",10,10,20,1,16,17,69,33,60,39,0,1,51,50,0,80,NA,2,2
36,21,1,"1,00","NA",0,"1",6,"6","4","16","5","5,00","WHO.VR",10,10,20,22,2,24,69,58,81,50,0,0,64,66,1,60,16,1,5
36,22,1,"1,00","NA",0,"1",6,"6","4","16","5","5,00","WHO.VR",10,10,20,19,4,23,69,58,78,52,0,0,64,65,1,60,16,1,5
36,23,1,"1,00","NA",0,"1",6,"6","4","16","5","5,00","WHO.VR",10,10,20,16,6,22,69,58,75,54,0,0,64,65,1,60,16,1,5
36,24,1,"1,00","NA",0,"1",6,"6","4","16","5","5,00","WHO.VR",10,10,20,13,8,21,69,58,72,56,0,0,64,64,1,60,16,1,5
36,25,1,"1,00","NA",1,"1",6,"6","4","16","5","5,00","WHO.VR",10,10,20,7,12,19,69,58,66,60,0,0,64,63,1,60,16,1,5
36,26,1,"1,00","NA",1,"1",6,"6","4","16","5","5,00","WHO.VR",10,10,20,4,14,18,69,58,63,62,0,0,64,63,1,60,16,1,5
36,27,1,"1,00","NA",1,"1",6,"6","4","16","5","5,00","WHO.VR",10,10,20,1,16,17,69,58,60,64,0,0,64,62,1,60,16,1,5
36,31,1,"1,00","NA",0,"1",6,"6","4","16","5","5,00","WHO.VR",10,10,20,22,2,24,69,43,81,35,1,0,56,58,1,60,16,1,5
36,32,1,"1,00","NA",0,"1",6,"6","4","16","5","5,00","WHO.VR",10,10,20,19,4,23,69,43,78,37,1,0,56,58,1,60,16,1,5
36,33,1,"1,00","NA",0,"1",6,"6","4","16","5","5,00","WHO.VR",10,10,20,16,6,22,69,43,75,39,1,0,56,57,1,60,16,1,5
36,34,1,"1,00","NA",0,"1",6,"6","4","16","5","5,00","WHO.VR",10,10,20,13,8,21,69,43,72,41,1,0,56,57,1,60,16,1,5
36,35,1,"1,00","NA",1,"1",6,"6","4","16","5","5,00","WHO.VR",10,10,20,7,12,19,69,43,66,45,1,0,56,56,1,60,16,1,5
36,36,1,"1,00","NA",1,"1",6,"6","4","16","5","5,00","WHO.VR",10,10,20,4,14,18,69,43,63,47,1,0,56,55,1,60,16,1,5
36,37,1,"1,00","NA",1,"1",6,"6","4","16","5","5,00","WHO.VR",10,10,20,1,16,17,69,43,60,49,1,0,56,55,1,60,16,1,5
36,41,1,"1,00","NA",1,"1",6,"6","4","16","5","5,00","WHO.VR",10,10,20,22,2,24,69,33,81,25,0,1,51,53,1,60,16,1,5
36,42,1,"1,00","NA",1,"1",6,"6","4","16","5","5,00","WHO.VR",10,10,20,19,4,23,69,33,78,27,0,1,51,53,1,60,16,1,5
36,43,1,"1,00","NA",1,"1",6,"6","4","16","5","5,00","WHO.VR",10,10,20,16,6,22,69,33,75,29,0,1,51,52,1,60,16,1,5
36,44,1,"1,00","NA",NA,"1",6,"6","4","16","5","5,00","WHO.VR",10,10,20,13,8,21,69,33,72,31,0,1,51,52,1,60,16,1,5
36,45,1,"1,00","NA",1,"1",6,"6","4","16","5","5,00","WHO.VR",10,10,20,7,12,19,69,33,66,35,0,1,51,51,1,60,16,1,5
36,46,1,"1,00","NA",1,"1",6,"6","4","16","5","5,00","WHO.VR",10,10,20,4,14,18,69,33,63,37,0,1,51,50,1,60,16,1,5
36,47,1,"1,00","NA",1,"1",6,"6","4","16","5","5,00","WHO.VR",10,10,20,1,16,17,69,33,60,39,0,1,51,50,1,60,16,1,5
37,21,1,"1,00","NA",0,"2",9,"9","4","30","4","4,00","WHO.VR",10,10,20,22,2,24,69,58,81,50,0,0,64,66,0,60,30,1,4
37,22,1,"1,00","NA",0,"2",9,"9","4","30","4","4,00","WHO.VR",10,10,20,19,4,23,69,58,78,52,0,0,64,65,0,60,30,1,4
37,23,1,"1,00","NA",0,"2",9,"9","4","30","4","4,00","WHO.VR",10,10,20,16,6,22,69,58,75,54,0,0,64,65,0,60,30,1,4
37,24,1,"1,00","NA",0,"2",9,"9","4","30","4","4,00","WHO.VR",10,10,20,13,8,21,69,58,72,56,0,0,64,64,0,60,30,1,4
37,25,1,"1,00","NA",1,"2",9,"9","4","30","4","4,00","WHO.VR",10,10,20,7,12,19,69,58,66,60,0,0,64,63,0,60,30,1,4
37,26,1,"1,00","NA",1,"2",9,"9","4","30","4","4,00","WHO.VR",10,10,20,4,14,18,69,58,63,62,0,0,64,63,0,60,30,1,4
37,27,1,"1,00","NA",0,"2",9,"9","4","30","4","4,00","WHO.VR",10,10,20,1,16,17,69,58,60,64,0,0,64,62,0,60,30,1,4
37,31,1,"1,00","NA",0,"2",9,"9","4","30","4","4,00","WHO.VR",10,10,20,22,2,24,69,43,81,35,1,0,56,58,0,60,30,1,4
37,32,1,"1,00","NA",0,"2",9,"9","4","30","4","4,00","WHO.VR",10,10,20,19,4,23,69,43,78,37,1,0,56,58,0,60,30,1,4
37,33,1,"1,00","NA",0,"2",9,"9","4","30","4","4,00","WHO.VR",10,10,20,16,6,22,69,43,75,39,1,0,56,57,0,60,30,1,4
37,34,1,"1,00","NA",0,"2",9,"9","4","30","4","4,00","WHO.VR",10,10,20,13,8,21,69,43,72,41,1,0,56,57,0,60,30,1,4
37,35,1,"1,00","NA",0,"2",9,"9","4","30","4","4,00","WHO.VR",10,10,20,7,12,19,69,43,66,45,1,0,56,56,0,60,30,1,4
37,36,1,"1,00","NA",1,"2",9,"9","4","30","4","4,00","WHO.VR",10,10,20,4,14,18,69,43,63,47,1,0,56,55,0,60,30,1,4
37,37,1,"1,00","NA",0,"2",9,"9","4","30","4","4,00","WHO.VR",10,10,20,1,16,17,69,43,60,49,1,0,56,55,0,60,30,1,4
37,41,1,"1,00","NA",0,"2",9,"9","4","30","4","4,00","WHO.VR",10,10,20,22,2,24,69,33,81,25,0,1,51,53,0,60,30,1,4
37,42,1,"1,00","NA",0,"2",9,"9","4","30","4","4,00","WHO.VR",10,10,20,19,4,23,69,33,78,27,0,1,51,53,0,60,30,1,4
37,43,1,"1,00","NA",0,"2",9,"9","4","30","4","4,00","WHO.VR",10,10,20,16,6,22,69,33,75,29,0,1,51,52,0,60,30,1,4
37,44,1,"1,00","NA",0,"2",9,"9","4","30","4","4,00","WHO.VR",10,10,20,13,8,21,69,33,72,31,0,1,51,52,0,60,30,1,4
37,45,1,"1,00","NA",1,"2",9,"9","4","30","4","4,00","WHO.VR",10,10,20,7,12,19,69,33,66,35,0,1,51,51,0,60,30,1,4
37,46,1,"1,00","NA",0,"2",9,"9","4","30","4","4,00","WHO.VR",10,10,20,4,14,18,69,33,63,37,0,1,51,50,0,60,30,1,4
37,47,1,"1,00","NA",0,"2",9,"9","4","30","4","4,00","WHO.VR",10,10,20,1,16,17,69,33,60,39,0,1,51,50,0,60,30,1,4
38,21,1,"2,00","NA",1,"2",9,"5","4","32","4","5,00","WHO.VR",10,10,20,22,2,24,69,58,81,50,0,0,64,66,0,80,32,2,5
38,22,1,"2,00","NA",0,"2",9,"5","4","32","4","5,00","WHO.VR",10,10,20,19,4,23,69,58,78,52,0,0,64,65,0,80,32,2,5
38,23,1,"2,00","NA",0,"2",9,"5","4","32","4","5,00","WHO.VR",10,10,20,16,6,22,69,58,75,54,0,0,64,65,0,80,32,2,5
38,24,1,"2,00","NA",0,"2",9,"5","4","32","4","5,00","WHO.VR",10,10,20,13,8,21,69,58,72,56,0,0,64,64,0,80,32,2,5
38,25,1,"2,00","NA",1,"2",9,"5","4","32","4","5,00","WHO.VR",10,10,20,7,12,19,69,58,66,60,0,0,64,63,0,80,32,2,5
38,26,1,"2,00","NA",0,"2",9,"5","4","32","4","5,00","WHO.VR",10,10,20,4,14,18,69,58,63,62,0,0,64,63,0,80,32,2,5
38,27,1,"2,00","NA",0,"2",9,"5","4","32","4","5,00","WHO.VR",10,10,20,1,16,17,69,58,60,64,0,0,64,62,0,80,32,2,5
38,31,1,"2,00","NA",0,"2",9,"5","4","32","4","5,00","WHO.VR",10,10,20,22,2,24,69,43,81,35,1,0,56,58,0,80,32,2,5
38,32,1,"2,00","NA",0,"2",9,"5","4","32","4","5,00","WHO.VR",10,10,20,19,4,23,69,43,78,37,1,0,56,58,0,80,32,2,5
38,33,1,"2,00","NA",0,"2",9,"5","4","32","4","5,00","WHO.VR",10,10,20,16,6,22,69,43,75,39,1,0,56,57,0,80,32,2,5
38,34,1,"2,00","NA",0,"2",9,"5","4","32","4","5,00","WHO.VR",10,10,20,13,8,21,69,43,72,41,1,0,56,57,0,80,32,2,5
38,35,1,"2,00","NA",0,"2",9,"5","4","32","4","5,00","WHO.VR",10,10,20,7,12,19,69,43,66,45,1,0,56,56,0,80,32,2,5
38,36,1,"2,00","NA",0,"2",9,"5","4","32","4","5,00","WHO.VR",10,10,20,4,14,18,69,43,63,47,1,0,56,55,0,80,32,2,5
38,37,1,"2,00","NA",1,"2",9,"5","4","32","4","5,00","WHO.VR",10,10,20,1,16,17,69,43,60,49,1,0,56,55,0,80,32,2,5
38,41,1,"2,00","NA",0,"2",9,"5","4","32","4","5,00","WHO.VR",10,10,20,22,2,24,69,33,81,25,0,1,51,53,0,80,32,2,5
38,42,1,"2,00","NA",0,"2",9,"5","4","32","4","5,00","WHO.VR",10,10,20,19,4,23,69,33,78,27,0,1,51,53,0,80,32,2,5
38,43,1,"2,00","NA",1,"2",9,"5","4","32","4","5,00","WHO.VR",10,10,20,16,6,22,69,33,75,29,0,1,51,52,0,80,32,2,5
38,44,1,"2,00","NA",1,"2",9,"5","4","32","4","5,00","WHO.VR",10,10,20,13,8,21,69,33,72,31,0,1,51,52,0,80,32,2,5
38,45,1,"2,00","NA",1,"2",9,"5","4","32","4","5,00","WHO.VR",10,10,20,7,12,19,69,33,66,35,0,1,51,51,0,80,32,2,5
38,46,1,"2,00","NA",0,"2",9,"5","4","32","4","5,00","WHO.VR",10,10,20,4,14,18,69,33,63,37,0,1,51,50,0,80,32,2,5
38,47,1,"2,00","NA",1,"2",9,"5","4","32","4","5,00","WHO.VR",10,10,20,1,16,17,69,33,60,39,0,1,51,50,0,80,32,2,5
39,21,1,"1,00","NA",0,"2",10,"5","7","15","4","2,00","WHO.VR",10,10,20,22,2,24,69,58,81,50,0,0,64,66,0,70,15,1,2
39,22,1,"1,00","NA",0,"2",10,"5","7","15","4","2,00","WHO.VR",10,10,20,19,4,23,69,58,78,52,0,0,64,65,0,70,15,1,2
39,23,1,"1,00","NA",0,"2",10,"5","7","15","4","2,00","WHO.VR",10,10,20,16,6,22,69,58,75,54,0,0,64,65,0,70,15,1,2
39,24,1,"1,00","NA",0,"2",10,"5","7","15","4","2,00","WHO.VR",10,10,20,13,8,21,69,58,72,56,0,0,64,64,0,70,15,1,2
39,25,1,"1,00","NA",1,"2",10,"5","7","15","4","2,00","WHO.VR",10,10,20,7,12,19,69,58,66,60,0,0,64,63,0,70,15,1,2
39,26,1,"1,00","NA",1,"2",10,"5","7","15","4","2,00","WHO.VR",10,10,20,4,14,18,69,58,63,62,0,0,64,63,0,70,15,1,2
39,27,1,"1,00","NA",1,"2",10,"5","7","15","4","2,00","WHO.VR",10,10,20,1,16,17,69,58,60,64,0,0,64,62,0,70,15,1,2
39,31,1,"1,00","NA",1,"2",10,"5","7","15","4","2,00","WHO.VR",10,10,20,22,2,24,69,43,81,35,1,0,56,58,0,70,15,1,2
39,32,1,"1,00","NA",1,"2",10,"5","7","15","4","2,00","WHO.VR",10,10,20,19,4,23,69,43,78,37,1,0,56,58,0,70,15,1,2
39,33,1,"1,00","NA",1,"2",10,"5","7","15","4","2,00","WHO.VR",10,10,20,16,6,22,69,43,75,39,1,0,56,57,0,70,15,1,2
39,34,1,"1,00","NA",1,"2",10,"5","7","15","4","2,00","WHO.VR",10,10,20,13,8,21,69,43,72,41,1,0,56,57,0,70,15,1,2
39,35,1,"1,00","NA",1,"2",10,"5","7","15","4","2,00","WHO.VR",10,10,20,7,12,19,69,43,66,45,1,0,56,56,0,70,15,1,2
39,36,1,"1,00","NA",1,"2",10,"5","7","15","4","2,00","WHO.VR",10,10,20,4,14,18,69,43,63,47,1,0,56,55,0,70,15,1,2
39,37,1,"1,00","NA",1,"2",10,"5","7","15","4","2,00","WHO.VR",10,10,20,1,16,17,69,43,60,49,1,0,56,55,0,70,15,1,2
39,41,1,"1,00","NA",0,"2",10,"5","7","15","4","2,00","WHO.VR",10,10,20,22,2,24,69,33,81,25,0,1,51,53,0,70,15,1,2
39,42,1,"1,00","NA",0,"2",10,"5","7","15","4","2,00","WHO.VR",10,10,20,19,4,23,69,33,78,27,0,1,51,53,0,70,15,1,2
39,43,1,"1,00","NA",1,"2",10,"5","7","15","4","2,00","WHO.VR",10,10,20,16,6,22,69,33,75,29,0,1,51,52,0,70,15,1,2
39,44,1,"1,00","NA",1,"2",10,"5","7","15","4","2,00","WHO.VR",10,10,20,13,8,21,69,33,72,31,0,1,51,52,0,70,15,1,2
39,45,1,"1,00","NA",1,"2",10,"5","7","15","4","2,00","WHO.VR",10,10,20,7,12,19,69,33,66,35,0,1,51,51,0,70,15,1,2
39,46,1,"1,00","NA",1,"2",10,"5","7","15","4","2,00","WHO.VR",10,10,20,4,14,18,69,33,63,37,0,1,51,50,0,70,15,1,2
39,47,1,"1,00","NA",NA,"2",10,"5","7","15","4","2,00","WHO.VR",10,10,20,1,16,17,69,33,60,39,0,1,51,50,0,70,15,1,2
40,21,1,"1,00","NA",0,"2",7,"6","1,4,7","25","4","2,00","WHO.VR",10,10,20,22,2,24,69,58,81,50,0,0,64,66,0,90,25,1,2
40,22,1,"1,00","NA",0,"2",7,"6","1,4,7","25","4","2,00","WHO.VR",10,10,20,19,4,23,69,58,78,52,0,0,64,65,0,90,25,1,2
40,23,1,"1,00","NA",0,"2",7,"6","1,4,7","25","4","2,00","WHO.VR",10,10,20,16,6,22,69,58,75,54,0,0,64,65,0,90,25,1,2
40,24,1,"1,00","NA",0,"2",7,"6","1,4,7","25","4","2,00","WHO.VR",10,10,20,13,8,21,69,58,72,56,0,0,64,64,0,90,25,1,2
40,25,1,"1,00","NA",1,"2",7,"6","1,4,7","25","4","2,00","WHO.VR",10,10,20,7,12,19,69,58,66,60,0,0,64,63,0,90,25,1,2
40,26,1,"1,00","NA",1,"2",7,"6","1,4,7","25","4","2,00","WHO.VR",10,10,20,4,14,18,69,58,63,62,0,0,64,63,0,90,25,1,2
40,27,1,"1,00","NA",1,"2",7,"6","1,4,7","25","4","2,00","WHO.VR",10,10,20,1,16,17,69,58,60,64,0,0,64,62,0,90,25,1,2
40,31,1,"1,00","NA",0,"2",7,"6","1,4,7","25","4","2,00","WHO.VR",10,10,20,22,2,24,69,43,81,35,1,0,56,58,0,90,25,1,2
40,32,1,"1,00","NA",0,"2",7,"6","1,4,7","25","4","2,00","WHO.VR",10,10,20,19,4,23,69,43,78,37,1,0,56,58,0,90,25,1,2
40,33,1,"1,00","NA",0,"2",7,"6","1,4,7","25","4","2,00","WHO.VR",10,10,20,16,6,22,69,43,75,39,1,0,56,57,0,90,25,1,2
40,34,1,"1,00","NA",0,"2",7,"6","1,4,7","25","4","2,00","WHO.VR",10,10,20,13,8,21,69,43,72,41,1,0,56,57,0,90,25,1,2
40,35,1,"1,00","NA",1,"2",7,"6","1,4,7","25","4","2,00","WHO.VR",10,10,20,7,12,19,69,43,66,45,1,0,56,56,0,90,25,1,2
40,36,1,"1,00","NA",1,"2",7,"6","1,4,7","25","4","2,00","WHO.VR",10,10,20,4,14,18,69,43,63,47,1,0,56,55,0,90,25,1,2
40,37,1,"1,00","NA",1,"2",7,"6","1,4,7","25","4","2,00","WHO.VR",10,10,20,1,16,17,69,43,60,49,1,0,56,55,0,90,25,1,2
40,41,1,"1,00","NA",0,"2",7,"6","1,4,7","25","4","2,00","WHO.VR",10,10,20,22,2,24,69,33,81,25,0,1,51,53,0,90,25,1,2
40,42,1,"1,00","NA",0,"2",7,"6","1,4,7","25","4","2,00","WHO.VR",10,10,20,19,4,23,69,33,78,27,0,1,51,53,0,90,25,1,2
40,43,1,"1,00","NA",0,"2",7,"6","1,4,7","25","4","2,00","WHO.VR",10,10,20,16,6,22,69,33,75,29,0,1,51,52,0,90,25,1,2
40,44,1,"1,00","NA",0,"2",7,"6","1,4,7","25","4","2,00","WHO.VR",10,10,20,13,8,21,69,33,72,31,0,1,51,52,0,90,25,1,2
40,45,1,"1,00","NA",1,"2",7,"6","1,4,7","25","4","2,00","WHO.VR",10,10,20,7,12,19,69,33,66,35,0,1,51,51,0,90,25,1,2
40,46,1,"1,00","NA",1,"2",7,"6","1,4,7","25","4","2,00","WHO.VR",10,10,20,4,14,18,69,33,63,37,0,1,51,50,0,90,25,1,2
40,47,1,"1,00","NA",1,"2",7,"6","1,4,7","25","4","2,00","WHO.VR",10,10,20,1,16,17,69,33,60,39,0,1,51,50,0,90,25,1,2
41,21,1,"1,00","NA",0,"2",8,"5","7","16","4","4,00","WHO.VR",10,10,20,22,2,24,69,58,81,50,0,0,64,66,0,80,16,1,4
41,22,1,"1,00","NA",0,"2",8,"5","7","16","4","4,00","WHO.VR",10,10,20,19,4,23,69,58,78,52,0,0,64,65,0,80,16,1,4
41,23,1,"1,00","NA",0,"2",8,"5","7","16","4","4,00","WHO.VR",10,10,20,16,6,22,69,58,75,54,0,0,64,65,0,80,16,1,4
41,24,1,"1,00","NA",0,"2",8,"5","7","16","4","4,00","WHO.VR",10,10,20,13,8,21,69,58,72,56,0,0,64,64,0,80,16,1,4
41,25,1,"1,00","NA",1,"2",8,"5","7","16","4","4,00","WHO.VR",10,10,20,7,12,19,69,58,66,60,0,0,64,63,0,80,16,1,4
41,26,1,"1,00","NA",1,"2",8,"5","7","16","4","4,00","WHO.VR",10,10,20,4,14,18,69,58,63,62,0,0,64,63,0,80,16,1,4
41,27,1,"1,00","NA",0,"2",8,"5","7","16","4","4,00","WHO.VR",10,10,20,1,16,17,69,58,60,64,0,0,64,62,0,80,16,1,4
41,31,1,"1,00","NA",0,"2",8,"5","7","16","4","4,00","WHO.VR",10,10,20,22,2,24,69,43,81,35,1,0,56,58,0,80,16,1,4
41,32,1,"1,00","NA",0,"2",8,"5","7","16","4","4,00","WHO.VR",10,10,20,19,4,23,69,43,78,37,1,0,56,58,0,80,16,1,4
41,33,1,"1,00","NA",0,"2",8,"5","7","16","4","4,00","WHO.VR",10,10,20,16,6,22,69,43,75,39,1,0,56,57,0,80,16,1,4
41,34,1,"1,00","NA",0,"2",8,"5","7","16","4","4,00","WHO.VR",10,10,20,13,8,21,69,43,72,41,1,0,56,57,0,80,16,1,4
41,35,1,"1,00","NA",1,"2",8,"5","7","16","4","4,00","WHO.VR",10,10,20,7,12,19,69,43,66,45,1,0,56,56,0,80,16,1,4
41,36,1,"1,00","NA",1,"2",8,"5","7","16","4","4,00","WHO.VR",10,10,20,4,14,18,69,43,63,47,1,0,56,55,0,80,16,1,4
41,37,1,"1,00","NA",0,"2",8,"5","7","16","4","4,00","WHO.VR",10,10,20,1,16,17,69,43,60,49,1,0,56,55,0,80,16,1,4
41,41,1,"1,00","NA",0,"2",8,"5","7","16","4","4,00","WHO.VR",10,10,20,22,2,24,69,33,81,25,0,1,51,53,0,80,16,1,4
41,42,1,"1,00","NA",NA,"2",8,"5","7","16","4","4,00","WHO.VR",10,10,20,19,4,23,69,33,78,27,0,1,51,53,0,80,16,1,4
41,43,1,"1,00","NA",NA,"2",8,"5","7","16","4","4,00","WHO.VR",10,10,20,16,6,22,69,33,75,29,0,1,51,52,0,80,16,1,4
41,44,1,"1,00","NA",NA,"2",8,"5","7","16","4","4,00","WHO.VR",10,10,20,13,8,21,69,33,72,31,0,1,51,52,0,80,16,1,4
41,45,1,"1,00","NA",1,"2",8,"5","7","16","4","4,00","WHO.VR",10,10,20,7,12,19,69,33,66,35,0,1,51,51,0,80,16,1,4
41,46,1,"1,00","NA",1,"2",8,"5","7","16","4","4,00","WHO.VR",10,10,20,4,14,18,69,33,63,37,0,1,51,50,0,80,16,1,4
41,47,1,"1,00","NA",0,"2",8,"5","7","16","4","4,00","WHO.VR",10,10,20,1,16,17,69,33,60,39,0,1,51,50,0,80,16,1,4
42,21,2,"","NA",NA,"",NA,"","","","","","WHO.VR",10,10,20,22,2,24,69,58,81,50,0,0,64,66,0,NA,NA,NA,NA
42,22,2,"","NA",NA,"",NA,"","","","","","WHO.VR",10,10,20,19,4,23,69,58,78,52,0,0,64,65,0,NA,NA,NA,NA
42,23,2,"","NA",NA,"",NA,"","","","","","WHO.VR",10,10,20,16,6,22,69,58,75,54,0,0,64,65,0,NA,NA,NA,NA
42,24,2,"","NA",NA,"",NA,"","","","","","WHO.VR",10,10,20,13,8,21,69,58,72,56,0,0,64,64,0,NA,NA,NA,NA
42,25,2,"","NA",NA,"",NA,"","","","","","WHO.VR",10,10,20,7,12,19,69,58,66,60,0,0,64,63,0,NA,NA,NA,NA
42,26,2,"","NA",NA,"",NA,"","","","","","WHO.VR",10,10,20,4,14,18,69,58,63,62,0,0,64,63,0,NA,NA,NA,NA
42,27,2,"","NA",NA,"",NA,"","","","","","WHO.VR",10,10,20,1,16,17,69,58,60,64,0,0,64,62,0,NA,NA,NA,NA
42,31,2,"","NA",NA,"",NA,"","","","","","WHO.VR",10,10,20,22,2,24,69,43,81,35,1,0,56,58,0,NA,NA,NA,NA
42,32,2,"","NA",NA,"",NA,"","","","","","WHO.VR",10,10,20,19,4,23,69,43,78,37,1,0,56,58,0,NA,NA,NA,NA
42,33,2,"","NA",NA,"",NA,"","","","","","WHO.VR",10,10,20,16,6,22,69,43,75,39,1,0,56,57,0,NA,NA,NA,NA
42,34,2,"","NA",NA,"",NA,"","","","","","WHO.VR",10,10,20,13,8,21,69,43,72,41,1,0,56,57,0,NA,NA,NA,NA
42,35,2,"","NA",NA,"",NA,"","","","","","WHO.VR",10,10,20,7,12,19,69,43,66,45,1,0,56,56,0,NA,NA,NA,NA
42,36,2,"","NA",NA,"",NA,"","","","","","WHO.VR",10,10,20,4,14,18,69,43,63,47,1,0,56,55,0,NA,NA,NA,NA
42,37,2,"","NA",NA,"",NA,"","","","","","WHO.VR",10,10,20,1,16,17,69,43,60,49,1,0,56,55,0,NA,NA,NA,NA
42,41,2,"","NA",NA,"",NA,"","","","","","WHO.VR",10,10,20,22,2,24,69,33,81,25,0,1,51,53,0,NA,NA,NA,NA
42,42,2,"","NA",NA,"",NA,"","","","","","WHO.VR",10,10,20,19,4,23,69,33,78,27,0,1,51,53,0,NA,NA,NA,NA
42,43,2,"","NA",NA,"",NA,"","","","","","WHO.VR",10,10,20,16,6,22,69,33,75,29,0,1,51,52,0,NA,NA,NA,NA
42,44,2,"","NA",NA,"",NA,"","","","","","WHO.VR",10,10,20,13,8,21,69,33,72,31,0,1,51,52,0,NA,NA,NA,NA
42,45,2,"","NA",NA,"",NA,"","","","","","WHO.VR",10,10,20,7,12,19,69,33,66,35,0,1,51,51,0,NA,NA,NA,NA
42,46,2,"","NA",NA,"",NA,"","","","","","WHO.VR",10,10,20,4,14,18,69,33,63,37,0,1,51,50,0,NA,NA,NA,NA
42,47,2,"","NA",NA,"",NA,"","","","","","WHO.VR",10,10,20,1,16,17,69,33,60,39,0,1,51,50,0,NA,NA,NA,NA
43,21,1,"2,00","NA",0,"2",9,"5","4","22","4","2,00","WHO.VR",10,10,20,22,2,24,69,58,81,50,0,0,64,66,0,90,22,2,2
43,22,1,"2,00","NA",0,"2",9,"5","4","22","4","2,00","WHO.VR",10,10,20,19,4,23,69,58,78,52,0,0,64,65,0,90,22,2,2
43,23,1,"2,00","NA",0,"2",9,"5","4","22","4","2,00","WHO.VR",10,10,20,16,6,22,69,58,75,54,0,0,64,65,0,90,22,2,2
43,24,1,"2,00","NA",0,"2",9,"5","4","22","4","2,00","WHO.VR",10,10,20,13,8,21,69,58,72,56,0,0,64,64,0,90,22,2,2
43,25,1,"2,00","NA",0,"2",9,"5","4","22","4","2,00","WHO.VR",10,10,20,7,12,19,69,58,66,60,0,0,64,63,0,90,22,2,2
43,26,1,"2,00","NA",0,"2",9,"5","4","22","4","2,00","WHO.VR",10,10,20,4,14,18,69,58,63,62,0,0,64,63,0,90,22,2,2
43,27,1,"2,00","NA",0,"2",9,"5","4","22","4","2,00","WHO.VR",10,10,20,1,16,17,69,58,60,64,0,0,64,62,0,90,22,2,2
43,31,1,"2,00","NA",0,"2",9,"5","4","22","4","2,00","WHO.VR",10,10,20,22,2,24,69,43,81,35,1,0,56,58,0,90,22,2,2
43,32,1,"2,00","NA",0,"2",9,"5","4","22","4","2,00","WHO.VR",10,10,20,19,4,23,69,43,78,37,1,0,56,58,0,90,22,2,2
43,33,1,"2,00","NA",0,"2",9,"5","4","22","4","2,00","WHO.VR",10,10,20,16,6,22,69,43,75,39,1,0,56,57,0,90,22,2,2
43,34,1,"2,00","NA",0,"2",9,"5","4","22","4","2,00","WHO.VR",10,10,20,13,8,21,69,43,72,41,1,0,56,57,0,90,22,2,2
43,35,1,"2,00","NA",0,"2",9,"5","4","22","4","2,00","WHO.VR",10,10,20,7,12,19,69,43,66,45,1,0,56,56,0,90,22,2,2
43,36,1,"2,00","NA",0,"2",9,"5","4","22","4","2,00","WHO.VR",10,10,20,4,14,18,69,43,63,47,1,0,56,55,0,90,22,2,2
43,37,1,"2,00","NA",0,"2",9,"5","4","22","4","2,00","WHO.VR",10,10,20,1,16,17,69,43,60,49,1,0,56,55,0,90,22,2,2
43,41,1,"2,00","NA",0,"2",9,"5","4","22","4","2,00","WHO.VR",10,10,20,22,2,24,69,33,81,25,0,1,51,53,0,90,22,2,2
43,42,1,"2,00","NA",0,"2",9,"5","4","22","4","2,00","WHO.VR",10,10,20,19,4,23,69,33,78,27,0,1,51,53,0,90,22,2,2
43,43,1,"2,00","NA",0,"2",9,"5","4","22","4","2,00","WHO.VR",10,10,20,16,6,22,69,33,75,29,0,1,51,52,0,90,22,2,2
43,44,1,"2,00","NA",0,"2",9,"5","4","22","4","2,00","WHO.VR",10,10,20,13,8,21,69,33,72,31,0,1,51,52,0,90,22,2,2
43,45,1,"2,00","NA",0,"2",9,"5","4","22","4","2,00","WHO.VR",10,10,20,7,12,19,69,33,66,35,0,1,51,51,0,90,22,2,2
43,46,1,"2,00","NA",0,"2",9,"5","4","22","4","2,00","WHO.VR",10,10,20,4,14,18,69,33,63,37,0,1,51,50,0,90,22,2,2
43,47,1,"2,00","NA",0,"2",9,"5","4","22","4","2,00","WHO.VR",10,10,20,1,16,17,69,33,60,39,0,1,51,50,0,90,22,2,2
44,21,1,"2,00","NA",0,"2",8,"5","4,7","10","5","2,00","WHO.VR",10,10,20,22,2,24,69,58,81,50,0,0,64,66,0,NA,10,2,2
44,22,1,"2,00","NA",0,"2",8,"5","4,7","10","5","2,00","WHO.VR",10,10,20,19,4,23,69,58,78,52,0,0,64,65,0,NA,10,2,2
44,23,1,"2,00","NA",0,"2",8,"5","4,7","10","5","2,00","WHO.VR",10,10,20,16,6,22,69,58,75,54,0,0,64,65,0,NA,10,2,2
44,24,1,"2,00","NA",0,"2",8,"5","4,7","10","5","2,00","WHO.VR",10,10,20,13,8,21,69,58,72,56,0,0,64,64,0,NA,10,2,2
44,25,1,"2,00","NA",1,"2",8,"5","4,7","10","5","2,00","WHO.VR",10,10,20,7,12,19,69,58,66,60,0,0,64,63,0,NA,10,2,2
44,26,1,"2,00","NA",1,"2",8,"5","4,7","10","5","2,00","WHO.VR",10,10,20,4,14,18,69,58,63,62,0,0,64,63,0,NA,10,2,2
44,27,1,"2,00","NA",1,"2",8,"5","4,7","10","5","2,00","WHO.VR",10,10,20,1,16,17,69,58,60,64,0,0,64,62,0,NA,10,2,2
44,31,1,"2,00","NA",1,"2",8,"5","4,7","10","5","2,00","WHO.VR",10,10,20,22,2,24,69,43,81,35,1,0,56,58,0,NA,10,2,2
44,32,1,"2,00","NA",0,"2",8,"5","4,7","10","5","2,00","WHO.VR",10,10,20,19,4,23,69,43,78,37,1,0,56,58,0,NA,10,2,2
44,33,1,"2,00","NA",0,"2",8,"5","4,7","10","5","2,00","WHO.VR",10,10,20,16,6,22,69,43,75,39,1,0,56,57,0,NA,10,2,2
44,34,1,"2,00","NA",0,"2",8,"5","4,7","10","5","2,00","WHO.VR",10,10,20,13,8,21,69,43,72,41,1,0,56,57,0,NA,10,2,2
44,35,1,"2,00","NA",1,"2",8,"5","4,7","10","5","2,00","WHO.VR",10,10,20,7,12,19,69,43,66,45,1,0,56,56,0,NA,10,2,2
44,36,1,"2,00","NA",1,"2",8,"5","4,7","10","5","2,00","WHO.VR",10,10,20,4,14,18,69,43,63,47,1,0,56,55,0,NA,10,2,2
44,37,1,"2,00","NA",1,"2",8,"5","4,7","10","5","2,00","WHO.VR",10,10,20,1,16,17,69,43,60,49,1,0,56,55,0,NA,10,2,2
44,41,1,"2,00","NA",0,"2",8,"5","4,7","10","5","2,00","WHO.VR",10,10,20,22,2,24,69,33,81,25,0,1,51,53,0,NA,10,2,2
44,42,1,"2,00","NA",1,"2",8,"5","4,7","10","5","2,00","WHO.VR",10,10,20,19,4,23,69,33,78,27,0,1,51,53,0,NA,10,2,2
44,43,1,"2,00","NA",0,"2",8,"5","4,7","10","5","2,00","WHO.VR",10,10,20,16,6,22,69,33,75,29,0,1,51,52,0,NA,10,2,2
44,44,1,"2,00","NA",0,"2",8,"5","4,7","10","5","2,00","WHO.VR",10,10,20,13,8,21,69,33,72,31,0,1,51,52,0,NA,10,2,2
44,45,1,"2,00","NA",0,"2",8,"5","4,7","10","5","2,00","WHO.VR",10,10,20,7,12,19,69,33,66,35,0,1,51,51,0,NA,10,2,2
44,46,1,"2,00","NA",0,"2",8,"5","4,7","10","5","2,00","WHO.VR",10,10,20,4,14,18,69,33,63,37,0,1,51,50,0,NA,10,2,2
44,47,1,"2,00","NA",1,"2",8,"5","4,7","10","5","2,00","WHO.VR",10,10,20,1,16,17,69,33,60,39,0,1,51,50,0,NA,10,2,2
45,21,1,"1,00","NA",0,"1",4,"5","7","7","4","1,00","WHO.VR",10,10,20,22,2,24,69,58,81,50,0,0,64,66,1,95,7,1,1
45,22,1,"1,00","NA",0,"1",4,"5","7","7","4","1,00","WHO.VR",10,10,20,19,4,23,69,58,78,52,0,0,64,65,1,95,7,1,1
45,23,1,"1,00","NA",0,"1",4,"5","7","7","4","1,00","WHO.VR",10,10,20,16,6,22,69,58,75,54,0,0,64,65,1,95,7,1,1
45,24,1,"1,00","NA",0,"1",4,"5","7","7","4","1,00","WHO.VR",10,10,20,13,8,21,69,58,72,56,0,0,64,64,1,95,7,1,1
45,25,1,"1,00","NA",1,"1",4,"5","7","7","4","1,00","WHO.VR",10,10,20,7,12,19,69,58,66,60,0,0,64,63,1,95,7,1,1
45,26,1,"1,00","NA",1,"1",4,"5","7","7","4","1,00","WHO.VR",10,10,20,4,14,18,69,58,63,62,0,0,64,63,1,95,7,1,1
45,27,1,"1,00","NA",0,"1",4,"5","7","7","4","1,00","WHO.VR",10,10,20,1,16,17,69,58,60,64,0,0,64,62,1,95,7,1,1
45,31,1,"1,00","NA",0,"1",4,"5","7","7","4","1,00","WHO.VR",10,10,20,22,2,24,69,43,81,35,1,0,56,58,1,95,7,1,1
45,32,1,"1,00","NA",0,"1",4,"5","7","7","4","1,00","WHO.VR",10,10,20,19,4,23,69,43,78,37,1,0,56,58,1,95,7,1,1
45,33,1,"1,00","NA",0,"1",4,"5","7","7","4","1,00","WHO.VR",10,10,20,16,6,22,69,43,75,39,1,0,56,57,1,95,7,1,1
45,34,1,"1,00","NA",0,"1",4,"5","7","7","4","1,00","WHO.VR",10,10,20,13,8,21,69,43,72,41,1,0,56,57,1,95,7,1,1
45,35,1,"1,00","NA",1,"1",4,"5","7","7","4","1,00","WHO.VR",10,10,20,7,12,19,69,43,66,45,1,0,56,56,1,95,7,1,1
45,36,1,"1,00","NA",1,"1",4,"5","7","7","4","1,00","WHO.VR",10,10,20,4,14,18,69,43,63,47,1,0,56,55,1,95,7,1,1
45,37,1,"1,00","NA",1,"1",4,"5","7","7","4","1,00","WHO.VR",10,10,20,1,16,17,69,43,60,49,1,0,56,55,1,95,7,1,1
45,41,1,"1,00","NA",0,"1",4,"5","7","7","4","1,00","WHO.VR",10,10,20,22,2,24,69,33,81,25,0,1,51,53,1,95,7,1,1
45,42,1,"1,00","NA",0,"1",4,"5","7","7","4","1,00","WHO.VR",10,10,20,19,4,23,69,33,78,27,0,1,51,53,1,95,7,1,1
45,43,1,"1,00","NA",0,"1",4,"5","7","7","4","1,00","WHO.VR",10,10,20,16,6,22,69,33,75,29,0,1,51,52,1,95,7,1,1
45,44,1,"1,00","NA",0,"1",4,"5","7","7","4","1,00","WHO.VR",10,10,20,13,8,21,69,33,72,31,0,1,51,52,1,95,7,1,1
45,45,1,"1,00","NA",1,"1",4,"5","7","7","4","1,00","WHO.VR",10,10,20,7,12,19,69,33,66,35,0,1,51,51,1,95,7,1,1
45,46,1,"1,00","NA",1,"1",4,"5","7","7","4","1,00","WHO.VR",10,10,20,4,14,18,69,33,63,37,0,1,51,50,1,95,7,1,1
45,47,1,"1,00","NA",1,"1",4,"5","7","7","4","1,00","WHO.VR",10,10,20,1,16,17,69,33,60,39,0,1,51,50,1,95,7,1,1
46,21,1,"2,00","NA",0,"2",7,"6","7","","4","2,00","WHO.VR",10,10,20,22,2,24,69,58,81,50,0,0,64,66,0,80,NA,2,2
46,22,1,"2,00","NA",NA,"2",7,"6","7","","4","2,00","WHO.VR",10,10,20,19,4,23,69,58,78,52,0,0,64,65,0,80,NA,2,2
46,23,1,"2,00","NA",0,"2",7,"6","7","","4","2,00","WHO.VR",10,10,20,16,6,22,69,58,75,54,0,0,64,65,0,80,NA,2,2
46,24,1,"2,00","NA",0,"2",7,"6","7","","4","2,00","WHO.VR",10,10,20,13,8,21,69,58,72,56,0,0,64,64,0,80,NA,2,2
46,25,1,"2,00","NA",1,"2",7,"6","7","","4","2,00","WHO.VR",10,10,20,7,12,19,69,58,66,60,0,0,64,63,0,80,NA,2,2
46,26,1,"2,00","NA",1,"2",7,"6","7","","4","2,00","WHO.VR",10,10,20,4,14,18,69,58,63,62,0,0,64,63,0,80,NA,2,2
46,27,1,"2,00","NA",1,"2",7,"6","7","","4","2,00","WHO.VR",10,10,20,1,16,17,69,58,60,64,0,0,64,62,0,80,NA,2,2
46,31,1,"2,00","NA",0,"2",7,"6","7","","4","2,00","WHO.VR",10,10,20,22,2,24,69,43,81,35,1,0,56,58,0,80,NA,2,2
46,32,1,"2,00","NA",0,"2",7,"6","7","","4","2,00","WHO.VR",10,10,20,19,4,23,69,43,78,37,1,0,56,58,0,80,NA,2,2
46,33,1,"2,00","NA",0,"2",7,"6","7","","4","2,00","WHO.VR",10,10,20,16,6,22,69,43,75,39,1,0,56,57,0,80,NA,2,2
46,34,1,"2,00","NA",0,"2",7,"6","7","","4","2,00","WHO.VR",10,10,20,13,8,21,69,43,72,41,1,0,56,57,0,80,NA,2,2
46,35,1,"2,00","NA",1,"2",7,"6","7","","4","2,00","WHO.VR",10,10,20,7,12,19,69,43,66,45,1,0,56,56,0,80,NA,2,2
46,36,1,"2,00","NA",1,"2",7,"6","7","","4","2,00","WHO.VR",10,10,20,4,14,18,69,43,63,47,1,0,56,55,0,80,NA,2,2
46,37,1,"2,00","NA",1,"2",7,"6","7","","4","2,00","WHO.VR",10,10,20,1,16,17,69,43,60,49,1,0,56,55,0,80,NA,2,2
46,41,1,"2,00","NA",0,"2",7,"6","7","","4","2,00","WHO.VR",10,10,20,22,2,24,69,33,81,25,0,1,51,53,0,80,NA,2,2
46,42,1,"2,00","NA",0,"2",7,"6","7","","4","2,00","WHO.VR",10,10,20,19,4,23,69,33,78,27,0,1,51,53,0,80,NA,2,2
46,43,1,"2,00","NA",0,"2",7,"6","7","","4","2,00","WHO.VR",10,10,20,16,6,22,69,33,75,29,0,1,51,52,0,80,NA,2,2
46,44,1,"2,00","NA",0,"2",7,"6","7","","4","2,00","WHO.VR",10,10,20,13,8,21,69,33,72,31,0,1,51,52,0,80,NA,2,2
46,45,1,"2,00","NA",1,"2",7,"6","7","","4","2,00","WHO.VR",10,10,20,7,12,19,69,33,66,35,0,1,51,51,0,80,NA,2,2
46,46,1,"2,00","NA",1,"2",7,"6","7","","4","2,00","WHO.VR",10,10,20,4,14,18,69,33,63,37,0,1,51,50,0,80,NA,2,2
46,47,1,"2,00","NA",1,"2",7,"6","7","","4","2,00","WHO.VR",10,10,20,1,16,17,69,33,60,39,0,1,51,50,0,80,NA,2,2
47,21,1,"1,00","NA",0,"1",6,"6","4","16","5","5,00","WHO.VR",10,10,20,22,2,24,69,58,81,50,0,0,64,66,1,60,16,1,5
47,22,1,"1,00","NA",0,"1",6,"6","4","16","5","5,00","WHO.VR",10,10,20,19,4,23,69,58,78,52,0,0,64,65,1,60,16,1,5
47,23,1,"1,00","NA",0,"1",6,"6","4","16","5","5,00","WHO.VR",10,10,20,16,6,22,69,58,75,54,0,0,64,65,1,60,16,1,5
47,24,1,"1,00","NA",0,"1",6,"6","4","16","5","5,00","WHO.VR",10,10,20,13,8,21,69,58,72,56,0,0,64,64,1,60,16,1,5
47,25,1,"1,00","NA",1,"1",6,"6","4","16","5","5,00","WHO.VR",10,10,20,7,12,19,69,58,66,60,0,0,64,63,1,60,16,1,5
47,26,1,"1,00","NA",1,"1",6,"6","4","16","5","5,00","WHO.VR",10,10,20,4,14,18,69,58,63,62,0,0,64,63,1,60,16,1,5
47,27,1,"1,00","NA",1,"1",6,"6","4","16","5","5,00","WHO.VR",10,10,20,1,16,17,69,58,60,64,0,0,64,62,1,60,16,1,5
47,31,1,"1,00","NA",0,"1",6,"6","4","16","5","5,00","WHO.VR",10,10,20,22,2,24,69,43,81,35,1,0,56,58,1,60,16,1,5
47,32,1,"1,00","NA",0,"1",6,"6","4","16","5","5,00","WHO.VR",10,10,20,19,4,23,69,43,78,37,1,0,56,58,1,60,16,1,5
47,33,1,"1,00","NA",0,"1",6,"6","4","16","5","5,00","WHO.VR",10,10,20,16,6,22,69,43,75,39,1,0,56,57,1,60,16,1,5
47,34,1,"1,00","NA",0,"1",6,"6","4","16","5","5,00","WHO.VR",10,10,20,13,8,21,69,43,72,41,1,0,56,57,1,60,16,1,5
47,35,1,"1,00","NA",1,"1",6,"6","4","16","5","5,00","WHO.VR",10,10,20,7,12,19,69,43,66,45,1,0,56,56,1,60,16,1,5
47,36,1,"1,00","NA",1,"1",6,"6","4","16","5","5,00","WHO.VR",10,10,20,4,14,18,69,43,63,47,1,0,56,55,1,60,16,1,5
47,37,1,"1,00","NA",1,"1",6,"6","4","16","5","5,00","WHO.VR",10,10,20,1,16,17,69,43,60,49,1,0,56,55,1,60,16,1,5
47,41,1,"1,00","NA",1,"1",6,"6","4","16","5","5,00","WHO.VR",10,10,20,22,2,24,69,33,81,25,0,1,51,53,1,60,16,1,5
47,42,1,"1,00","NA",1,"1",6,"6","4","16","5","5,00","WHO.VR",10,10,20,19,4,23,69,33,78,27,0,1,51,53,1,60,16,1,5
47,43,1,"1,00","NA",1,"1",6,"6","4","16","5","5,00","WHO.VR",10,10,20,16,6,22,69,33,75,29,0,1,51,52,1,60,16,1,5
47,44,1,"1,00","NA",NA,"1",6,"6","4","16","5","5,00","WHO.VR",10,10,20,13,8,21,69,33,72,31,0,1,51,52,1,60,16,1,5
47,45,1,"1,00","NA",1,"1",6,"6","4","16","5","5,00","WHO.VR",10,10,20,7,12,19,69,33,66,35,0,1,51,51,1,60,16,1,5
47,46,1,"1,00","NA",1,"1",6,"6","4","16","5","5,00","WHO.VR",10,10,20,4,14,18,69,33,63,37,0,1,51,50,1,60,16,1,5
47,47,1,"1,00","NA",1,"1",6,"6","4","16","5","5,00","WHO.VR",10,10,20,1,16,17,69,33,60,39,0,1,51,50,1,60,16,1,5
48,21,1,"1,00","NA",0,"2",9,"9","4","30","4","4,00","WHO.VR",10,10,20,22,2,24,69,58,81,50,0,0,64,66,0,60,30,1,4
48,22,1,"1,00","NA",0,"2",9,"9","4","30","4","4,00","WHO.VR",10,10,20,19,4,23,69,58,78,52,0,0,64,65,0,60,30,1,4
48,23,1,"1,00","NA",0,"2",9,"9","4","30","4","4,00","WHO.VR",10,10,20,16,6,22,69,58,75,54,0,0,64,65,0,60,30,1,4
48,24,1,"1,00","NA",0,"2",9,"9","4","30","4","4,00","WHO.VR",10,10,20,13,8,21,69,58,72,56,0,0,64,64,0,60,30,1,4
48,25,1,"1,00","NA",1,"2",9,"9","4","30","4","4,00","WHO.VR",10,10,20,7,12,19,69,58,66,60,0,0,64,63,0,60,30,1,4
48,26,1,"1,00","NA",1,"2",9,"9","4","30","4","4,00","WHO.VR",10,10,20,4,14,18,69,58,63,62,0,0,64,63,0,60,30,1,4
48,27,1,"1,00","NA",0,"2",9,"9","4","30","4","4,00","WHO.VR",10,10,20,1,16,17,69,58,60,64,0,0,64,62,0,60,30,1,4
48,31,1,"1,00","NA",0,"2",9,"9","4","30","4","4,00","WHO.VR",10,10,20,22,2,24,69,43,81,35,1,0,56,58,0,60,30,1,4
48,32,1,"1,00","NA",0,"2",9,"9","4","30","4","4,00","WHO.VR",10,10,20,19,4,23,69,43,78,37,1,0,56,58,0,60,30,1,4
48,33,1,"1,00","NA",0,"2",9,"9","4","30","4","4,00","WHO.VR",10,10,20,16,6,22,69,43,75,39,1,0,56,57,0,60,30,1,4
48,34,1,"1,00","NA",0,"2",9,"9","4","30","4","4,00","WHO.VR",10,10,20,13,8,21,69,43,72,41,1,0,56,57,0,60,30,1,4
48,35,1,"1,00","NA",0,"2",9,"9","4","30","4","4,00","WHO.VR",10,10,20,7,12,19,69,43,66,45,1,0,56,56,0,60,30,1,4
48,36,1,"1,00","NA",1,"2",9,"9","4","30","4","4,00","WHO.VR",10,10,20,4,14,18,69,43,63,47,1,0,56,55,0,60,30,1,4
48,37,1,"1,00","NA",0,"2",9,"9","4","30","4","4,00","WHO.VR",10,10,20,1,16,17,69,43,60,49,1,0,56,55,0,60,30,1,4
48,41,1,"1,00","NA",0,"2",9,"9","4","30","4","4,00","WHO.VR",10,10,20,22,2,24,69,33,81,25,0,1,51,53,0,60,30,1,4
48,42,1,"1,00","NA",0,"2",9,"9","4","30","4","4,00","WHO.VR",10,10,20,19,4,23,69,33,78,27,0,1,51,53,0,60,30,1,4
48,43,1,"1,00","NA",0,"2",9,"9","4","30","4","4,00","WHO.VR",10,10,20,16,6,22,69,33,75,29,0,1,51,52,0,60,30,1,4
48,44,1,"1,00","NA",0,"2",9,"9","4","30","4","4,00","WHO.VR",10,10,20,13,8,21,69,33,72,31,0,1,51,52,0,60,30,1,4
48,45,1,"1,00","NA",1,"2",9,"9","4","30","4","4,00","WHO.VR",10,10,20,7,12,19,69,33,66,35,0,1,51,51,0,60,30,1,4
48,46,1,"1,00","NA",0,"2",9,"9","4","30","4","4,00","WHO.VR",10,10,20,4,14,18,69,33,63,37,0,1,51,50,0,60,30,1,4
48,47,1,"1,00","NA",0,"2",9,"9","4","30","4","4,00","WHO.VR",10,10,20,1,16,17,69,33,60,39,0,1,51,50,0,60,30,1,4
49,21,1,"2,00","NA",1,"2",9,"5","4","32","4","5,00","WHO.VR",10,10,20,22,2,24,69,58,81,50,0,0,64,66,0,80,32,2,5
49,22,1,"2,00","NA",0,"2",9,"5","4","32","4","5,00","WHO.VR",10,10,20,19,4,23,69,58,78,52,0,0,64,65,0,80,32,2,5
49,23,1,"2,00","NA",0,"2",9,"5","4","32","4","5,00","WHO.VR",10,10,20,16,6,22,69,58,75,54,0,0,64,65,0,80,32,2,5
49,24,1,"2,00","NA",0,"2",9,"5","4","32","4","5,00","WHO.VR",10,10,20,13,8,21,69,58,72,56,0,0,64,64,0,80,32,2,5
49,25,1,"2,00","NA",1,"2",9,"5","4","32","4","5,00","WHO.VR",10,10,20,7,12,19,69,58,66,60,0,0,64,63,0,80,32,2,5
49,26,1,"2,00","NA",0,"2",9,"5","4","32","4","5,00","WHO.VR",10,10,20,4,14,18,69,58,63,62,0,0,64,63,0,80,32,2,5
49,27,1,"2,00","NA",0,"2",9,"5","4","32","4","5,00","WHO.VR",10,10,20,1,16,17,69,58,60,64,0,0,64,62,0,80,32,2,5
49,31,1,"2,00","NA",0,"2",9,"5","4","32","4","5,00","WHO.VR",10,10,20,22,2,24,69,43,81,35,1,0,56,58,0,80,32,2,5
49,32,1,"2,00","NA",0,"2",9,"5","4","32","4","5,00","WHO.VR",10,10,20,19,4,23,69,43,78,37,1,0,56,58,0,80,32,2,5
49,33,1,"2,00","NA",0,"2",9,"5","4","32","4","5,00","WHO.VR",10,10,20,16,6,22,69,43,75,39,1,0,56,57,0,80,32,2,5
49,34,1,"2,00","NA",0,"2",9,"5","4","32","4","5,00","WHO.VR",10,10,20,13,8,21,69,43,72,41,1,0,56,57,0,80,32,2,5
49,35,1,"2,00","NA",0,"2",9,"5","4","32","4","5,00","WHO.VR",10,10,20,7,12,19,69,43,66,45,1,0,56,56,0,80,32,2,5
49,36,1,"2,00","NA",0,"2",9,"5","4","32","4","5,00","WHO.VR",10,10,20,4,14,18,69,43,63,47,1,0,56,55,0,80,32,2,5
49,37,1,"2,00","NA",1,"2",9,"5","4","32","4","5,00","WHO.VR",10,10,20,1,16,17,69,43,60,49,1,0,56,55,0,80,32,2,5
49,41,1,"2,00","NA",0,"2",9,"5","4","32","4","5,00","WHO.VR",10,10,20,22,2,24,69,33,81,25,0,1,51,53,0,80,32,2,5
49,42,1,"2,00","NA",0,"2",9,"5","4","32","4","5,00","WHO.VR",10,10,20,19,4,23,69,33,78,27,0,1,51,53,0,80,32,2,5
49,43,1,"2,00","NA",1,"2",9,"5","4","32","4","5,00","WHO.VR",10,10,20,16,6,22,69,33,75,29,0,1,51,52,0,80,32,2,5
49,44,1,"2,00","NA",1,"2",9,"5","4","32","4","5,00","WHO.VR",10,10,20,13,8,21,69,33,72,31,0,1,51,52,0,80,32,2,5
49,45,1,"2,00","NA",1,"2",9,"5","4","32","4","5,00","WHO.VR",10,10,20,7,12,19,69,33,66,35,0,1,51,51,0,80,32,2,5
49,46,1,"2,00","NA",0,"2",9,"5","4","32","4","5,00","WHO.VR",10,10,20,4,14,18,69,33,63,37,0,1,51,50,0,80,32,2,5
49,47,1,"2,00","NA",1,"2",9,"5","4","32","4","5,00","WHO.VR",10,10,20,1,16,17,69,33,60,39,0,1,51,50,0,80,32,2,5
50,21,1,"1,00","NA",0,"2",10,"5","7","15","4","2,00","WHO.VR",10,10,20,22,2,24,69,58,81,50,0,0,64,66,0,70,15,1,2
50,22,1,"1,00","NA",0,"2",10,"5","7","15","4","2,00","WHO.VR",10,10,20,19,4,23,69,58,78,52,0,0,64,65,0,70,15,1,2
50,23,1,"1,00","NA",0,"2",10,"5","7","15","4","2,00","WHO.VR",10,10,20,16,6,22,69,58,75,54,0,0,64,65,0,70,15,1,2
50,24,1,"1,00","NA",0,"2",10,"5","7","15","4","2,00","WHO.VR",10,10,20,13,8,21,69,58,72,56,0,0,64,64,0,70,15,1,2
50,25,1,"1,00","NA",1,"2",10,"5","7","15","4","2,00","WHO.VR",10,10,20,7,12,19,69,58,66,60,0,0,64,63,0,70,15,1,2
50,26,1,"1,00","NA",1,"2",10,"5","7","15","4","2,00","WHO.VR",10,10,20,4,14,18,69,58,63,62,0,0,64,63,0,70,15,1,2
50,27,1,"1,00","NA",1,"2",10,"5","7","15","4","2,00","WHO.VR",10,10,20,1,16,17,69,58,60,64,0,0,64,62,0,70,15,1,2
50,31,1,"1,00","NA",1,"2",10,"5","7","15","4","2,00","WHO.VR",10,10,20,22,2,24,69,43,81,35,1,0,56,58,0,70,15,1,2
50,32,1,"1,00","NA",1,"2",10,"5","7","15","4","2,00","WHO.VR",10,10,20,19,4,23,69,43,78,37,1,0,56,58,0,70,15,1,2
50,33,1,"1,00","NA",1,"2",10,"5","7","15","4","2,00","WHO.VR",10,10,20,16,6,22,69,43,75,39,1,0,56,57,0,70,15,1,2
50,34,1,"1,00","NA",1,"2",10,"5","7","15","4","2,00","WHO.VR",10,10,20,13,8,21,69,43,72,41,1,0,56,57,0,70,15,1,2
50,35,1,"1,00","NA",1,"2",10,"5","7","15","4","2,00","WHO.VR",10,10,20,7,12,19,69,43,66,45,1,0,56,56,0,70,15,1,2
50,36,1,"1,00","NA",1,"2",10,"5","7","15","4","2,00","WHO.VR",10,10,20,4,14,18,69,43,63,47,1,0,56,55,0,70,15,1,2
50,37,1,"1,00","NA",1,"2",10,"5","7","15","4","2,00","WHO.VR",10,10,20,1,16,17,69,43,60,49,1,0,56,55,0,70,15,1,2
50,41,1,"1,00","NA",0,"2",10,"5","7","15","4","2,00","WHO.VR",10,10,20,22,2,24,69,33,81,25,0,1,51,53,0,70,15,1,2
50,42,1,"1,00","NA",0,"2",10,"5","7","15","4","2,00","WHO.VR",10,10,20,19,4,23,69,33,78,27,0,1,51,53,0,70,15,1,2
50,43,1,"1,00","NA",1,"2",10,"5","7","15","4","2,00","WHO.VR",10,10,20,16,6,22,69,33,75,29,0,1,51,52,0,70,15,1,2
50,44,1,"1,00","NA",1,"2",10,"5","7","15","4","2,00","WHO.VR",10,10,20,13,8,21,69,33,72,31,0,1,51,52,0,70,15,1,2
50,45,1,"1,00","NA",1,"2",10,"5","7","15","4","2,00","WHO.VR",10,10,20,7,12,19,69,33,66,35,0,1,51,51,0,70,15,1,2
50,46,1,"1,00","NA",1,"2",10,"5","7","15","4","2,00","WHO.VR",10,10,20,4,14,18,69,33,63,37,0,1,51,50,0,70,15,1,2
50,47,1,"1,00","NA",NA,"2",10,"5","7","15","4","2,00","WHO.VR",10,10,20,1,16,17,69,33,60,39,0,1,51,50,0,70,15,1,2
51,21,1,"1,00","NA",0,"2",7,"6","1,4,7","25","4","2,00","WHO.VR",10,10,20,22,2,24,69,58,81,50,0,0,64,66,0,90,25,1,2
51,22,1,"1,00","NA",0,"2",7,"6","1,4,7","25","4","2,00","WHO.VR",10,10,20,19,4,23,69,58,78,52,0,0,64,65,0,90,25,1,2
51,23,1,"1,00","NA",0,"2",7,"6","1,4,7","25","4","2,00","WHO.VR",10,10,20,16,6,22,69,58,75,54,0,0,64,65,0,90,25,1,2
51,24,1,"1,00","NA",0,"2",7,"6","1,4,7","25","4","2,00","WHO.VR",10,10,20,13,8,21,69,58,72,56,0,0,64,64,0,90,25,1,2
51,25,1,"1,00","NA",1,"2",7,"6","1,4,7","25","4","2,00","WHO.VR",10,10,20,7,12,19,69,58,66,60,0,0,64,63,0,90,25,1,2
51,26,1,"1,00","NA",1,"2",7,"6","1,4,7","25","4","2,00","WHO.VR",10,10,20,4,14,18,69,58,63,62,0,0,64,63,0,90,25,1,2
51,27,1,"1,00","NA",1,"2",7,"6","1,4,7","25","4","2,00","WHO.VR",10,10,20,1,16,17,69,58,60,64,0,0,64,62,0,90,25,1,2
51,31,1,"1,00","NA",0,"2",7,"6","1,4,7","25","4","2,00","WHO.VR",10,10,20,22,2,24,69,43,81,35,1,0,56,58,0,90,25,1,2
51,32,1,"1,00","NA",0,"2",7,"6","1,4,7","25","4","2,00","WHO.VR",10,10,20,19,4,23,69,43,78,37,1,0,56,58,0,90,25,1,2
51,33,1,"1,00","NA",0,"2",7,"6","1,4,7","25","4","2,00","WHO.VR",10,10,20,16,6,22,69,43,75,39,1,0,56,57,0,90,25,1,2
51,34,1,"1,00","NA",0,"2",7,"6","1,4,7","25","4","2,00","WHO.VR",10,10,20,13,8,21,69,43,72,41,1,0,56,57,0,90,25,1,2
51,35,1,"1,00","NA",1,"2",7,"6","1,4,7","25","4","2,00","WHO.VR",10,10,20,7,12,19,69,43,66,45,1,0,56,56,0,90,25,1,2
51,36,1,"1,00","NA",1,"2",7,"6","1,4,7","25","4","2,00","WHO.VR",10,10,20,4,14,18,69,43,63,47,1,0,56,55,0,90,25,1,2
51,37,1,"1,00","NA",1,"2",7,"6","1,4,7","25","4","2,00","WHO.VR",10,10,20,1,16,17,69,43,60,49,1,0,56,55,0,90,25,1,2
51,41,1,"1,00","NA",0,"2",7,"6","1,4,7","25","4","2,00","WHO.VR",10,10,20,22,2,24,69,33,81,25,0,1,51,53,0,90,25,1,2
51,42,1,"1,00","NA",0,"2",7,"6","1,4,7","25","4","2,00","WHO.VR",10,10,20,19,4,23,69,33,78,27,0,1,51,53,0,90,25,1,2
51,43,1,"1,00","NA",0,"2",7,"6","1,4,7","25","4","2,00","WHO.VR",10,10,20,16,6,22,69,33,75,29,0,1,51,52,0,90,25,1,2
51,44,1,"1,00","NA",0,"2",7,"6","1,4,7","25","4","2,00","WHO.VR",10,10,20,13,8,21,69,33,72,31,0,1,51,52,0,90,25,1,2
51,45,1,"1,00","NA",1,"2",7,"6","1,4,7","25","4","2,00","WHO.VR",10,10,20,7,12,19,69,33,66,35,0,1,51,51,0,90,25,1,2
51,46,1,"1,00","NA",1,"2",7,"6","1,4,7","25","4","2,00","WHO.VR",10,10,20,4,14,18,69,33,63,37,0,1,51,50,0,90,25,1,2
51,47,1,"1,00","NA",1,"2",7,"6","1,4,7","25","4","2,00","WHO.VR",10,10,20,1,16,17,69,33,60,39,0,1,51,50,0,90,25,1,2
52,21,1,"4,00","NA",0,"2",6,"6","1","20","4","1,00","Canadian.OH",10,10,20,22,2,24,69,58,81,50,0,0,64,66,0,90,20,4,1
52,22,1,"4,00","NA",0,"2",6,"6","1","20","4","1,00","Canadian.OH",10,10,20,19,4,23,69,58,78,52,0,0,64,65,0,90,20,4,1
52,23,1,"4,00","NA",1,"2",6,"6","1","20","4","1,00","Canadian.OH",10,10,20,16,6,22,69,58,75,54,0,0,64,65,0,90,20,4,1
52,24,1,"4,00","NA",1,"2",6,"6","1","20","4","1,00","Canadian.OH",10,10,20,13,8,21,69,58,72,56,0,0,64,64,0,90,20,4,1
52,25,1,"4,00","NA",1,"2",6,"6","1","20","4","1,00","Canadian.OH",10,10,20,7,12,19,69,58,66,60,0,0,64,63,0,90,20,4,1
52,26,1,"4,00","NA",0,"2",6,"6","1","20","4","1,00","Canadian.OH",10,10,20,4,14,18,69,58,63,62,0,0,64,63,0,90,20,4,1
52,27,1,"4,00","NA",0,"2",6,"6","1","20","4","1,00","Canadian.OH",10,10,20,1,16,17,69,58,60,64,0,0,64,62,0,90,20,4,1
52,31,1,"4,00","NA",0,"2",6,"6","1","20","4","1,00","Canadian.OH",10,10,20,22,2,24,69,43,81,35,1,0,56,58,0,90,20,4,1
52,32,1,"4,00","NA",0,"2",6,"6","1","20","4","1,00","Canadian.OH",10,10,20,19,4,23,69,43,78,37,1,0,56,58,0,90,20,4,1
52,33,1,"4,00","NA",1,"2",6,"6","1","20","4","1,00","Canadian.OH",10,10,20,16,6,22,69,43,75,39,1,0,56,57,0,90,20,4,1
52,34,1,"4,00","NA",1,"2",6,"6","1","20","4","1,00","Canadian.OH",10,10,20,13,8,21,69,43,72,41,1,0,56,57,0,90,20,4,1
52,35,1,"4,00","NA",1,"2",6,"6","1","20","4","1,00","Canadian.OH",10,10,20,7,12,19,69,43,66,45,1,0,56,56,0,90,20,4,1
52,36,1,"4,00","NA",0,"2",6,"6","1","20","4","1,00","Canadian.OH",10,10,20,4,14,18,69,43,63,47,1,0,56,55,0,90,20,4,1
52,37,1,"4,00","NA",0,"2",6,"6","1","20","4","1,00","Canadian.OH",10,10,20,1,16,17,69,43,60,49,1,0,56,55,0,90,20,4,1
52,41,1,"4,00","NA",0,"2",6,"6","1","20","4","1,00","Canadian.OH",10,10,20,22,2,24,69,33,81,25,0,1,51,53,0,90,20,4,1
52,42,1,"4,00","NA",0,"2",6,"6","1","20","4","1,00","Canadian.OH",10,10,20,19,4,23,69,33,78,27,0,1,51,53,0,90,20,4,1
52,43,1,"4,00","NA",1,"2",6,"6","1","20","4","1,00","Canadian.OH",10,10,20,16,6,22,69,33,75,29,0,1,51,52,0,90,20,4,1
52,44,1,"4,00","NA",1,"2",6,"6","1","20","4","1,00","Canadian.OH",10,10,20,13,8,21,69,33,72,31,0,1,51,52,0,90,20,4,1
52,45,1,"4,00","NA",1,"2",6,"6","1","20","4","1,00","Canadian.OH",10,10,20,7,12,19,69,33,66,35,0,1,51,51,0,90,20,4,1
52,46,1,"4,00","NA",0,"2",6,"6","1","20","4","1,00","Canadian.OH",10,10,20,4,14,18,69,33,63,37,0,1,51,50,0,90,20,4,1
52,47,1,"4,00","NA",0,"2",6,"6","1","20","4","1,00","Canadian.OH",10,10,20,1,16,17,69,33,60,39,0,1,51,50,0,90,20,4,1
53,21,1,"1,00","NA",1,"2",4,"6","7,9","","4","2,00","Canadian.OH",10,10,20,22,2,24,69,58,81,50,0,0,64,66,0,90,NA,1,2
53,22,1,"1,00","NA",1,"2",4,"6","7,9","","4","2,00","Canadian.OH",10,10,20,19,4,23,69,58,78,52,0,0,64,65,0,90,NA,1,2
53,23,1,"1,00","NA",1,"2",4,"6","7,9","","4","2,00","Canadian.OH",10,10,20,16,6,22,69,58,75,54,0,0,64,65,0,90,NA,1,2
53,24,1,"1,00","NA",1,"2",4,"6","7,9","","4","2,00","Canadian.OH",10,10,20,13,8,21,69,58,72,56,0,0,64,64,0,90,NA,1,2
53,25,1,"1,00","NA",1,"2",4,"6","7,9","","4","2,00","Canadian.OH",10,10,20,7,12,19,69,58,66,60,0,0,64,63,0,90,NA,1,2
53,26,1,"1,00","NA",NA,"2",4,"6","7,9","","4","2,00","Canadian.OH",10,10,20,4,14,18,69,58,63,62,0,0,64,63,0,90,NA,1,2
53,27,1,"1,00","NA",1,"2",4,"6","7,9","","4","2,00","Canadian.OH",10,10,20,1,16,17,69,58,60,64,0,0,64,62,0,90,NA,1,2
53,31,1,"1,00","NA",1,"2",4,"6","7,9","","4","2,00","Canadian.OH",10,10,20,22,2,24,69,43,81,35,1,0,56,58,0,90,NA,1,2
53,32,1,"1,00","NA",1,"2",4,"6","7,9","","4","2,00","Canadian.OH",10,10,20,19,4,23,69,43,78,37,1,0,56,58,0,90,NA,1,2
53,33,1,"1,00","NA",1,"2",4,"6","7,9","","4","2,00","Canadian.OH",10,10,20,16,6,22,69,43,75,39,1,0,56,57,0,90,NA,1,2
53,34,1,"1,00","NA",1,"2",4,"6","7,9","","4","2,00","Canadian.OH",10,10,20,13,8,21,69,43,72,41,1,0,56,57,0,90,NA,1,2
53,35,1,"1,00","NA",1,"2",4,"6","7,9","","4","2,00","Canadian.OH",10,10,20,7,12,19,69,43,66,45,1,0,56,56,0,90,NA,1,2
53,36,1,"1,00","NA",1,"2",4,"6","7,9","","4","2,00","Canadian.OH",10,10,20,4,14,18,69,43,63,47,1,0,56,55,0,90,NA,1,2
53,37,1,"1,00","NA",NA,"2",4,"6","7,9","","4","2,00","Canadian.OH",10,10,20,1,16,17,69,43,60,49,1,0,56,55,0,90,NA,1,2
53,41,1,"1,00","NA",1,"2",4,"6","7,9","","4","2,00","Canadian.OH",10,10,20,22,2,24,69,33,81,25,0,1,51,53,0,90,NA,1,2
53,42,1,"1,00","NA",NA,"2",4,"6","7,9","","4","2,00","Canadian.OH",10,10,20,19,4,23,69,33,78,27,0,1,51,53,0,90,NA,1,2
53,43,1,"1,00","NA",NA,"2",4,"6","7,9","","4","2,00","Canadian.OH",10,10,20,16,6,22,69,33,75,29,0,1,51,52,0,90,NA,1,2
53,44,1,"1,00","NA",1,"2",4,"6","7,9","","4","2,00","Canadian.OH",10,10,20,13,8,21,69,33,72,31,0,1,51,52,0,90,NA,1,2
53,45,1,"1,00","NA",1,"2",4,"6","7,9","","4","2,00","Canadian.OH",10,10,20,7,12,19,69,33,66,35,0,1,51,51,0,90,NA,1,2
53,46,1,"1,00","NA",1,"2",4,"6","7,9","","4","2,00","Canadian.OH",10,10,20,4,14,18,69,33,63,37,0,1,51,50,0,90,NA,1,2
53,47,1,"1,00","NA",1,"2",4,"6","7,9","","4","2,00","Canadian.OH",10,10,20,1,16,17,69,33,60,39,0,1,51,50,0,90,NA,1,2
54,21,NA,"","NA",NA,"",NA,"","","","","","Canadian.OH",10,10,20,22,2,24,69,58,81,50,0,0,64,66,0,NA,NA,NA,NA
54,22,NA,"","NA",NA,"",NA,"","","","","","Canadian.OH",10,10,20,19,4,23,69,58,78,52,0,0,64,65,0,NA,NA,NA,NA
54,23,NA,"","NA",NA,"",NA,"","","","","","Canadian.OH",10,10,20,16,6,22,69,58,75,54,0,0,64,65,0,NA,NA,NA,NA
54,24,NA,"","NA",NA,"",NA,"","","","","","Canadian.OH",10,10,20,13,8,21,69,58,72,56,0,0,64,64,0,NA,NA,NA,NA
54,25,NA,"","NA",NA,"",NA,"","","","","","Canadian.OH",10,10,20,7,12,19,69,58,66,60,0,0,64,63,0,NA,NA,NA,NA
54,26,NA,"","NA",NA,"",NA,"","","","","","Canadian.OH",10,10,20,4,14,18,69,58,63,62,0,0,64,63,0,NA,NA,NA,NA
54,27,NA,"","NA",NA,"",NA,"","","","","","Canadian.OH",10,10,20,1,16,17,69,58,60,64,0,0,64,62,0,NA,NA,NA,NA
54,31,NA,"","NA",NA,"",NA,"","","","","","Canadian.OH",10,10,20,22,2,24,69,43,81,35,1,0,56,58,0,NA,NA,NA,NA
54,32,NA,"","NA",NA,"",NA,"","","","","","Canadian.OH",10,10,20,19,4,23,69,43,78,37,1,0,56,58,0,NA,NA,NA,NA
54,33,NA,"","NA",NA,"",NA,"","","","","","Canadian.OH",10,10,20,16,6,22,69,43,75,39,1,0,56,57,0,NA,NA,NA,NA
54,34,NA,"","NA",NA,"",NA,"","","","","","Canadian.OH",10,10,20,13,8,21,69,43,72,41,1,0,56,57,0,NA,NA,NA,NA
54,35,NA,"","NA",NA,"",NA,"","","","","","Canadian.OH",10,10,20,7,12,19,69,43,66,45,1,0,56,56,0,NA,NA,NA,NA
54,36,NA,"","NA",NA,"",NA,"","","","","","Canadian.OH",10,10,20,4,14,18,69,43,63,47,1,0,56,55,0,NA,NA,NA,NA
54,37,NA,"","NA",NA,"",NA,"","","","","","Canadian.OH",10,10,20,1,16,17,69,43,60,49,1,0,56,55,0,NA,NA,NA,NA
54,41,NA,"","NA",NA,"",NA,"","","","","","Canadian.OH",10,10,20,22,2,24,69,33,81,25,0,1,51,53,0,NA,NA,NA,NA
54,42,NA,"","NA",NA,"",NA,"","","","","","Canadian.OH",10,10,20,19,4,23,69,33,78,27,0,1,51,53,0,NA,NA,NA,NA
54,43,NA,"","NA",NA,"",NA,"","","","","","Canadian.OH",10,10,20,16,6,22,69,33,75,29,0,1,51,52,0,NA,NA,NA,NA
54,44,NA,"","NA",NA,"",NA,"","","","","","Canadian.OH",10,10,20,13,8,21,69,33,72,31,0,1,51,52,0,NA,NA,NA,NA
54,45,NA,"","NA",NA,"",NA,"","","","","","Canadian.OH",10,10,20,7,12,19,69,33,66,35,0,1,51,51,0,NA,NA,NA,NA
54,46,NA,"","NA",NA,"",NA,"","","","","","Canadian.OH",10,10,20,4,14,18,69,33,63,37,0,1,51,50,0,NA,NA,NA,NA
54,47,NA,"","NA",NA,"",NA,"","","","","","Canadian.OH",10,10,20,1,16,17,69,33,60,39,0,1,51,50,0,NA,NA,NA,NA
55,21,1,"#VALUE!","9",0,"1",4,"NA","8","25","NA","#VALUE!","WOHC.Final",10,10,20,22,2,24,69,58,81,50,0,0,64,66,1,70,25,NA,NA
55,22,1,"#VALUE!","9",0,"1",4,"NA","8","25","NA","#VALUE!","WOHC.Final",10,10,20,19,4,23,69,58,78,52,0,0,64,65,1,70,25,NA,NA
55,23,1,"#VALUE!","9",0,"1",4,"NA","8","25","NA","#VALUE!","WOHC.Final",10,10,20,16,6,22,69,58,75,54,0,0,64,65,1,70,25,NA,NA
55,24,1,"#VALUE!","9",0,"1",4,"NA","8","25","NA","#VALUE!","WOHC.Final",10,10,20,13,8,21,69,58,72,56,0,0,64,64,1,70,25,NA,NA
55,25,1,"#VALUE!","9",0,"1",4,"NA","8","25","NA","#VALUE!","WOHC.Final",10,10,20,7,12,19,69,58,66,60,0,0,64,63,1,70,25,NA,NA
55,26,1,"#VALUE!","9",0,"1",4,"NA","8","25","NA","#VALUE!","WOHC.Final",10,10,20,4,14,18,69,58,63,62,0,0,64,63,1,70,25,NA,NA
55,27,1,"#VALUE!","9",0,"1",4,"NA","8","25","NA","#VALUE!","WOHC.Final",10,10,20,1,16,17,69,58,60,64,0,0,64,62,1,70,25,NA,NA
55,31,1,"#VALUE!","9",0,"1",4,"NA","8","25","NA","#VALUE!","WOHC.Final",10,10,20,22,2,24,69,43,81,35,1,0,56,58,1,70,25,NA,NA
55,32,1,"#VALUE!","9",0,"1",4,"NA","8","25","NA","#VALUE!","WOHC.Final",10,10,20,19,4,23,69,43,78,37,1,0,56,58,1,70,25,NA,NA
55,33,1,"#VALUE!","9",0,"1",4,"NA","8","25","NA","#VALUE!","WOHC.Final",10,10,20,16,6,22,69,43,75,39,1,0,56,57,1,70,25,NA,NA
55,34,1,"#VALUE!","9",0,"1",4,"NA","8","25","NA","#VALUE!","WOHC.Final",10,10,20,13,8,21,69,43,72,41,1,0,56,57,1,70,25,NA,NA
55,35,1,"#VALUE!","9",0,"1",4,"NA","8","25","NA","#VALUE!","WOHC.Final",10,10,20,7,12,19,69,43,66,45,1,0,56,56,1,70,25,NA,NA
55,36,1,"#VALUE!","9",0,"1",4,"NA","8","25","NA","#VALUE!","WOHC.Final",10,10,20,4,14,18,69,43,63,47,1,0,56,55,1,70,25,NA,NA
55,37,1,"#VALUE!","9",0,"1",4,"NA","8","25","NA","#VALUE!","WOHC.Final",10,10,20,1,16,17,69,43,60,49,1,0,56,55,1,70,25,NA,NA
55,41,1,"#VALUE!","9",0,"1",4,"NA","8","25","NA","#VALUE!","WOHC.Final",10,10,20,22,2,24,69,33,81,25,0,1,51,53,1,70,25,NA,NA
55,42,1,"#VALUE!","9",0,"1",4,"NA","8","25","NA","#VALUE!","WOHC.Final",10,10,20,19,4,23,69,33,78,27,0,1,51,53,1,70,25,NA,NA
55,43,1,"#VALUE!","9",0,"1",4,"NA","8","25","NA","#VALUE!","WOHC.Final",10,10,20,16,6,22,69,33,75,29,0,1,51,52,1,70,25,NA,NA
55,44,1,"#VALUE!","9",0,"1",4,"NA","8","25","NA","#VALUE!","WOHC.Final",10,10,20,13,8,21,69,33,72,31,0,1,51,52,1,70,25,NA,NA
55,45,1,"#VALUE!","9",0,"1",4,"NA","8","25","NA","#VALUE!","WOHC.Final",10,10,20,7,12,19,69,33,66,35,0,1,51,51,1,70,25,NA,NA
55,46,1,"#VALUE!","9",0,"1",4,"NA","8","25","NA","#VALUE!","WOHC.Final",10,10,20,4,14,18,69,33,63,37,0,1,51,50,1,70,25,NA,NA
55,47,1,"#VALUE!","9",0,"1",4,"NA","8","25","NA","#VALUE!","WOHC.Final",10,10,20,1,16,17,69,33,60,39,0,1,51,50,1,70,25,NA,NA
56,21,1,"#VALUE!","10",0,"1",6,"NA","1","24","NA","#VALUE!","WOHC.Final",10,10,20,22,2,24,69,58,81,50,0,0,64,66,1,95,24,NA,NA
56,22,1,"#VALUE!","10",0,"1",6,"NA","1","24","NA","#VALUE!","WOHC.Final",10,10,20,19,4,23,69,58,78,52,0,0,64,65,1,95,24,NA,NA
56,23,1,"#VALUE!","10",0,"1",6,"NA","1","24","NA","#VALUE!","WOHC.Final",10,10,20,16,6,22,69,58,75,54,0,0,64,65,1,95,24,NA,NA
56,24,1,"#VALUE!","10",0,"1",6,"NA","1","24","NA","#VALUE!","WOHC.Final",10,10,20,13,8,21,69,58,72,56,0,0,64,64,1,95,24,NA,NA
56,25,1,"#VALUE!","10",1,"1",6,"NA","1","24","NA","#VALUE!","WOHC.Final",10,10,20,7,12,19,69,58,66,60,0,0,64,63,1,95,24,NA,NA
56,26,1,"#VALUE!","10",1,"1",6,"NA","1","24","NA","#VALUE!","WOHC.Final",10,10,20,4,14,18,69,58,63,62,0,0,64,63,1,95,24,NA,NA
56,27,1,"#VALUE!","10",1,"1",6,"NA","1","24","NA","#VALUE!","WOHC.Final",10,10,20,1,16,17,69,58,60,64,0,0,64,62,1,95,24,NA,NA
56,31,1,"#VALUE!","10",0,"1",6,"NA","1","24","NA","#VALUE!","WOHC.Final",10,10,20,22,2,24,69,43,81,35,1,0,56,58,1,95,24,NA,NA
56,32,1,"#VALUE!","10",0,"1",6,"NA","1","24","NA","#VALUE!","WOHC.Final",10,10,20,19,4,23,69,43,78,37,1,0,56,58,1,95,24,NA,NA
56,33,1,"#VALUE!","10",0,"1",6,"NA","1","24","NA","#VALUE!","WOHC.Final",10,10,20,16,6,22,69,43,75,39,1,0,56,57,1,95,24,NA,NA
56,34,1,"#VALUE!","10",0,"1",6,"NA","1","24","NA","#VALUE!","WOHC.Final",10,10,20,13,8,21,69,43,72,41,1,0,56,57,1,95,24,NA,NA
56,35,1,"#VALUE!","10",1,"1",6,"NA","1","24","NA","#VALUE!","WOHC.Final",10,10,20,7,12,19,69,43,66,45,1,0,56,56,1,95,24,NA,NA
56,36,1,"#VALUE!","10",1,"1",6,"NA","1","24","NA","#VALUE!","WOHC.Final",10,10,20,4,14,18,69,43,63,47,1,0,56,55,1,95,24,NA,NA
56,37,1,"#VALUE!","10",1,"1",6,"NA","1","24","NA","#VALUE!","WOHC.Final",10,10,20,1,16,17,69,43,60,49,1,0,56,55,1,95,24,NA,NA
56,41,1,"#VALUE!","10",0,"1",6,"NA","1","24","NA","#VALUE!","WOHC.Final",10,10,20,22,2,24,69,33,81,25,0,1,51,53,1,95,24,NA,NA
56,42,1,"#VALUE!","10",0,"1",6,"NA","1","24","NA","#VALUE!","WOHC.Final",10,10,20,19,4,23,69,33,78,27,0,1,51,53,1,95,24,NA,NA
56,43,1,"#VALUE!","10",0,"1",6,"NA","1","24","NA","#VALUE!","WOHC.Final",10,10,20,16,6,22,69,33,75,29,0,1,51,52,1,95,24,NA,NA
56,44,1,"#VALUE!","10",0,"1",6,"NA","1","24","NA","#VALUE!","WOHC.Final",10,10,20,13,8,21,69,33,72,31,0,1,51,52,1,95,24,NA,NA
56,45,1,"#VALUE!","10",1,"1",6,"NA","1","24","NA","#VALUE!","WOHC.Final",10,10,20,7,12,19,69,33,66,35,0,1,51,51,1,95,24,NA,NA
56,46,1,"#VALUE!","10",1,"1",6,"NA","1","24","NA","#VALUE!","WOHC.Final",10,10,20,4,14,18,69,33,63,37,0,1,51,50,1,95,24,NA,NA
56,47,1,"#VALUE!","10",1,"1",6,"NA","1","24","NA","#VALUE!","WOHC.Final",10,10,20,1,16,17,69,33,60,39,0,1,51,50,1,95,24,NA,NA
57,21,1,"#VALUE!","9",0,"1",5,"NA","1","10","NA","#VALUE!","WOHC.Final",10,10,20,22,2,24,69,58,81,50,0,0,64,66,1,90,10,NA,NA
57,22,1,"#VALUE!","9",0,"1",5,"NA","1","10","NA","#VALUE!","WOHC.Final",10,10,20,19,4,23,69,58,78,52,0,0,64,65,1,90,10,NA,NA
57,23,1,"#VALUE!","9",0,"1",5,"NA","1","10","NA","#VALUE!","WOHC.Final",10,10,20,16,6,22,69,58,75,54,0,0,64,65,1,90,10,NA,NA
57,24,1,"#VALUE!","9",0,"1",5,"NA","1","10","NA","#VALUE!","WOHC.Final",10,10,20,13,8,21,69,58,72,56,0,0,64,64,1,90,10,NA,NA
57,25,1,"#VALUE!","9",1,"1",5,"NA","1","10","NA","#VALUE!","WOHC.Final",10,10,20,7,12,19,69,58,66,60,0,0,64,63,1,90,10,NA,NA
57,26,1,"#VALUE!","9",1,"1",5,"NA","1","10","NA","#VALUE!","WOHC.Final",10,10,20,4,14,18,69,58,63,62,0,0,64,63,1,90,10,NA,NA
57,27,1,"#VALUE!","9",0,"1",5,"NA","1","10","NA","#VALUE!","WOHC.Final",10,10,20,1,16,17,69,58,60,64,0,0,64,62,1,90,10,NA,NA
57,31,1,"#VALUE!","9",0,"1",5,"NA","1","10","NA","#VALUE!","WOHC.Final",10,10,20,22,2,24,69,43,81,35,1,0,56,58,1,90,10,NA,NA
57,32,1,"#VALUE!","9",0,"1",5,"NA","1","10","NA","#VALUE!","WOHC.Final",10,10,20,19,4,23,69,43,78,37,1,0,56,58,1,90,10,NA,NA
57,33,1,"#VALUE!","9",0,"1",5,"NA","1","10","NA","#VALUE!","WOHC.Final",10,10,20,16,6,22,69,43,75,39,1,0,56,57,1,90,10,NA,NA
57,34,1,"#VALUE!","9",1,"1",5,"NA","1","10","NA","#VALUE!","WOHC.Final",10,10,20,13,8,21,69,43,72,41,1,0,56,57,1,90,10,NA,NA
57,35,1,"#VALUE!","9",1,"1",5,"NA","1","10","NA","#VALUE!","WOHC.Final",10,10,20,7,12,19,69,43,66,45,1,0,56,56,1,90,10,NA,NA
57,36,1,"#VALUE!","9",1,"1",5,"NA","1","10","NA","#VALUE!","WOHC.Final",10,10,20,4,14,18,69,43,63,47,1,0,56,55,1,90,10,NA,NA
57,37,1,"#VALUE!","9",0,"1",5,"NA","1","10","NA","#VALUE!","WOHC.Final",10,10,20,1,16,17,69,43,60,49,1,0,56,55,1,90,10,NA,NA
57,41,1,"#VALUE!","9",0,"1",5,"NA","1","10","NA","#VALUE!","WOHC.Final",10,10,20,22,2,24,69,33,81,25,0,1,51,53,1,90,10,NA,NA
57,42,1,"#VALUE!","9",0,"1",5,"NA","1","10","NA","#VALUE!","WOHC.Final",10,10,20,19,4,23,69,33,78,27,0,1,51,53,1,90,10,NA,NA
57,43,1,"#VALUE!","9",1,"1",5,"NA","1","10","NA","#VALUE!","WOHC.Final",10,10,20,16,6,22,69,33,75,29,0,1,51,52,1,90,10,NA,NA
57,44,1,"#VALUE!","9",1,"1",5,"NA","1","10","NA","#VALUE!","WOHC.Final",10,10,20,13,8,21,69,33,72,31,0,1,51,52,1,90,10,NA,NA
57,45,1,"#VALUE!","9",0,"1",5,"NA","1","10","NA","#VALUE!","WOHC.Final",10,10,20,7,12,19,69,33,66,35,0,1,51,51,1,90,10,NA,NA
57,46,1,"#VALUE!","9",0,"1",5,"NA","1","10","NA","#VALUE!","WOHC.Final",10,10,20,4,14,18,69,33,63,37,0,1,51,50,1,90,10,NA,NA
57,47,1,"#VALUE!","9",0,"1",5,"NA","1","10","NA","#VALUE!","WOHC.Final",10,10,20,1,16,17,69,33,60,39,0,1,51,50,1,90,10,NA,NA
58,21,1,"#VALUE!","6",0,"1",5,"NA","1","17","NA","#VALUE!","WOHC.Final",10,10,20,22,2,24,69,58,81,50,0,0,64,66,1,85,17,NA,NA
58,22,1,"#VALUE!","6",1,"1",5,"NA","1","17","NA","#VALUE!","WOHC.Final",10,10,20,19,4,23,69,58,78,52,0,0,64,65,1,85,17,NA,NA
58,23,1,"#VALUE!","6",1,"1",5,"NA","1","17","NA","#VALUE!","WOHC.Final",10,10,20,16,6,22,69,58,75,54,0,0,64,65,1,85,17,NA,NA
58,24,1,"#VALUE!","6",1,"1",5,"NA","1","17","NA","#VALUE!","WOHC.Final",10,10,20,13,8,21,69,58,72,56,0,0,64,64,1,85,17,NA,NA
58,25,1,"#VALUE!","6",1,"1",5,"NA","1","17","NA","#VALUE!","WOHC.Final",10,10,20,7,12,19,69,58,66,60,0,0,64,63,1,85,17,NA,NA
58,26,1,"#VALUE!","6",1,"1",5,"NA","1","17","NA","#VALUE!","WOHC.Final",10,10,20,4,14,18,69,58,63,62,0,0,64,63,1,85,17,NA,NA
58,27,1,"#VALUE!","6",1,"1",5,"NA","1","17","NA","#VALUE!","WOHC.Final",10,10,20,1,16,17,69,58,60,64,0,0,64,62,1,85,17,NA,NA
58,31,1,"#VALUE!","6",0,"1",5,"NA","1","17","NA","#VALUE!","WOHC.Final",10,10,20,22,2,24,69,43,81,35,1,0,56,58,1,85,17,NA,NA
58,32,1,"#VALUE!","6",0,"1",5,"NA","1","17","NA","#VALUE!","WOHC.Final",10,10,20,19,4,23,69,43,78,37,1,0,56,58,1,85,17,NA,NA
58,33,1,"#VALUE!","6",0,"1",5,"NA","1","17","NA","#VALUE!","WOHC.Final",10,10,20,16,6,22,69,43,75,39,1,0,56,57,1,85,17,NA,NA
58,34,1,"#VALUE!","6",0,"1",5,"NA","1","17","NA","#VALUE!","WOHC.Final",10,10,20,13,8,21,69,43,72,41,1,0,56,57,1,85,17,NA,NA
58,35,1,"#VALUE!","6",1,"1",5,"NA","1","17","NA","#VALUE!","WOHC.Final",10,10,20,7,12,19,69,43,66,45,1,0,56,56,1,85,17,NA,NA
58,36,1,"#VALUE!","6",1,"1",5,"NA","1","17","NA","#VALUE!","WOHC.Final",10,10,20,4,14,18,69,43,63,47,1,0,56,55,1,85,17,NA,NA
58,37,1,"#VALUE!","6",1,"1",5,"NA","1","17","NA","#VALUE!","WOHC.Final",10,10,20,1,16,17,69,43,60,49,1,0,56,55,1,85,17,NA,NA
58,41,1,"#VALUE!","6",0,"1",5,"NA","1","17","NA","#VALUE!","WOHC.Final",10,10,20,22,2,24,69,33,81,25,0,1,51,53,1,85,17,NA,NA
58,42,1,"#VALUE!","6",1,"1",5,"NA","1","17","NA","#VALUE!","WOHC.Final",10,10,20,19,4,23,69,33,78,27,0,1,51,53,1,85,17,NA,NA
58,43,1,"#VALUE!","6",0,"1",5,"NA","1","17","NA","#VALUE!","WOHC.Final",10,10,20,16,6,22,69,33,75,29,0,1,51,52,1,85,17,NA,NA
58,44,1,"#VALUE!","6",0,"1",5,"NA","1","17","NA","#VALUE!","WOHC.Final",10,10,20,13,8,21,69,33,72,31,0,1,51,52,1,85,17,NA,NA
58,45,1,"#VALUE!","6",1,"1",5,"NA","1","17","NA","#VALUE!","WOHC.Final",10,10,20,7,12,19,69,33,66,35,0,1,51,51,1,85,17,NA,NA
58,46,1,"#VALUE!","6",1,"1",5,"NA","1","17","NA","#VALUE!","WOHC.Final",10,10,20,4,14,18,69,33,63,37,0,1,51,50,1,85,17,NA,NA
58,47,1,"#VALUE!","6",1,"1",5,"NA","1","17","NA","#VALUE!","WOHC.Final",10,10,20,1,16,17,69,33,60,39,0,1,51,50,1,85,17,NA,NA
59,21,1,"#VALUE!","9",0,"1",3,"NA","","","NA","#VALUE!","WOHC.Final",10,10,20,22,2,24,69,58,81,50,0,0,64,66,1,8,NA,NA,NA
59,22,1,"#VALUE!","9",0,"1",3,"NA","","","NA","#VALUE!","WOHC.Final",10,10,20,19,4,23,69,58,78,52,0,0,64,65,1,8,NA,NA,NA
59,23,1,"#VALUE!","9",0,"1",3,"NA","","","NA","#VALUE!","WOHC.Final",10,10,20,16,6,22,69,58,75,54,0,0,64,65,1,8,NA,NA,NA
59,24,1,"#VALUE!","9",0,"1",3,"NA","","","NA","#VALUE!","WOHC.Final",10,10,20,13,8,21,69,58,72,56,0,0,64,64,1,8,NA,NA,NA
59,25,1,"#VALUE!","9",0,"1",3,"NA","","","NA","#VALUE!","WOHC.Final",10,10,20,7,12,19,69,58,66,60,0,0,64,63,1,8,NA,NA,NA
59,26,1,"#VALUE!","9",0,"1",3,"NA","","","NA","#VALUE!","WOHC.Final",10,10,20,4,14,18,69,58,63,62,0,0,64,63,1,8,NA,NA,NA
59,27,1,"#VALUE!","9",0,"1",3,"NA","","","NA","#VALUE!","WOHC.Final",10,10,20,1,16,17,69,58,60,64,0,0,64,62,1,8,NA,NA,NA
59,31,1,"#VALUE!","9",0,"1",3,"NA","","","NA","#VALUE!","WOHC.Final",10,10,20,22,2,24,69,43,81,35,1,0,56,58,1,8,NA,NA,NA
59,32,1,"#VALUE!","9",0,"1",3,"NA","","","NA","#VALUE!","WOHC.Final",10,10,20,19,4,23,69,43,78,37,1,0,56,58,1,8,NA,NA,NA
59,33,1,"#VALUE!","9",0,"1",3,"NA","","","NA","#VALUE!","WOHC.Final",10,10,20,16,6,22,69,43,75,39,1,0,56,57,1,8,NA,NA,NA
59,34,1,"#VALUE!","9",0,"1",3,"NA","","","NA","#VALUE!","WOHC.Final",10,10,20,13,8,21,69,43,72,41,1,0,56,57,1,8,NA,NA,NA
59,35,1,"#VALUE!","9",0,"1",3,"NA","","","NA","#VALUE!","WOHC.Final",10,10,20,7,12,19,69,43,66,45,1,0,56,56,1,8,NA,NA,NA
59,36,1,"#VALUE!","9",0,"1",3,"NA","","","NA","#VALUE!","WOHC.Final",10,10,20,4,14,18,69,43,63,47,1,0,56,55,1,8,NA,NA,NA
59,37,1,"#VALUE!","9",0,"1",3,"NA","","","NA","#VALUE!","WOHC.Final",10,10,20,1,16,17,69,43,60,49,1,0,56,55,1,8,NA,NA,NA
59,41,1,"#VALUE!","9",1,"1",3,"NA","","","NA","#VALUE!","WOHC.Final",10,10,20,22,2,24,69,33,81,25,0,1,51,53,1,8,NA,NA,NA
59,42,1,"#VALUE!","9",0,"1",3,"NA","","","NA","#VALUE!","WOHC.Final",10,10,20,19,4,23,69,33,78,27,0,1,51,53,1,8,NA,NA,NA
59,43,1,"#VALUE!","9",0,"1",3,"NA","","","NA","#VALUE!","WOHC.Final",10,10,20,16,6,22,69,33,75,29,0,1,51,52,1,8,NA,NA,NA
59,44,1,"#VALUE!","9",1,"1",3,"NA","","","NA","#VALUE!","WOHC.Final",10,10,20,13,8,21,69,33,72,31,0,1,51,52,1,8,NA,NA,NA
59,45,1,"#VALUE!","9",1,"1",3,"NA","","","NA","#VALUE!","WOHC.Final",10,10,20,7,12,19,69,33,66,35,0,1,51,51,1,8,NA,NA,NA
59,46,1,"#VALUE!","9",0,"1",3,"NA","","","NA","#VALUE!","WOHC.Final",10,10,20,4,14,18,69,33,63,37,0,1,51,50,1,8,NA,NA,NA
59,47,1,"#VALUE!","9",0,"1",3,"NA","","","NA","#VALUE!","WOHC.Final",10,10,20,1,16,17,69,33,60,39,0,1,51,50,1,8,NA,NA,NA
60,21,1,"#VALUE!","6",0,"1",1,"NA","1","0","NA","#VALUE!","WOHC.Final",10,10,20,22,2,24,69,58,81,50,0,0,64,66,1,99,0,NA,NA
60,22,1,"#VALUE!","6",0,"1",1,"NA","1","0","NA","#VALUE!","WOHC.Final",10,10,20,19,4,23,69,58,78,52,0,0,64,65,1,99,0,NA,NA
60,23,1,"#VALUE!","6",0,"1",1,"NA","1","0","NA","#VALUE!","WOHC.Final",10,10,20,16,6,22,69,58,75,54,0,0,64,65,1,99,0,NA,NA
60,24,1,"#VALUE!","6",0,"1",1,"NA","1","0","NA","#VALUE!","WOHC.Final",10,10,20,13,8,21,69,58,72,56,0,0,64,64,1,99,0,NA,NA
60,25,1,"#VALUE!","6",0,"1",1,"NA","1","0","NA","#VALUE!","WOHC.Final",10,10,20,7,12,19,69,58,66,60,0,0,64,63,1,99,0,NA,NA
60,26,1,"#VALUE!","6",0,"1",1,"NA","1","0","NA","#VALUE!","WOHC.Final",10,10,20,4,14,18,69,58,63,62,0,0,64,63,1,99,0,NA,NA
60,27,1,"#VALUE!","6",0,"1",1,"NA","1","0","NA","#VALUE!","WOHC.Final",10,10,20,1,16,17,69,58,60,64,0,0,64,62,1,99,0,NA,NA
60,31,1,"#VALUE!","6",0,"1",1,"NA","1","0","NA","#VALUE!","WOHC.Final",10,10,20,22,2,24,69,43,81,35,1,0,56,58,1,99,0,NA,NA
60,32,1,"#VALUE!","6",0,"1",1,"NA","1","0","NA","#VALUE!","WOHC.Final",10,10,20,19,4,23,69,43,78,37,1,0,56,58,1,99,0,NA,NA
60,33,1,"#VALUE!","6",0,"1",1,"NA","1","0","NA","#VALUE!","WOHC.Final",10,10,20,16,6,22,69,43,75,39,1,0,56,57,1,99,0,NA,NA
60,34,1,"#VALUE!","6",0,"1",1,"NA","1","0","NA","#VALUE!","WOHC.Final",10,10,20,13,8,21,69,43,72,41,1,0,56,57,1,99,0,NA,NA
60,35,1,"#VALUE!","6",0,"1",1,"NA","1","0","NA","#VALUE!","WOHC.Final",10,10,20,7,12,19,69,43,66,45,1,0,56,56,1,99,0,NA,NA
60,36,1,"#VALUE!","6",0,"1",1,"NA","1","0","NA","#VALUE!","WOHC.Final",10,10,20,4,14,18,69,43,63,47,1,0,56,55,1,99,0,NA,NA
60,37,1,"#VALUE!","6",0,"1",1,"NA","1","0","NA","#VALUE!","WOHC.Final",10,10,20,1,16,17,69,43,60,49,1,0,56,55,1,99,0,NA,NA
60,41,1,"#VALUE!","6",0,"1",1,"NA","1","0","NA","#VALUE!","WOHC.Final",10,10,20,22,2,24,69,33,81,25,0,1,51,53,1,99,0,NA,NA
60,42,1,"#VALUE!","6",0,"1",1,"NA","1","0","NA","#VALUE!","WOHC.Final",10,10,20,19,4,23,69,33,78,27,0,1,51,53,1,99,0,NA,NA
60,43,1,"#VALUE!","6",0,"1",1,"NA","1","0","NA","#VALUE!","WOHC.Final",10,10,20,16,6,22,69,33,75,29,0,1,51,52,1,99,0,NA,NA
60,44,1,"#VALUE!","6",0,"1",1,"NA","1","0","NA","#VALUE!","WOHC.Final",10,10,20,13,8,21,69,33,72,31,0,1,51,52,1,99,0,NA,NA
60,45,1,"#VALUE!","6",0,"1",1,"NA","1","0","NA","#VALUE!","WOHC.Final",10,10,20,7,12,19,69,33,66,35,0,1,51,51,1,99,0,NA,NA
60,46,1,"#VALUE!","6",0,"1",1,"NA","1","0","NA","#VALUE!","WOHC.Final",10,10,20,4,14,18,69,33,63,37,0,1,51,50,1,99,0,NA,NA
60,47,1,"#VALUE!","6",0,"1",1,"NA","1","0","NA","#VALUE!","WOHC.Final",10,10,20,1,16,17,69,33,60,39,0,1,51,50,1,99,0,NA,NA
61,21,1,"#VALUE!","6",1,"1",3,"NA","1","11","NA","#VALUE!","WOHC.Final",10,10,20,22,2,24,69,58,81,50,0,0,64,66,1,90,11,NA,NA
61,22,1,"#VALUE!","6",1,"1",3,"NA","1","11","NA","#VALUE!","WOHC.Final",10,10,20,19,4,23,69,58,78,52,0,0,64,65,1,90,11,NA,NA
61,23,1,"#VALUE!","6",1,"1",3,"NA","1","11","NA","#VALUE!","WOHC.Final",10,10,20,16,6,22,69,58,75,54,0,0,64,65,1,90,11,NA,NA
61,24,1,"#VALUE!","6",1,"1",3,"NA","1","11","NA","#VALUE!","WOHC.Final",10,10,20,13,8,21,69,58,72,56,0,0,64,64,1,90,11,NA,NA
61,25,1,"#VALUE!","6",0,"1",3,"NA","1","11","NA","#VALUE!","WOHC.Final",10,10,20,7,12,19,69,58,66,60,0,0,64,63,1,90,11,NA,NA
61,26,1,"#VALUE!","6",0,"1",3,"NA","1","11","NA","#VALUE!","WOHC.Final",10,10,20,4,14,18,69,58,63,62,0,0,64,63,1,90,11,NA,NA
61,27,1,"#VALUE!","6",0,"1",3,"NA","1","11","NA","#VALUE!","WOHC.Final",10,10,20,1,16,17,69,58,60,64,0,0,64,62,1,90,11,NA,NA
61,31,1,"#VALUE!","6",1,"1",3,"NA","1","11","NA","#VALUE!","WOHC.Final",10,10,20,22,2,24,69,43,81,35,1,0,56,58,1,90,11,NA,NA
61,32,1,"#VALUE!","6",1,"1",3,"NA","1","11","NA","#VALUE!","WOHC.Final",10,10,20,19,4,23,69,43,78,37,1,0,56,58,1,90,11,NA,NA
61,33,1,"#VALUE!","6",1,"1",3,"NA","1","11","NA","#VALUE!","WOHC.Final",10,10,20,16,6,22,69,43,75,39,1,0,56,57,1,90,11,NA,NA
61,34,1,"#VALUE!","6",1,"1",3,"NA","1","11","NA","#VALUE!","WOHC.Final",10,10,20,13,8,21,69,43,72,41,1,0,56,57,1,90,11,NA,NA
61,35,1,"#VALUE!","6",0,"1",3,"NA","1","11","NA","#VALUE!","WOHC.Final",10,10,20,7,12,19,69,43,66,45,1,0,56,56,1,90,11,NA,NA
61,36,1,"#VALUE!","6",0,"1",3,"NA","1","11","NA","#VALUE!","WOHC.Final",10,10,20,4,14,18,69,43,63,47,1,0,56,55,1,90,11,NA,NA
61,37,1,"#VALUE!","6",0,"1",3,"NA","1","11","NA","#VALUE!","WOHC.Final",10,10,20,1,16,17,69,43,60,49,1,0,56,55,1,90,11,NA,NA
61,41,1,"#VALUE!","6",1,"1",3,"NA","1","11","NA","#VALUE!","WOHC.Final",10,10,20,22,2,24,69,33,81,25,0,1,51,53,1,90,11,NA,NA
61,42,1,"#VALUE!","6",1,"1",3,"NA","1","11","NA","#VALUE!","WOHC.Final",10,10,20,19,4,23,69,33,78,27,0,1,51,53,1,90,11,NA,NA
61,43,1,"#VALUE!","6",1,"1",3,"NA","1","11","NA","#VALUE!","WOHC.Final",10,10,20,16,6,22,69,33,75,29,0,1,51,52,1,90,11,NA,NA
61,44,1,"#VALUE!","6",1,"1",3,"NA","1","11","NA","#VALUE!","WOHC.Final",10,10,20,13,8,21,69,33,72,31,0,1,51,52,1,90,11,NA,NA
61,45,1,"#VALUE!","6",0,"1",3,"NA","1","11","NA","#VALUE!","WOHC.Final",10,10,20,7,12,19,69,33,66,35,0,1,51,51,1,90,11,NA,NA
61,46,1,"#VALUE!","6",0,"1",3,"NA","1","11","NA","#VALUE!","WOHC.Final",10,10,20,4,14,18,69,33,63,37,0,1,51,50,1,90,11,NA,NA
61,47,1,"#VALUE!","6",0,"1",3,"NA","1","11","NA","#VALUE!","WOHC.Final",10,10,20,1,16,17,69,33,60,39,0,1,51,50,1,90,11,NA,NA
62,21,1,"#VALUE!","10",1,"2",3,"NA","1","9","NA","#VALUE!","WOHC.Final",10,10,20,22,2,24,69,58,81,50,0,0,64,66,0,68,9,NA,NA
62,22,1,"#VALUE!","10",1,"2",3,"NA","1","9","NA","#VALUE!","WOHC.Final",10,10,20,19,4,23,69,58,78,52,0,0,64,65,0,68,9,NA,NA
62,23,1,"#VALUE!","10",1,"2",3,"NA","1","9","NA","#VALUE!","WOHC.Final",10,10,20,16,6,22,69,58,75,54,0,0,64,65,0,68,9,NA,NA
62,24,1,"#VALUE!","10",1,"2",3,"NA","1","9","NA","#VALUE!","WOHC.Final",10,10,20,13,8,21,69,58,72,56,0,0,64,64,0,68,9,NA,NA
62,25,1,"#VALUE!","10",0,"2",3,"NA","1","9","NA","#VALUE!","WOHC.Final",10,10,20,7,12,19,69,58,66,60,0,0,64,63,0,68,9,NA,NA
62,26,1,"#VALUE!","10",1,"2",3,"NA","1","9","NA","#VALUE!","WOHC.Final",10,10,20,4,14,18,69,58,63,62,0,0,64,63,0,68,9,NA,NA
62,27,1,"#VALUE!","10",1,"2",3,"NA","1","9","NA","#VALUE!","WOHC.Final",10,10,20,1,16,17,69,58,60,64,0,0,64,62,0,68,9,NA,NA
62,31,1,"#VALUE!","10",1,"2",3,"NA","1","9","NA","#VALUE!","WOHC.Final",10,10,20,22,2,24,69,43,81,35,1,0,56,58,0,68,9,NA,NA
62,32,1,"#VALUE!","10",1,"2",3,"NA","1","9","NA","#VALUE!","WOHC.Final",10,10,20,19,4,23,69,43,78,37,1,0,56,58,0,68,9,NA,NA
62,33,1,"#VALUE!","10",1,"2",3,"NA","1","9","NA","#VALUE!","WOHC.Final",10,10,20,16,6,22,69,43,75,39,1,0,56,57,0,68,9,NA,NA
62,34,1,"#VALUE!","10",1,"2",3,"NA","1","9","NA","#VALUE!","WOHC.Final",10,10,20,13,8,21,69,43,72,41,1,0,56,57,0,68,9,NA,NA
62,35,1,"#VALUE!","10",0,"2",3,"NA","1","9","NA","#VALUE!","WOHC.Final",10,10,20,7,12,19,69,43,66,45,1,0,56,56,0,68,9,NA,NA
62,36,1,"#VALUE!","10",0,"2",3,"NA","1","9","NA","#VALUE!","WOHC.Final",10,10,20,4,14,18,69,43,63,47,1,0,56,55,0,68,9,NA,NA
62,37,1,"#VALUE!","10",0,"2",3,"NA","1","9","NA","#VALUE!","WOHC.Final",10,10,20,1,16,17,69,43,60,49,1,0,56,55,0,68,9,NA,NA
62,41,1,"#VALUE!","10",1,"2",3,"NA","1","9","NA","#VALUE!","WOHC.Final",10,10,20,22,2,24,69,33,81,25,0,1,51,53,0,68,9,NA,NA
62,42,1,"#VALUE!","10",1,"2",3,"NA","1","9","NA","#VALUE!","WOHC.Final",10,10,20,19,4,23,69,33,78,27,0,1,51,53,0,68,9,NA,NA
62,43,1,"#VALUE!","10",1,"2",3,"NA","1","9","NA","#VALUE!","WOHC.Final",10,10,20,16,6,22,69,33,75,29,0,1,51,52,0,68,9,NA,NA
62,44,1,"#VALUE!","10",1,"2",3,"NA","1","9","NA","#VALUE!","WOHC.Final",10,10,20,13,8,21,69,33,72,31,0,1,51,52,0,68,9,NA,NA
62,45,1,"#VALUE!","10",0,"2",3,"NA","1","9","NA","#VALUE!","WOHC.Final",10,10,20,7,12,19,69,33,66,35,0,1,51,51,0,68,9,NA,NA
62,46,1,"#VALUE!","10",0,"2",3,"NA","1","9","NA","#VALUE!","WOHC.Final",10,10,20,4,14,18,69,33,63,37,0,1,51,50,0,68,9,NA,NA
62,47,1,"#VALUE!","10",0,"2",3,"NA","1","9","NA","#VALUE!","WOHC.Final",10,10,20,1,16,17,69,33,60,39,0,1,51,50,0,68,9,NA,NA
63,21,1,"#VALUE!","9",1,"1",4,"NA","1","15","NA","#VALUE!","WOHC.Final",10,10,20,22,2,24,69,58,81,50,0,0,64,66,1,80,15,NA,NA
63,22,1,"#VALUE!","9",0,"1",4,"NA","1","15","NA","#VALUE!","WOHC.Final",10,10,20,19,4,23,69,58,78,52,0,0,64,65,1,80,15,NA,NA
63,23,1,"#VALUE!","9",0,"1",4,"NA","1","15","NA","#VALUE!","WOHC.Final",10,10,20,16,6,22,69,58,75,54,0,0,64,65,1,80,15,NA,NA
63,24,1,"#VALUE!","9",0,"1",4,"NA","1","15","NA","#VALUE!","WOHC.Final",10,10,20,13,8,21,69,58,72,56,0,0,64,64,1,80,15,NA,NA
63,25,1,"#VALUE!","9",0,"1",4,"NA","1","15","NA","#VALUE!","WOHC.Final",10,10,20,7,12,19,69,58,66,60,0,0,64,63,1,80,15,NA,NA
63,26,1,"#VALUE!","9",0,"1",4,"NA","1","15","NA","#VALUE!","WOHC.Final",10,10,20,4,14,18,69,58,63,62,0,0,64,63,1,80,15,NA,NA
63,27,1,"#VALUE!","9",0,"1",4,"NA","1","15","NA","#VALUE!","WOHC.Final",10,10,20,1,16,17,69,58,60,64,0,0,64,62,1,80,15,NA,NA
63,31,1,"#VALUE!","9",0,"1",4,"NA","1","15","NA","#VALUE!","WOHC.Final",10,10,20,22,2,24,69,43,81,35,1,0,56,58,1,80,15,NA,NA
63,32,1,"#VALUE!","9",0,"1",4,"NA","1","15","NA","#VALUE!","WOHC.Final",10,10,20,19,4,23,69,43,78,37,1,0,56,58,1,80,15,NA,NA
63,33,1,"#VALUE!","9",0,"1",4,"NA","1","15","NA","#VALUE!","WOHC.Final",10,10,20,16,6,22,69,43,75,39,1,0,56,57,1,80,15,NA,NA
63,34,1,"#VALUE!","9",0,"1",4,"NA","1","15","NA","#VALUE!","WOHC.Final",10,10,20,13,8,21,69,43,72,41,1,0,56,57,1,80,15,NA,NA
63,35,1,"#VALUE!","9",0,"1",4,"NA","1","15","NA","#VALUE!","WOHC.Final",10,10,20,7,12,19,69,43,66,45,1,0,56,56,1,80,15,NA,NA
63,36,1,"#VALUE!","9",0,"1",4,"NA","1","15","NA","#VALUE!","WOHC.Final",10,10,20,4,14,18,69,43,63,47,1,0,56,55,1,80,15,NA,NA
63,37,1,"#VALUE!","9",0,"1",4,"NA","1","15","NA","#VALUE!","WOHC.Final",10,10,20,1,16,17,69,43,60,49,1,0,56,55,1,80,15,NA,NA
63,41,1,"#VALUE!","9",0,"1",4,"NA","1","15","NA","#VALUE!","WOHC.Final",10,10,20,22,2,24,69,33,81,25,0,1,51,53,1,80,15,NA,NA
63,42,1,"#VALUE!","9",0,"1",4,"NA","1","15","NA","#VALUE!","WOHC.Final",10,10,20,19,4,23,69,33,78,27,0,1,51,53,1,80,15,NA,NA
63,43,1,"#VALUE!","9",0,"1",4,"NA","1","15","NA","#VALUE!","WOHC.Final",10,10,20,16,6,22,69,33,75,29,0,1,51,52,1,80,15,NA,NA
63,44,1,"#VALUE!","9",0,"1",4,"NA","1","15","NA","#VALUE!","WOHC.Final",10,10,20,13,8,21,69,33,72,31,0,1,51,52,1,80,15,NA,NA
63,45,1,"#VALUE!","9",0,"1",4,"NA","1","15","NA","#VALUE!","WOHC.Final",10,10,20,7,12,19,69,33,66,35,0,1,51,51,1,80,15,NA,NA
63,46,1,"#VALUE!","9",0,"1",4,"NA","1","15","NA","#VALUE!","WOHC.Final",10,10,20,4,14,18,69,33,63,37,0,1,51,50,1,80,15,NA,NA
63,47,1,"#VALUE!","9",0,"1",4,"NA","1","15","NA","#VALUE!","WOHC.Final",10,10,20,1,16,17,69,33,60,39,0,1,51,50,1,80,15,NA,NA
64,21,1,"#VALUE!","10",0,"1",2,"NA","2","6","NA","#VALUE!","WOHC.Final",10,10,20,22,2,24,69,58,81,50,0,0,64,66,1,90,6,NA,NA
64,22,1,"#VALUE!","10",0,"1",2,"NA","2","6","NA","#VALUE!","WOHC.Final",10,10,20,19,4,23,69,58,78,52,0,0,64,65,1,90,6,NA,NA
64,23,1,"#VALUE!","10",0,"1",2,"NA","2","6","NA","#VALUE!","WOHC.Final",10,10,20,16,6,22,69,58,75,54,0,0,64,65,1,90,6,NA,NA
64,24,1,"#VALUE!","10",0,"1",2,"NA","2","6","NA","#VALUE!","WOHC.Final",10,10,20,13,8,21,69,58,72,56,0,0,64,64,1,90,6,NA,NA
64,25,1,"#VALUE!","10",1,"1",2,"NA","2","6","NA","#VALUE!","WOHC.Final",10,10,20,7,12,19,69,58,66,60,0,0,64,63,1,90,6,NA,NA
64,26,1,"#VALUE!","10",1,"1",2,"NA","2","6","NA","#VALUE!","WOHC.Final",10,10,20,4,14,18,69,58,63,62,0,0,64,63,1,90,6,NA,NA
64,27,1,"#VALUE!","10",0,"1",2,"NA","2","6","NA","#VALUE!","WOHC.Final",10,10,20,1,16,17,69,58,60,64,0,0,64,62,1,90,6,NA,NA
64,31,1,"#VALUE!","10",0,"1",2,"NA","2","6","NA","#VALUE!","WOHC.Final",10,10,20,22,2,24,69,43,81,35,1,0,56,58,1,90,6,NA,NA
64,32,1,"#VALUE!","10",0,"1",2,"NA","2","6","NA","#VALUE!","WOHC.Final",10,10,20,19,4,23,69,43,78,37,1,0,56,58,1,90,6,NA,NA
64,33,1,"#VALUE!","10",0,"1",2,"NA","2","6","NA","#VALUE!","WOHC.Final",10,10,20,16,6,22,69,43,75,39,1,0,56,57,1,90,6,NA,NA
64,34,1,"#VALUE!","10",1,"1",2,"NA","2","6","NA","#VALUE!","WOHC.Final",10,10,20,13,8,21,69,43,72,41,1,0,56,57,1,90,6,NA,NA
64,35,1,"#VALUE!","10",1,"1",2,"NA","2","6","NA","#VALUE!","WOHC.Final",10,10,20,7,12,19,69,43,66,45,1,0,56,56,1,90,6,NA,NA
64,36,1,"#VALUE!","10",1,"1",2,"NA","2","6","NA","#VALUE!","WOHC.Final",10,10,20,4,14,18,69,43,63,47,1,0,56,55,1,90,6,NA,NA
64,37,1,"#VALUE!","10",1,"1",2,"NA","2","6","NA","#VALUE!","WOHC.Final",10,10,20,1,16,17,69,43,60,49,1,0,56,55,1,90,6,NA,NA
64,41,1,"#VALUE!","10",0,"1",2,"NA","2","6","NA","#VALUE!","WOHC.Final",10,10,20,22,2,24,69,33,81,25,0,1,51,53,1,90,6,NA,NA
64,42,1,"#VALUE!","10",0,"1",2,"NA","2","6","NA","#VALUE!","WOHC.Final",10,10,20,19,4,23,69,33,78,27,0,1,51,53,1,90,6,NA,NA
64,43,1,"#VALUE!","10",1,"1",2,"NA","2","6","NA","#VALUE!","WOHC.Final",10,10,20,16,6,22,69,33,75,29,0,1,51,52,1,90,6,NA,NA
64,44,1,"#VALUE!","10",1,"1",2,"NA","2","6","NA","#VALUE!","WOHC.Final",10,10,20,13,8,21,69,33,72,31,0,1,51,52,1,90,6,NA,NA
64,45,1,"#VALUE!","10",1,"1",2,"NA","2","6","NA","#VALUE!","WOHC.Final",10,10,20,7,12,19,69,33,66,35,0,1,51,51,1,90,6,NA,NA
64,46,1,"#VALUE!","10",0,"1",2,"NA","2","6","NA","#VALUE!","WOHC.Final",10,10,20,4,14,18,69,33,63,37,0,1,51,50,1,90,6,NA,NA
64,47,1,"#VALUE!","10",0,"1",2,"NA","2","6","NA","#VALUE!","WOHC.Final",10,10,20,1,16,17,69,33,60,39,0,1,51,50,1,90,6,NA,NA
65,21,1,"#VALUE!","9",0,"1",8,"NA","1","33","NA","#VALUE!","WOHC.Final",10,10,20,22,2,24,69,58,81,50,0,0,64,66,1,8,33,NA,NA
65,22,1,"#VALUE!","9",0,"1",8,"NA","1","33","NA","#VALUE!","WOHC.Final",10,10,20,19,4,23,69,58,78,52,0,0,64,65,1,8,33,NA,NA
65,23,1,"#VALUE!","9",0,"1",8,"NA","1","33","NA","#VALUE!","WOHC.Final",10,10,20,16,6,22,69,58,75,54,0,0,64,65,1,8,33,NA,NA
65,24,1,"#VALUE!","9",0,"1",8,"NA","1","33","NA","#VALUE!","WOHC.Final",10,10,20,13,8,21,69,58,72,56,0,0,64,64,1,8,33,NA,NA
65,25,1,"#VALUE!","9",0,"1",8,"NA","1","33","NA","#VALUE!","WOHC.Final",10,10,20,7,12,19,69,58,66,60,0,0,64,63,1,8,33,NA,NA
65,26,1,"#VALUE!","9",0,"1",8,"NA","1","33","NA","#VALUE!","WOHC.Final",10,10,20,4,14,18,69,58,63,62,0,0,64,63,1,8,33,NA,NA
65,27,1,"#VALUE!","9",0,"1",8,"NA","1","33","NA","#VALUE!","WOHC.Final",10,10,20,1,16,17,69,58,60,64,0,0,64,62,1,8,33,NA,NA
65,31,1,"#VALUE!","9",1,"1",8,"NA","1","33","NA","#VALUE!","WOHC.Final",10,10,20,22,2,24,69,43,81,35,1,0,56,58,1,8,33,NA,NA
65,32,1,"#VALUE!","9",1,"1",8,"NA","1","33","NA","#VALUE!","WOHC.Final",10,10,20,19,4,23,69,43,78,37,1,0,56,58,1,8,33,NA,NA
65,33,1,"#VALUE!","9",1,"1",8,"NA","1","33","NA","#VALUE!","WOHC.Final",10,10,20,16,6,22,69,43,75,39,1,0,56,57,1,8,33,NA,NA
65,34,1,"#VALUE!","9",1,"1",8,"NA","1","33","NA","#VALUE!","WOHC.Final",10,10,20,13,8,21,69,43,72,41,1,0,56,57,1,8,33,NA,NA
65,35,1,"#VALUE!","9",0,"1",8,"NA","1","33","NA","#VALUE!","WOHC.Final",10,10,20,7,12,19,69,43,66,45,1,0,56,56,1,8,33,NA,NA
65,36,1,"#VALUE!","9",0,"1",8,"NA","1","33","NA","#VALUE!","WOHC.Final",10,10,20,4,14,18,69,43,63,47,1,0,56,55,1,8,33,NA,NA
65,37,1,"#VALUE!","9",0,"1",8,"NA","1","33","NA","#VALUE!","WOHC.Final",10,10,20,1,16,17,69,43,60,49,1,0,56,55,1,8,33,NA,NA
65,41,1,"#VALUE!","9",1,"1",8,"NA","1","33","NA","#VALUE!","WOHC.Final",10,10,20,22,2,24,69,33,81,25,0,1,51,53,1,8,33,NA,NA
65,42,1,"#VALUE!","9",1,"1",8,"NA","1","33","NA","#VALUE!","WOHC.Final",10,10,20,19,4,23,69,33,78,27,0,1,51,53,1,8,33,NA,NA
65,43,1,"#VALUE!","9",1,"1",8,"NA","1","33","NA","#VALUE!","WOHC.Final",10,10,20,16,6,22,69,33,75,29,0,1,51,52,1,8,33,NA,NA
65,44,1,"#VALUE!","9",1,"1",8,"NA","1","33","NA","#VALUE!","WOHC.Final",10,10,20,13,8,21,69,33,72,31,0,1,51,52,1,8,33,NA,NA
65,45,1,"#VALUE!","9",0,"1",8,"NA","1","33","NA","#VALUE!","WOHC.Final",10,10,20,7,12,19,69,33,66,35,0,1,51,51,1,8,33,NA,NA
65,46,1,"#VALUE!","9",0,"1",8,"NA","1","33","NA","#VALUE!","WOHC.Final",10,10,20,4,14,18,69,33,63,37,0,1,51,50,1,8,33,NA,NA
65,47,1,"#VALUE!","9",0,"1",8,"NA","1","33","NA","#VALUE!","WOHC.Final",10,10,20,1,16,17,69,33,60,39,0,1,51,50,1,8,33,NA,NA
66,21,1,"#VALUE!","6",1,"2",5,"NA","1","15","NA","#VALUE!","WOHC.Final",10,10,20,22,2,24,69,58,81,50,0,0,64,66,0,75,15,NA,NA
66,22,1,"#VALUE!","6",1,"2",5,"NA","1","15","NA","#VALUE!","WOHC.Final",10,10,20,19,4,23,69,58,78,52,0,0,64,65,0,75,15,NA,NA
66,23,1,"#VALUE!","6",1,"2",5,"NA","1","15","NA","#VALUE!","WOHC.Final",10,10,20,16,6,22,69,58,75,54,0,0,64,65,0,75,15,NA,NA
66,24,1,"#VALUE!","6",1,"2",5,"NA","1","15","NA","#VALUE!","WOHC.Final",10,10,20,13,8,21,69,58,72,56,0,0,64,64,0,75,15,NA,NA
66,25,1,"#VALUE!","6",0,"2",5,"NA","1","15","NA","#VALUE!","WOHC.Final",10,10,20,7,12,19,69,58,66,60,0,0,64,63,0,75,15,NA,NA
66,26,1,"#VALUE!","6",0,"2",5,"NA","1","15","NA","#VALUE!","WOHC.Final",10,10,20,4,14,18,69,58,63,62,0,0,64,63,0,75,15,NA,NA
66,27,1,"#VALUE!","6",0,"2",5,"NA","1","15","NA","#VALUE!","WOHC.Final",10,10,20,1,16,17,69,58,60,64,0,0,64,62,0,75,15,NA,NA
66,31,1,"#VALUE!","6",0,"2",5,"NA","1","15","NA","#VALUE!","WOHC.Final",10,10,20,22,2,24,69,43,81,35,1,0,56,58,0,75,15,NA,NA
66,32,1,"#VALUE!","6",0,"2",5,"NA","1","15","NA","#VALUE!","WOHC.Final",10,10,20,19,4,23,69,43,78,37,1,0,56,58,0,75,15,NA,NA
66,33,1,"#VALUE!","6",0,"2",5,"NA","1","15","NA","#VALUE!","WOHC.Final",10,10,20,16,6,22,69,43,75,39,1,0,56,57,0,75,15,NA,NA
66,34,1,"#VALUE!","6",0,"2",5,"NA","1","15","NA","#VALUE!","WOHC.Final",10,10,20,13,8,21,69,43,72,41,1,0,56,57,0,75,15,NA,NA
66,35,1,"#VALUE!","6",0,"2",5,"NA","1","15","NA","#VALUE!","WOHC.Final",10,10,20,7,12,19,69,43,66,45,1,0,56,56,0,75,15,NA,NA
66,36,1,"#VALUE!","6",0,"2",5,"NA","1","15","NA","#VALUE!","WOHC.Final",10,10,20,4,14,18,69,43,63,47,1,0,56,55,0,75,15,NA,NA
66,37,1,"#VALUE!","6",0,"2",5,"NA","1","15","NA","#VALUE!","WOHC.Final",10,10,20,1,16,17,69,43,60,49,1,0,56,55,0,75,15,NA,NA
66,41,1,"#VALUE!","6",0,"2",5,"NA","1","15","NA","#VALUE!","WOHC.Final",10,10,20,22,2,24,69,33,81,25,0,1,51,53,0,75,15,NA,NA
66,42,1,"#VALUE!","6",0,"2",5,"NA","1","15","NA","#VALUE!","WOHC.Final",10,10,20,19,4,23,69,33,78,27,0,1,51,53,0,75,15,NA,NA
66,43,1,"#VALUE!","6",0,"2",5,"NA","1","15","NA","#VALUE!","WOHC.Final",10,10,20,16,6,22,69,33,75,29,0,1,51,52,0,75,15,NA,NA
66,44,1,"#VALUE!","6",0,"2",5,"NA","1","15","NA","#VALUE!","WOHC.Final",10,10,20,13,8,21,69,33,72,31,0,1,51,52,0,75,15,NA,NA
66,45,1,"#VALUE!","6",0,"2",5,"NA","1","15","NA","#VALUE!","WOHC.Final",10,10,20,7,12,19,69,33,66,35,0,1,51,51,0,75,15,NA,NA
66,46,1,"#VALUE!","6",0,"2",5,"NA","1","15","NA","#VALUE!","WOHC.Final",10,10,20,4,14,18,69,33,63,37,0,1,51,50,0,75,15,NA,NA
66,47,1,"#VALUE!","6",0,"2",5,"NA","1","15","NA","#VALUE!","WOHC.Final",10,10,20,1,16,17,69,33,60,39,0,1,51,50,0,75,15,NA,NA
67,21,1,"#VALUE!","9",0,"2",5,"NA","1","10","NA","#VALUE!","WOHC.Final",10,10,20,22,2,24,69,58,81,50,0,0,64,66,0,90,10,NA,NA
67,22,1,"#VALUE!","9",0,"2",5,"NA","1","10","NA","#VALUE!","WOHC.Final",10,10,20,19,4,23,69,58,78,52,0,0,64,65,0,90,10,NA,NA
67,23,1,"#VALUE!","9",0,"2",5,"NA","1","10","NA","#VALUE!","WOHC.Final",10,10,20,16,6,22,69,58,75,54,0,0,64,65,0,90,10,NA,NA
67,24,1,"#VALUE!","9",1,"2",5,"NA","1","10","NA","#VALUE!","WOHC.Final",10,10,20,13,8,21,69,58,72,56,0,0,64,64,0,90,10,NA,NA
67,25,1,"#VALUE!","9",1,"2",5,"NA","1","10","NA","#VALUE!","WOHC.Final",10,10,20,7,12,19,69,58,66,60,0,0,64,63,0,90,10,NA,NA
67,26,1,"#VALUE!","9",1,"2",5,"NA","1","10","NA","#VALUE!","WOHC.Final",10,10,20,4,14,18,69,58,63,62,0,0,64,63,0,90,10,NA,NA
67,27,1,"#VALUE!","9",0,"2",5,"NA","1","10","NA","#VALUE!","WOHC.Final",10,10,20,1,16,17,69,58,60,64,0,0,64,62,0,90,10,NA,NA
67,31,1,"#VALUE!","9",0,"2",5,"NA","1","10","NA","#VALUE!","WOHC.Final",10,10,20,22,2,24,69,43,81,35,1,0,56,58,0,90,10,NA,NA
67,32,1,"#VALUE!","9",0,"2",5,"NA","1","10","NA","#VALUE!","WOHC.Final",10,10,20,19,4,23,69,43,78,37,1,0,56,58,0,90,10,NA,NA
67,33,1,"#VALUE!","9",0,"2",5,"NA","1","10","NA","#VALUE!","WOHC.Final",10,10,20,16,6,22,69,43,75,39,1,0,56,57,0,90,10,NA,NA
67,34,1,"#VALUE!","9",1,"2",5,"NA","1","10","NA","#VALUE!","WOHC.Final",10,10,20,13,8,21,69,43,72,41,1,0,56,57,0,90,10,NA,NA
67,35,1,"#VALUE!","9",1,"2",5,"NA","1","10","NA","#VALUE!","WOHC.Final",10,10,20,7,12,19,69,43,66,45,1,0,56,56,0,90,10,NA,NA
67,36,1,"#VALUE!","9",1,"2",5,"NA","1","10","NA","#VALUE!","WOHC.Final",10,10,20,4,14,18,69,43,63,47,1,0,56,55,0,90,10,NA,NA
67,37,1,"#VALUE!","9",1,"2",5,"NA","1","10","NA","#VALUE!","WOHC.Final",10,10,20,1,16,17,69,43,60,49,1,0,56,55,0,90,10,NA,NA
67,41,1,"#VALUE!","9",0,"2",5,"NA","1","10","NA","#VALUE!","WOHC.Final",10,10,20,22,2,24,69,33,81,25,0,1,51,53,0,90,10,NA,NA
67,42,1,"#VALUE!","9",0,"2",5,"NA","1","10","NA","#VALUE!","WOHC.Final",10,10,20,19,4,23,69,33,78,27,0,1,51,53,0,90,10,NA,NA
67,43,1,"#VALUE!","9",0,"2",5,"NA","1","10","NA","#VALUE!","WOHC.Final",10,10,20,16,6,22,69,33,75,29,0,1,51,52,0,90,10,NA,NA
67,44,1,"#VALUE!","9",0,"2",5,"NA","1","10","NA","#VALUE!","WOHC.Final",10,10,20,13,8,21,69,33,72,31,0,1,51,52,0,90,10,NA,NA
67,45,1,"#VALUE!","9",1,"2",5,"NA","1","10","NA","#VALUE!","WOHC.Final",10,10,20,7,12,19,69,33,66,35,0,1,51,51,0,90,10,NA,NA
67,46,1,"#VALUE!","9",1,"2",5,"NA","1","10","NA","#VALUE!","WOHC.Final",10,10,20,4,14,18,69,33,63,37,0,1,51,50,0,90,10,NA,NA
67,47,1,"#VALUE!","9",1,"2",5,"NA","1","10","NA","#VALUE!","WOHC.Final",10,10,20,1,16,17,69,33,60,39,0,1,51,50,0,90,10,NA,NA
68,21,1,"#VALUE!","9",0,"2",3,"NA","1","10","NA","#VALUE!","WOHC.Final",10,10,20,22,2,24,69,58,81,50,0,0,64,66,0,85,10,NA,NA
68,22,1,"#VALUE!","9",0,"2",3,"NA","1","10","NA","#VALUE!","WOHC.Final",10,10,20,19,4,23,69,58,78,52,0,0,64,65,0,85,10,NA,NA
68,23,1,"#VALUE!","9",1,"2",3,"NA","1","10","NA","#VALUE!","WOHC.Final",10,10,20,16,6,22,69,58,75,54,0,0,64,65,0,85,10,NA,NA
68,24,1,"#VALUE!","9",1,"2",3,"NA","1","10","NA","#VALUE!","WOHC.Final",10,10,20,13,8,21,69,58,72,56,0,0,64,64,0,85,10,NA,NA
68,25,1,"#VALUE!","9",1,"2",3,"NA","1","10","NA","#VALUE!","WOHC.Final",10,10,20,7,12,19,69,58,66,60,0,0,64,63,0,85,10,NA,NA
68,26,1,"#VALUE!","9",0,"2",3,"NA","1","10","NA","#VALUE!","WOHC.Final",10,10,20,4,14,18,69,58,63,62,0,0,64,63,0,85,10,NA,NA
68,27,1,"#VALUE!","9",0,"2",3,"NA","1","10","NA","#VALUE!","WOHC.Final",10,10,20,1,16,17,69,58,60,64,0,0,64,62,0,85,10,NA,NA
68,31,1,"#VALUE!","9",1,"2",3,"NA","1","10","NA","#VALUE!","WOHC.Final",10,10,20,22,2,24,69,43,81,35,1,0,56,58,0,85,10,NA,NA
68,32,1,"#VALUE!","9",1,"2",3,"NA","1","10","NA","#VALUE!","WOHC.Final",10,10,20,19,4,23,69,43,78,37,1,0,56,58,0,85,10,NA,NA
68,33,1,"#VALUE!","9",1,"2",3,"NA","1","10","NA","#VALUE!","WOHC.Final",10,10,20,16,6,22,69,43,75,39,1,0,56,57,0,85,10,NA,NA
68,34,1,"#VALUE!","9",1,"2",3,"NA","1","10","NA","#VALUE!","WOHC.Final",10,10,20,13,8,21,69,43,72,41,1,0,56,57,0,85,10,NA,NA
68,35,1,"#VALUE!","9",0,"2",3,"NA","1","10","NA","#VALUE!","WOHC.Final",10,10,20,7,12,19,69,43,66,45,1,0,56,56,0,85,10,NA,NA
68,36,1,"#VALUE!","9",0,"2",3,"NA","1","10","NA","#VALUE!","WOHC.Final",10,10,20,4,14,18,69,43,63,47,1,0,56,55,0,85,10,NA,NA
68,37,1,"#VALUE!","9",0,"2",3,"NA","1","10","NA","#VALUE!","WOHC.Final",10,10,20,1,16,17,69,43,60,49,1,0,56,55,0,85,10,NA,NA
68,41,1,"#VALUE!","9",1,"2",3,"NA","1","10","NA","#VALUE!","WOHC.Final",10,10,20,22,2,24,69,33,81,25,0,1,51,53,0,85,10,NA,NA
68,42,1,"#VALUE!","9",1,"2",3,"NA","1","10","NA","#VALUE!","WOHC.Final",10,10,20,19,4,23,69,33,78,27,0,1,51,53,0,85,10,NA,NA
68,43,1,"#VALUE!","9",1,"2",3,"NA","1","10","NA","#VALUE!","WOHC.Final",10,10,20,16,6,22,69,33,75,29,0,1,51,52,0,85,10,NA,NA
68,44,1,"#VALUE!","9",1,"2",3,"NA","1","10","NA","#VALUE!","WOHC.Final",10,10,20,13,8,21,69,33,72,31,0,1,51,52,0,85,10,NA,NA
68,45,1,"#VALUE!","9",0,"2",3,"NA","1","10","NA","#VALUE!","WOHC.Final",10,10,20,7,12,19,69,33,66,35,0,1,51,51,0,85,10,NA,NA
68,46,1,"#VALUE!","9",0,"2",3,"NA","1","10","NA","#VALUE!","WOHC.Final",10,10,20,4,14,18,69,33,63,37,0,1,51,50,0,85,10,NA,NA
68,47,1,"#VALUE!","9",0,"2",3,"NA","1","10","NA","#VALUE!","WOHC.Final",10,10,20,1,16,17,69,33,60,39,0,1,51,50,0,85,10,NA,NA
69,21,1,"#VALUE!","9",0,"1",5,"NA","1","22","NA","#VALUE!","WOHC.Final",10,10,20,22,2,24,69,58,81,50,0,0,64,66,1,80,22,NA,NA
69,22,1,"#VALUE!","9",0,"1",5,"NA","1","22","NA","#VALUE!","WOHC.Final",10,10,20,19,4,23,69,58,78,52,0,0,64,65,1,80,22,NA,NA
69,23,1,"#VALUE!","9",0,"1",5,"NA","1","22","NA","#VALUE!","WOHC.Final",10,10,20,16,6,22,69,58,75,54,0,0,64,65,1,80,22,NA,NA
69,24,1,"#VALUE!","9",0,"1",5,"NA","1","22","NA","#VALUE!","WOHC.Final",10,10,20,13,8,21,69,58,72,56,0,0,64,64,1,80,22,NA,NA
69,25,1,"#VALUE!","9",1,"1",5,"NA","1","22","NA","#VALUE!","WOHC.Final",10,10,20,7,12,19,69,58,66,60,0,0,64,63,1,80,22,NA,NA
69,26,1,"#VALUE!","9",1,"1",5,"NA","1","22","NA","#VALUE!","WOHC.Final",10,10,20,4,14,18,69,58,63,62,0,0,64,63,1,80,22,NA,NA
69,27,1,"#VALUE!","9",0,"1",5,"NA","1","22","NA","#VALUE!","WOHC.Final",10,10,20,1,16,17,69,58,60,64,0,0,64,62,1,80,22,NA,NA
69,31,1,"#VALUE!","9",0,"1",5,"NA","1","22","NA","#VALUE!","WOHC.Final",10,10,20,22,2,24,69,43,81,35,1,0,56,58,1,80,22,NA,NA
69,32,1,"#VALUE!","9",0,"1",5,"NA","1","22","NA","#VALUE!","WOHC.Final",10,10,20,19,4,23,69,43,78,37,1,0,56,58,1,80,22,NA,NA
69,33,1,"#VALUE!","9",0,"1",5,"NA","1","22","NA","#VALUE!","WOHC.Final",10,10,20,16,6,22,69,43,75,39,1,0,56,57,1,80,22,NA,NA
69,34,1,"#VALUE!","9",0,"1",5,"NA","1","22","NA","#VALUE!","WOHC.Final",10,10,20,13,8,21,69,43,72,41,1,0,56,57,1,80,22,NA,NA
69,35,1,"#VALUE!","9",1,"1",5,"NA","1","22","NA","#VALUE!","WOHC.Final",10,10,20,7,12,19,69,43,66,45,1,0,56,56,1,80,22,NA,NA
69,36,1,"#VALUE!","9",1,"1",5,"NA","1","22","NA","#VALUE!","WOHC.Final",10,10,20,4,14,18,69,43,63,47,1,0,56,55,1,80,22,NA,NA
69,37,1,"#VALUE!","9",1,"1",5,"NA","1","22","NA","#VALUE!","WOHC.Final",10,10,20,1,16,17,69,43,60,49,1,0,56,55,1,80,22,NA,NA
69,41,1,"#VALUE!","9",0,"1",5,"NA","1","22","NA","#VALUE!","WOHC.Final",10,10,20,22,2,24,69,33,81,25,0,1,51,53,1,80,22,NA,NA
69,42,1,"#VALUE!","9",0,"1",5,"NA","1","22","NA","#VALUE!","WOHC.Final",10,10,20,19,4,23,69,33,78,27,0,1,51,53,1,80,22,NA,NA
69,43,1,"#VALUE!","9",0,"1",5,"NA","1","22","NA","#VALUE!","WOHC.Final",10,10,20,16,6,22,69,33,75,29,0,1,51,52,1,80,22,NA,NA
69,44,1,"#VALUE!","9",0,"1",5,"NA","1","22","NA","#VALUE!","WOHC.Final",10,10,20,13,8,21,69,33,72,31,0,1,51,52,1,80,22,NA,NA
69,45,1,"#VALUE!","9",1,"1",5,"NA","1","22","NA","#VALUE!","WOHC.Final",10,10,20,7,12,19,69,33,66,35,0,1,51,51,1,80,22,NA,NA
69,46,1,"#VALUE!","9",1,"1",5,"NA","1","22","NA","#VALUE!","WOHC.Final",10,10,20,4,14,18,69,33,63,37,0,1,51,50,1,80,22,NA,NA
69,47,1,"#VALUE!","9",1,"1",5,"NA","1","22","NA","#VALUE!","WOHC.Final",10,10,20,1,16,17,69,33,60,39,0,1,51,50,1,80,22,NA,NA
70,21,1,"#VALUE!","9",0,"1",3,"NA","2","9","NA","#VALUE!","WOHC.Final",10,10,20,22,2,24,69,58,81,50,0,0,64,66,1,100,9,NA,NA
70,22,1,"#VALUE!","9",0,"1",3,"NA","2","9","NA","#VALUE!","WOHC.Final",10,10,20,19,4,23,69,58,78,52,0,0,64,65,1,100,9,NA,NA
70,23,1,"#VALUE!","9",0,"1",3,"NA","2","9","NA","#VALUE!","WOHC.Final",10,10,20,16,6,22,69,58,75,54,0,0,64,65,1,100,9,NA,NA
70,24,1,"#VALUE!","9",0,"1",3,"NA","2","9","NA","#VALUE!","WOHC.Final",10,10,20,13,8,21,69,58,72,56,0,0,64,64,1,100,9,NA,NA
70,25,1,"#VALUE!","9",1,"1",3,"NA","2","9","NA","#VALUE!","WOHC.Final",10,10,20,7,12,19,69,58,66,60,0,0,64,63,1,100,9,NA,NA
70,26,1,"#VALUE!","9",1,"1",3,"NA","2","9","NA","#VALUE!","WOHC.Final",10,10,20,4,14,18,69,58,63,62,0,0,64,63,1,100,9,NA,NA
70,27,1,"#VALUE!","9",1,"1",3,"NA","2","9","NA","#VALUE!","WOHC.Final",10,10,20,1,16,17,69,58,60,64,0,0,64,62,1,100,9,NA,NA
70,31,1,"#VALUE!","9",0,"1",3,"NA","2","9","NA","#VALUE!","WOHC.Final",10,10,20,22,2,24,69,43,81,35,1,0,56,58,1,100,9,NA,NA
70,32,1,"#VALUE!","9",0,"1",3,"NA","2","9","NA","#VALUE!","WOHC.Final",10,10,20,19,4,23,69,43,78,37,1,0,56,58,1,100,9,NA,NA
70,33,1,"#VALUE!","9",0,"1",3,"NA","2","9","NA","#VALUE!","WOHC.Final",10,10,20,16,6,22,69,43,75,39,1,0,56,57,1,100,9,NA,NA
70,34,1,"#VALUE!","9",0,"1",3,"NA","2","9","NA","#VALUE!","WOHC.Final",10,10,20,13,8,21,69,43,72,41,1,0,56,57,1,100,9,NA,NA
70,35,1,"#VALUE!","9",1,"1",3,"NA","2","9","NA","#VALUE!","WOHC.Final",10,10,20,7,12,19,69,43,66,45,1,0,56,56,1,100,9,NA,NA
70,36,1,"#VALUE!","9",1,"1",3,"NA","2","9","NA","#VALUE!","WOHC.Final",10,10,20,4,14,18,69,43,63,47,1,0,56,55,1,100,9,NA,NA
70,37,1,"#VALUE!","9",0,"1",3,"NA","2","9","NA","#VALUE!","WOHC.Final",10,10,20,1,16,17,69,43,60,49,1,0,56,55,1,100,9,NA,NA
70,41,1,"#VALUE!","9",0,"1",3,"NA","2","9","NA","#VALUE!","WOHC.Final",10,10,20,22,2,24,69,33,81,25,0,1,51,53,1,100,9,NA,NA
70,42,1,"#VALUE!","9",0,"1",3,"NA","2","9","NA","#VALUE!","WOHC.Final",10,10,20,19,4,23,69,33,78,27,0,1,51,53,1,100,9,NA,NA
70,43,1,"#VALUE!","9",0,"1",3,"NA","2","9","NA","#VALUE!","WOHC.Final",10,10,20,16,6,22,69,33,75,29,0,1,51,52,1,100,9,NA,NA
70,44,1,"#VALUE!","9",0,"1",3,"NA","2","9","NA","#VALUE!","WOHC.Final",10,10,20,13,8,21,69,33,72,31,0,1,51,52,1,100,9,NA,NA
70,45,1,"#VALUE!","9",1,"1",3,"NA","2","9","NA","#VALUE!","WOHC.Final",10,10,20,7,12,19,69,33,66,35,0,1,51,51,1,100,9,NA,NA
70,46,1,"#VALUE!","9",0,"1",3,"NA","2","9","NA","#VALUE!","WOHC.Final",10,10,20,4,14,18,69,33,63,37,0,1,51,50,1,100,9,NA,NA
70,47,1,"#VALUE!","9",0,"1",3,"NA","2","9","NA","#VALUE!","WOHC.Final",10,10,20,1,16,17,69,33,60,39,0,1,51,50,1,100,9,NA,NA
71,21,1,"#VALUE!","9",0,"1",3,"NA","1","9","NA","#VALUE!","WOHC.Final",10,10,20,22,2,24,69,58,81,50,0,0,64,66,1,70,9,NA,NA
71,22,1,"#VALUE!","9",0,"1",3,"NA","1","9","NA","#VALUE!","WOHC.Final",10,10,20,19,4,23,69,58,78,52,0,0,64,65,1,70,9,NA,NA
71,23,1,"#VALUE!","9",0,"1",3,"NA","1","9","NA","#VALUE!","WOHC.Final",10,10,20,16,6,22,69,58,75,54,0,0,64,65,1,70,9,NA,NA
71,24,1,"#VALUE!","9",0,"1",3,"NA","1","9","NA","#VALUE!","WOHC.Final",10,10,20,13,8,21,69,58,72,56,0,0,64,64,1,70,9,NA,NA
71,25,1,"#VALUE!","9",1,"1",3,"NA","1","9","NA","#VALUE!","WOHC.Final",10,10,20,7,12,19,69,58,66,60,0,0,64,63,1,70,9,NA,NA
71,26,1,"#VALUE!","9",1,"1",3,"NA","1","9","NA","#VALUE!","WOHC.Final",10,10,20,4,14,18,69,58,63,62,0,0,64,63,1,70,9,NA,NA
71,27,1,"#VALUE!","9",0,"1",3,"NA","1","9","NA","#VALUE!","WOHC.Final",10,10,20,1,16,17,69,58,60,64,0,0,64,62,1,70,9,NA,NA
71,31,1,"#VALUE!","9",0,"1",3,"NA","1","9","NA","#VALUE!","WOHC.Final",10,10,20,22,2,24,69,43,81,35,1,0,56,58,1,70,9,NA,NA
71,32,1,"#VALUE!","9",0,"1",3,"NA","1","9","NA","#VALUE!","WOHC.Final",10,10,20,19,4,23,69,43,78,37,1,0,56,58,1,70,9,NA,NA
71,33,1,"#VALUE!","9",0,"1",3,"NA","1","9","NA","#VALUE!","WOHC.Final",10,10,20,16,6,22,69,43,75,39,1,0,56,57,1,70,9,NA,NA
71,34,1,"#VALUE!","9",0,"1",3,"NA","1","9","NA","#VALUE!","WOHC.Final",10,10,20,13,8,21,69,43,72,41,1,0,56,57,1,70,9,NA,NA
71,35,1,"#VALUE!","9",1,"1",3,"NA","1","9","NA","#VALUE!","WOHC.Final",10,10,20,7,12,19,69,43,66,45,1,0,56,56,1,70,9,NA,NA
71,36,1,"#VALUE!","9",1,"1",3,"NA","1","9","NA","#VALUE!","WOHC.Final",10,10,20,4,14,18,69,43,63,47,1,0,56,55,1,70,9,NA,NA
71,37,1,"#VALUE!","9",1,"1",3,"NA","1","9","NA","#VALUE!","WOHC.Final",10,10,20,1,16,17,69,43,60,49,1,0,56,55,1,70,9,NA,NA
71,41,1,"#VALUE!","9",0,"1",3,"NA","1","9","NA","#VALUE!","WOHC.Final",10,10,20,22,2,24,69,33,81,25,0,1,51,53,1,70,9,NA,NA
71,42,1,"#VALUE!","9",0,"1",3,"NA","1","9","NA","#VALUE!","WOHC.Final",10,10,20,19,4,23,69,33,78,27,0,1,51,53,1,70,9,NA,NA
71,43,1,"#VALUE!","9",0,"1",3,"NA","1","9","NA","#VALUE!","WOHC.Final",10,10,20,16,6,22,69,33,75,29,0,1,51,52,1,70,9,NA,NA
71,44,1,"#VALUE!","9",0,"1",3,"NA","1","9","NA","#VALUE!","WOHC.Final",10,10,20,13,8,21,69,33,72,31,0,1,51,52,1,70,9,NA,NA
71,45,1,"#VALUE!","9",1,"1",3,"NA","1","9","NA","#VALUE!","WOHC.Final",10,10,20,7,12,19,69,33,66,35,0,1,51,51,1,70,9,NA,NA
71,46,1,"#VALUE!","9",1,"1",3,"NA","1","9","NA","#VALUE!","WOHC.Final",10,10,20,4,14,18,69,33,63,37,0,1,51,50,1,70,9,NA,NA
71,47,1,"#VALUE!","9",1,"1",3,"NA","1","9","NA","#VALUE!","WOHC.Final",10,10,20,1,16,17,69,33,60,39,0,1,51,50,1,70,9,NA,NA
72,21,1,"#VALUE!","9",0,"1",5,"NA","1","20","NA","#VALUE!","WOHC.Final",10,10,20,22,2,24,69,58,81,50,0,0,64,66,1,80,20,NA,NA
72,22,1,"#VALUE!","9",0,"1",5,"NA","1","20","NA","#VALUE!","WOHC.Final",10,10,20,19,4,23,69,58,78,52,0,0,64,65,1,80,20,NA,NA
72,23,1,"#VALUE!","9",0,"1",5,"NA","1","20","NA","#VALUE!","WOHC.Final",10,10,20,16,6,22,69,58,75,54,0,0,64,65,1,80,20,NA,NA
72,24,1,"#VALUE!","9",0,"1",5,"NA","1","20","NA","#VALUE!","WOHC.Final",10,10,20,13,8,21,69,58,72,56,0,0,64,64,1,80,20,NA,NA
72,25,1,"#VALUE!","9",1,"1",5,"NA","1","20","NA","#VALUE!","WOHC.Final",10,10,20,7,12,19,69,58,66,60,0,0,64,63,1,80,20,NA,NA
72,26,1,"#VALUE!","9",0,"1",5,"NA","1","20","NA","#VALUE!","WOHC.Final",10,10,20,4,14,18,69,58,63,62,0,0,64,63,1,80,20,NA,NA
72,27,1,"#VALUE!","9",0,"1",5,"NA","1","20","NA","#VALUE!","WOHC.Final",10,10,20,1,16,17,69,58,60,64,0,0,64,62,1,80,20,NA,NA
72,31,1,"#VALUE!","9",0,"1",5,"NA","1","20","NA","#VALUE!","WOHC.Final",10,10,20,22,2,24,69,43,81,35,1,0,56,58,1,80,20,NA,NA
72,32,1,"#VALUE!","9",0,"1",5,"NA","1","20","NA","#VALUE!","WOHC.Final",10,10,20,19,4,23,69,43,78,37,1,0,56,58,1,80,20,NA,NA
72,33,1,"#VALUE!","9",0,"1",5,"NA","1","20","NA","#VALUE!","WOHC.Final",10,10,20,16,6,22,69,43,75,39,1,0,56,57,1,80,20,NA,NA
72,34,1,"#VALUE!","9",0,"1",5,"NA","1","20","NA","#VALUE!","WOHC.Final",10,10,20,13,8,21,69,43,72,41,1,0,56,57,1,80,20,NA,NA
72,35,1,"#VALUE!","9",1,"1",5,"NA","1","20","NA","#VALUE!","WOHC.Final",10,10,20,7,12,19,69,43,66,45,1,0,56,56,1,80,20,NA,NA
72,36,1,"#VALUE!","9",1,"1",5,"NA","1","20","NA","#VALUE!","WOHC.Final",10,10,20,4,14,18,69,43,63,47,1,0,56,55,1,80,20,NA,NA
72,37,1,"#VALUE!","9",0,"1",5,"NA","1","20","NA","#VALUE!","WOHC.Final",10,10,20,1,16,17,69,43,60,49,1,0,56,55,1,80,20,NA,NA
72,41,1,"#VALUE!","9",0,"1",5,"NA","1","20","NA","#VALUE!","WOHC.Final",10,10,20,22,2,24,69,33,81,25,0,1,51,53,1,80,20,NA,NA
72,42,1,"#VALUE!","9",0,"1",5,"NA","1","20","NA","#VALUE!","WOHC.Final",10,10,20,19,4,23,69,33,78,27,0,1,51,53,1,80,20,NA,NA
72,43,1,"#VALUE!","9",0,"1",5,"NA","1","20","NA","#VALUE!","WOHC.Final",10,10,20,16,6,22,69,33,75,29,0,1,51,52,1,80,20,NA,NA
72,44,1,"#VALUE!","9",0,"1",5,"NA","1","20","NA","#VALUE!","WOHC.Final",10,10,20,13,8,21,69,33,72,31,0,1,51,52,1,80,20,NA,NA
72,45,1,"#VALUE!","9",1,"1",5,"NA","1","20","NA","#VALUE!","WOHC.Final",10,10,20,7,12,19,69,33,66,35,0,1,51,51,1,80,20,NA,NA
72,46,1,"#VALUE!","9",1,"1",5,"NA","1","20","NA","#VALUE!","WOHC.Final",10,10,20,4,14,18,69,33,63,37,0,1,51,50,1,80,20,NA,NA
72,47,1,"#VALUE!","9",1,"1",5,"NA","1","20","NA","#VALUE!","WOHC.Final",10,10,20,1,16,17,69,33,60,39,0,1,51,50,1,80,20,NA,NA
73,21,1,"#VALUE!","9",0,"1",4,"NA","1","16","NA","#VALUE!","WOHC.Final",10,10,20,22,2,24,69,58,81,50,0,0,64,66,1,80,16,NA,NA
73,22,1,"#VALUE!","9",0,"1",4,"NA","1","16","NA","#VALUE!","WOHC.Final",10,10,20,19,4,23,69,58,78,52,0,0,64,65,1,80,16,NA,NA
73,23,1,"#VALUE!","9",0,"1",4,"NA","1","16","NA","#VALUE!","WOHC.Final",10,10,20,16,6,22,69,58,75,54,0,0,64,65,1,80,16,NA,NA
73,24,1,"#VALUE!","9",0,"1",4,"NA","1","16","NA","#VALUE!","WOHC.Final",10,10,20,13,8,21,69,58,72,56,0,0,64,64,1,80,16,NA,NA
73,25,1,"#VALUE!","9",1,"1",4,"NA","1","16","NA","#VALUE!","WOHC.Final",10,10,20,7,12,19,69,58,66,60,0,0,64,63,1,80,16,NA,NA
73,26,1,"#VALUE!","9",0,"1",4,"NA","1","16","NA","#VALUE!","WOHC.Final",10,10,20,4,14,18,69,58,63,62,0,0,64,63,1,80,16,NA,NA
73,27,1,"#VALUE!","9",0,"1",4,"NA","1","16","NA","#VALUE!","WOHC.Final",10,10,20,1,16,17,69,58,60,64,0,0,64,62,1,80,16,NA,NA
73,31,1,"#VALUE!","9",0,"1",4,"NA","1","16","NA","#VALUE!","WOHC.Final",10,10,20,22,2,24,69,43,81,35,1,0,56,58,1,80,16,NA,NA
73,32,1,"#VALUE!","9",0,"1",4,"NA","1","16","NA","#VALUE!","WOHC.Final",10,10,20,19,4,23,69,43,78,37,1,0,56,58,1,80,16,NA,NA
73,33,1,"#VALUE!","9",0,"1",4,"NA","1","16","NA","#VALUE!","WOHC.Final",10,10,20,16,6,22,69,43,75,39,1,0,56,57,1,80,16,NA,NA
73,34,1,"#VALUE!","9",0,"1",4,"NA","1","16","NA","#VALUE!","WOHC.Final",10,10,20,13,8,21,69,43,72,41,1,0,56,57,1,80,16,NA,NA
73,35,1,"#VALUE!","9",1,"1",4,"NA","1","16","NA","#VALUE!","WOHC.Final",10,10,20,7,12,19,69,43,66,45,1,0,56,56,1,80,16,NA,NA
73,36,1,"#VALUE!","9",1,"1",4,"NA","1","16","NA","#VALUE!","WOHC.Final",10,10,20,4,14,18,69,43,63,47,1,0,56,55,1,80,16,NA,NA
73,37,1,"#VALUE!","9",0,"1",4,"NA","1","16","NA","#VALUE!","WOHC.Final",10,10,20,1,16,17,69,43,60,49,1,0,56,55,1,80,16,NA,NA
73,41,1,"#VALUE!","9",0,"1",4,"NA","1","16","NA","#VALUE!","WOHC.Final",10,10,20,22,2,24,69,33,81,25,0,1,51,53,1,80,16,NA,NA
73,42,1,"#VALUE!","9",0,"1",4,"NA","1","16","NA","#VALUE!","WOHC.Final",10,10,20,19,4,23,69,33,78,27,0,1,51,53,1,80,16,NA,NA
73,43,1,"#VALUE!","9",0,"1",4,"NA","1","16","NA","#VALUE!","WOHC.Final",10,10,20,16,6,22,69,33,75,29,0,1,51,52,1,80,16,NA,NA
73,44,1,"#VALUE!","9",0,"1",4,"NA","1","16","NA","#VALUE!","WOHC.Final",10,10,20,13,8,21,69,33,72,31,0,1,51,52,1,80,16,NA,NA
73,45,1,"#VALUE!","9",1,"1",4,"NA","1","16","NA","#VALUE!","WOHC.Final",10,10,20,7,12,19,69,33,66,35,0,1,51,51,1,80,16,NA,NA
73,46,1,"#VALUE!","9",1,"1",4,"NA","1","16","NA","#VALUE!","WOHC.Final",10,10,20,4,14,18,69,33,63,37,0,1,51,50,1,80,16,NA,NA
73,47,1,"#VALUE!","9",0,"1",4,"NA","1","16","NA","#VALUE!","WOHC.Final",10,10,20,1,16,17,69,33,60,39,0,1,51,50,1,80,16,NA,NA
74,21,1,"#VALUE!","6",0,"2",5,"NA","1","20","NA","#VALUE!","WOHC.Final",10,10,20,22,2,24,69,58,81,50,0,0,64,66,0,75,20,NA,NA
74,22,1,"#VALUE!","6",0,"2",5,"NA","1","20","NA","#VALUE!","WOHC.Final",10,10,20,19,4,23,69,58,78,52,0,0,64,65,0,75,20,NA,NA
74,23,1,"#VALUE!","6",0,"2",5,"NA","1","20","NA","#VALUE!","WOHC.Final",10,10,20,16,6,22,69,58,75,54,0,0,64,65,0,75,20,NA,NA
74,24,1,"#VALUE!","6",1,"2",5,"NA","1","20","NA","#VALUE!","WOHC.Final",10,10,20,13,8,21,69,58,72,56,0,0,64,64,0,75,20,NA,NA
74,25,1,"#VALUE!","6",1,"2",5,"NA","1","20","NA","#VALUE!","WOHC.Final",10,10,20,7,12,19,69,58,66,60,0,0,64,63,0,75,20,NA,NA
74,26,1,"#VALUE!","6",1,"2",5,"NA","1","20","NA","#VALUE!","WOHC.Final",10,10,20,4,14,18,69,58,63,62,0,0,64,63,0,75,20,NA,NA
74,27,1,"#VALUE!","6",1,"2",5,"NA","1","20","NA","#VALUE!","WOHC.Final",10,10,20,1,16,17,69,58,60,64,0,0,64,62,0,75,20,NA,NA
74,31,1,"#VALUE!","6",0,"2",5,"NA","1","20","NA","#VALUE!","WOHC.Final",10,10,20,22,2,24,69,43,81,35,1,0,56,58,0,75,20,NA,NA
74,32,1,"#VALUE!","6",0,"2",5,"NA","1","20","NA","#VALUE!","WOHC.Final",10,10,20,19,4,23,69,43,78,37,1,0,56,58,0,75,20,NA,NA
74,33,1,"#VALUE!","6",0,"2",5,"NA","1","20","NA","#VALUE!","WOHC.Final",10,10,20,16,6,22,69,43,75,39,1,0,56,57,0,75,20,NA,NA
74,34,1,"#VALUE!","6",1,"2",5,"NA","1","20","NA","#VALUE!","WOHC.Final",10,10,20,13,8,21,69,43,72,41,1,0,56,57,0,75,20,NA,NA
74,35,1,"#VALUE!","6",1,"2",5,"NA","1","20","NA","#VALUE!","WOHC.Final",10,10,20,7,12,19,69,43,66,45,1,0,56,56,0,75,20,NA,NA
74,36,1,"#VALUE!","6",1,"2",5,"NA","1","20","NA","#VALUE!","WOHC.Final",10,10,20,4,14,18,69,43,63,47,1,0,56,55,0,75,20,NA,NA
74,37,1,"#VALUE!","6",1,"2",5,"NA","1","20","NA","#VALUE!","WOHC.Final",10,10,20,1,16,17,69,43,60,49,1,0,56,55,0,75,20,NA,NA
74,41,1,"#VALUE!","6",0,"2",5,"NA","1","20","NA","#VALUE!","WOHC.Final",10,10,20,22,2,24,69,33,81,25,0,1,51,53,0,75,20,NA,NA
74,42,1,"#VALUE!","6",0,"2",5,"NA","1","20","NA","#VALUE!","WOHC.Final",10,10,20,19,4,23,69,33,78,27,0,1,51,53,0,75,20,NA,NA
74,43,1,"#VALUE!","6",0,"2",5,"NA","1","20","NA","#VALUE!","WOHC.Final",10,10,20,16,6,22,69,33,75,29,0,1,51,52,0,75,20,NA,NA
74,44,1,"#VALUE!","6",1,"2",5,"NA","1","20","NA","#VALUE!","WOHC.Final",10,10,20,13,8,21,69,33,72,31,0,1,51,52,0,75,20,NA,NA
74,45,1,"#VALUE!","6",1,"2",5,"NA","1","20","NA","#VALUE!","WOHC.Final",10,10,20,7,12,19,69,33,66,35,0,1,51,51,0,75,20,NA,NA
74,46,1,"#VALUE!","6",0,"2",5,"NA","1","20","NA","#VALUE!","WOHC.Final",10,10,20,4,14,18,69,33,63,37,0,1,51,50,0,75,20,NA,NA
74,47,1,"#VALUE!","6",0,"2",5,"NA","1","20","NA","#VALUE!","WOHC.Final",10,10,20,1,16,17,69,33,60,39,0,1,51,50,0,75,20,NA,NA
75,21,1,"#VALUE!","9",NA,"",NA,"NA","","","NA","#VALUE!","WOHC.Final",10,10,20,22,2,24,69,58,81,50,0,0,64,66,0,90,14,NA,NA
75,22,1,"#VALUE!","9",NA,"",NA,"NA","","","NA","#VALUE!","WOHC.Final",10,10,20,19,4,23,69,58,78,52,0,0,64,65,0,90,14,NA,NA
75,23,1,"#VALUE!","9",NA,"",NA,"NA","","","NA","#VALUE!","WOHC.Final",10,10,20,16,6,22,69,58,75,54,0,0,64,65,0,90,14,NA,NA
75,24,1,"#VALUE!","9",NA,"",NA,"NA","","","NA","#VALUE!","WOHC.Final",10,10,20,13,8,21,69,58,72,56,0,0,64,64,0,90,14,NA,NA
75,25,1,"#VALUE!","9",NA,"",NA,"NA","","","NA","#VALUE!","WOHC.Final",10,10,20,7,12,19,69,58,66,60,0,0,64,63,0,90,14,NA,NA
75,26,1,"#VALUE!","9",NA,"",NA,"NA","","","NA","#VALUE!","WOHC.Final",10,10,20,4,14,18,69,58,63,62,0,0,64,63,0,90,14,NA,NA
75,27,1,"#VALUE!","9",NA,"",NA,"NA","","","NA","#VALUE!","WOHC.Final",10,10,20,1,16,17,69,58,60,64,0,0,64,62,0,90,14,NA,NA
75,31,1,"#VALUE!","9",NA,"",NA,"NA","","","NA","#VALUE!","WOHC.Final",10,10,20,22,2,24,69,43,81,35,1,0,56,58,0,90,14,NA,NA
75,32,1,"#VALUE!","9",NA,"",NA,"NA","","","NA","#VALUE!","WOHC.Final",10,10,20,19,4,23,69,43,78,37,1,0,56,58,0,90,14,NA,NA
75,33,1,"#VALUE!","9",NA,"",NA,"NA","","","NA","#VALUE!","WOHC.Final",10,10,20,16,6,22,69,43,75,39,1,0,56,57,0,90,14,NA,NA
75,34,1,"#VALUE!","9",NA,"",NA,"NA","","","NA","#VALUE!","WOHC.Final",10,10,20,13,8,21,69,43,72,41,1,0,56,57,0,90,14,NA,NA
75,35,1,"#VALUE!","9",NA,"",NA,"NA","","","NA","#VALUE!","WOHC.Final",10,10,20,7,12,19,69,43,66,45,1,0,56,56,0,90,14,NA,NA
75,36,1,"#VALUE!","9",NA,"",NA,"NA","","","NA","#VALUE!","WOHC.Final",10,10,20,4,14,18,69,43,63,47,1,0,56,55,0,90,14,NA,NA
75,37,1,"#VALUE!","9",NA,"",NA,"NA","","","NA","#VALUE!","WOHC.Final",10,10,20,1,16,17,69,43,60,49,1,0,56,55,0,90,14,NA,NA
75,41,1,"#VALUE!","9",NA,"",NA,"NA","","","NA","#VALUE!","WOHC.Final",10,10,20,22,2,24,69,33,81,25,0,1,51,53,0,90,14,NA,NA
75,42,1,"#VALUE!","9",NA,"",NA,"NA","","","NA","#VALUE!","WOHC.Final",10,10,20,19,4,23,69,33,78,27,0,1,51,53,0,90,14,NA,NA
75,43,1,"#VALUE!","9",NA,"",NA,"NA","","","NA","#VALUE!","WOHC.Final",10,10,20,16,6,22,69,33,75,29,0,1,51,52,0,90,14,NA,NA
75,44,1,"#VALUE!","9",NA,"",NA,"NA","","","NA","#VALUE!","WOHC.Final",10,10,20,13,8,21,69,33,72,31,0,1,51,52,0,90,14,NA,NA
75,45,1,"#VALUE!","9",NA,"",NA,"NA","","","NA","#VALUE!","WOHC.Final",10,10,20,7,12,19,69,33,66,35,0,1,51,51,0,90,14,NA,NA
75,46,1,"#VALUE!","9",NA,"",NA,"NA","","","NA","#VALUE!","WOHC.Final",10,10,20,4,14,18,69,33,63,37,0,1,51,50,0,90,14,NA,NA
75,47,1,"#VALUE!","9",NA,"",NA,"NA","","","NA","#VALUE!","WOHC.Final",10,10,20,1,16,17,69,33,60,39,0,1,51,50,0,90,14,NA,NA
76,21,NA,"#VALUE!","",NA,"",NA,"NA","","","NA","#VALUE!","WOHC.Final",10,10,20,22,2,24,69,58,81,50,0,0,64,66,0,80,50,NA,NA
76,22,NA,"#VALUE!","",NA,"",NA,"NA","","","NA","#VALUE!","WOHC.Final",10,10,20,19,4,23,69,58,78,52,0,0,64,65,0,80,50,NA,NA
76,23,NA,"#VALUE!","",NA,"",NA,"NA","","","NA","#VALUE!","WOHC.Final",10,10,20,16,6,22,69,58,75,54,0,0,64,65,0,80,50,NA,NA
76,24,NA,"#VALUE!","",NA,"",NA,"NA","","","NA","#VALUE!","WOHC.Final",10,10,20,13,8,21,69,58,72,56,0,0,64,64,0,80,50,NA,NA
76,25,NA,"#VALUE!","",NA,"",NA,"NA","","","NA","#VALUE!","WOHC.Final",10,10,20,7,12,19,69,58,66,60,0,0,64,63,0,80,50,NA,NA
76,26,NA,"#VALUE!","",NA,"",NA,"NA","","","NA","#VALUE!","WOHC.Final",10,10,20,4,14,18,69,58,63,62,0,0,64,63,0,80,50,NA,NA
76,27,NA,"#VALUE!","",NA,"",NA,"NA","","","NA","#VALUE!","WOHC.Final",10,10,20,1,16,17,69,58,60,64,0,0,64,62,0,80,50,NA,NA
76,31,NA,"#VALUE!","",NA,"",NA,"NA","","","NA","#VALUE!","WOHC.Final",10,10,20,22,2,24,69,43,81,35,1,0,56,58,0,80,50,NA,NA
76,32,NA,"#VALUE!","",NA,"",NA,"NA","","","NA","#VALUE!","WOHC.Final",10,10,20,19,4,23,69,43,78,37,1,0,56,58,0,80,50,NA,NA
76,33,NA,"#VALUE!","",NA,"",NA,"NA","","","NA","#VALUE!","WOHC.Final",10,10,20,16,6,22,69,43,75,39,1,0,56,57,0,80,50,NA,NA
76,34,NA,"#VALUE!","",NA,"",NA,"NA","","","NA","#VALUE!","WOHC.Final",10,10,20,13,8,21,69,43,72,41,1,0,56,57,0,80,50,NA,NA
76,35,NA,"#VALUE!","",NA,"",NA,"NA","","","NA","#VALUE!","WOHC.Final",10,10,20,7,12,19,69,43,66,45,1,0,56,56,0,80,50,NA,NA
76,36,NA,"#VALUE!","",NA,"",NA,"NA","","","NA","#VALUE!","WOHC.Final",10,10,20,4,14,18,69,43,63,47,1,0,56,55,0,80,50,NA,NA
76,37,NA,"#VALUE!","",NA,"",NA,"NA","","","NA","#VALUE!","WOHC.Final",10,10,20,1,16,17,69,43,60,49,1,0,56,55,0,80,50,NA,NA
76,41,NA,"#VALUE!","",NA,"",NA,"NA","","","NA","#VALUE!","WOHC.Final",10,10,20,22,2,24,69,33,81,25,0,1,51,53,0,80,50,NA,NA
76,42,NA,"#VALUE!","",NA,"",NA,"NA","","","NA","#VALUE!","WOHC.Final",10,10,20,19,4,23,69,33,78,27,0,1,51,53,0,80,50,NA,NA
76,43,NA,"#VALUE!","",NA,"",NA,"NA","","","NA","#VALUE!","WOHC.Final",10,10,20,16,6,22,69,33,75,29,0,1,51,52,0,80,50,NA,NA
76,44,NA,"#VALUE!","",NA,"",NA,"NA","","","NA","#VALUE!","WOHC.Final",10,10,20,13,8,21,69,33,72,31,0,1,51,52,0,80,50,NA,NA
76,45,NA,"#VALUE!","",NA,"",NA,"NA","","","NA","#VALUE!","WOHC.Final",10,10,20,7,12,19,69,33,66,35,0,1,51,51,0,80,50,NA,NA
76,46,NA,"#VALUE!","",NA,"",NA,"NA","","","NA","#VALUE!","WOHC.Final",10,10,20,4,14,18,69,33,63,37,0,1,51,50,0,80,50,NA,NA
76,47,NA,"#VALUE!","",NA,"",NA,"NA","","","NA","#VALUE!","WOHC.Final",10,10,20,1,16,17,69,33,60,39,0,1,51,50,0,80,50,NA,NA
77,21,1,"#VALUE!","",NA,"",NA,"NA","","","NA","#VALUE!","WOHC.Final",10,10,20,22,2,24,69,58,81,50,0,0,64,66,0,90,10,NA,NA
77,22,1,"#VALUE!","",NA,"",NA,"NA","","","NA","#VALUE!","WOHC.Final",10,10,20,19,4,23,69,58,78,52,0,0,64,65,0,90,10,NA,NA
77,23,1,"#VALUE!","",NA,"",NA,"NA","","","NA","#VALUE!","WOHC.Final",10,10,20,16,6,22,69,58,75,54,0,0,64,65,0,90,10,NA,NA
77,24,1,"#VALUE!","",NA,"",NA,"NA","","","NA","#VALUE!","WOHC.Final",10,10,20,13,8,21,69,58,72,56,0,0,64,64,0,90,10,NA,NA
77,25,1,"#VALUE!","",NA,"",NA,"NA","","","NA","#VALUE!","WOHC.Final",10,10,20,7,12,19,69,58,66,60,0,0,64,63,0,90,10,NA,NA
77,26,1,"#VALUE!","",NA,"",NA,"NA","","","NA","#VALUE!","WOHC.Final",10,10,20,4,14,18,69,58,63,62,0,0,64,63,0,90,10,NA,NA
77,27,1,"#VALUE!","",NA,"",NA,"NA","","","NA","#VALUE!","WOHC.Final",10,10,20,1,16,17,69,58,60,64,0,0,64,62,0,90,10,NA,NA
77,31,1,"#VALUE!","",NA,"",NA,"NA","","","NA","#VALUE!","WOHC.Final",10,10,20,22,2,24,69,43,81,35,1,0,56,58,0,90,10,NA,NA
77,32,1,"#VALUE!","",NA,"",NA,"NA","","","NA","#VALUE!","WOHC.Final",10,10,20,19,4,23,69,43,78,37,1,0,56,58,0,90,10,NA,NA
77,33,1,"#VALUE!","",NA,"",NA,"NA","","","NA","#VALUE!","WOHC.Final",10,10,20,16,6,22,69,43,75,39,1,0,56,57,0,90,10,NA,NA
77,34,1,"#VALUE!","",NA,"",NA,"NA","","","NA","#VALUE!","WOHC.Final",10,10,20,13,8,21,69,43,72,41,1,0,56,57,0,90,10,NA,NA
77,35,1,"#VALUE!","",NA,"",NA,"NA","","","NA","#VALUE!","WOHC.Final",10,10,20,7,12,19,69,43,66,45,1,0,56,56,0,90,10,NA,NA
77,36,1,"#VALUE!","",NA,"",NA,"NA","","","NA","#VALUE!","WOHC.Final",10,10,20,4,14,18,69,43,63,47,1,0,56,55,0,90,10,NA,NA
77,37,1,"#VALUE!","",NA,"",NA,"NA","","","NA","#VALUE!","WOHC.Final",10,10,20,1,16,17,69,43,60,49,1,0,56,55,0,90,10,NA,NA
77,41,1,"#VALUE!","",NA,"",NA,"NA","","","NA","#VALUE!","WOHC.Final",10,10,20,22,2,24,69,33,81,25,0,1,51,53,0,90,10,NA,NA
77,42,1,"#VALUE!","",NA,"",NA,"NA","","","NA","#VALUE!","WOHC.Final",10,10,20,19,4,23,69,33,78,27,0,1,51,53,0,90,10,NA,NA
77,43,1,"#VALUE!","",NA,"",NA,"NA","","","NA","#VALUE!","WOHC.Final",10,10,20,16,6,22,69,33,75,29,0,1,51,52,0,90,10,NA,NA
77,44,1,"#VALUE!","",NA,"",NA,"NA","","","NA","#VALUE!","WOHC.Final",10,10,20,13,8,21,69,33,72,31,0,1,51,52,0,90,10,NA,NA
77,45,1,"#VALUE!","",NA,"",NA,"NA","","","NA","#VALUE!","WOHC.Final",10,10,20,7,12,19,69,33,66,35,0,1,51,51,0,90,10,NA,NA
77,46,1,"#VALUE!","",NA,"",NA,"NA","","","NA","#VALUE!","WOHC.Final",10,10,20,4,14,18,69,33,63,37,0,1,51,50,0,90,10,NA,NA
77,47,1,"#VALUE!","",NA,"",NA,"NA","","","NA","#VALUE!","WOHC.Final",10,10,20,1,16,17,69,33,60,39,0,1,51,50,0,90,10,NA,NA
78,21,NA,"#VALUE!","",NA,"",NA,"NA","","","NA","#VALUE!","WOHC.Final",10,10,20,22,2,24,69,58,81,50,0,0,64,66,0,80,20,NA,NA
78,22,NA,"#VALUE!","",NA,"",NA,"NA","","","NA","#VALUE!","WOHC.Final",10,10,20,19,4,23,69,58,78,52,0,0,64,65,0,80,20,NA,NA
78,23,NA,"#VALUE!","",NA,"",NA,"NA","","","NA","#VALUE!","WOHC.Final",10,10,20,16,6,22,69,58,75,54,0,0,64,65,0,80,20,NA,NA
78,24,NA,"#VALUE!","",NA,"",NA,"NA","","","NA","#VALUE!","WOHC.Final",10,10,20,13,8,21,69,58,72,56,0,0,64,64,0,80,20,NA,NA
78,25,NA,"#VALUE!","",NA,"",NA,"NA","","","NA","#VALUE!","WOHC.Final",10,10,20,7,12,19,69,58,66,60,0,0,64,63,0,80,20,NA,NA
78,26,NA,"#VALUE!","",NA,"",NA,"NA","","","NA","#VALUE!","WOHC.Final",10,10,20,4,14,18,69,58,63,62,0,0,64,63,0,80,20,NA,NA
78,27,NA,"#VALUE!","",NA,"",NA,"NA","","","NA","#VALUE!","WOHC.Final",10,10,20,1,16,17,69,58,60,64,0,0,64,62,0,80,20,NA,NA
78,31,NA,"#VALUE!","",NA,"",NA,"NA","","","NA","#VALUE!","WOHC.Final",10,10,20,22,2,24,69,43,81,35,1,0,56,58,0,80,20,NA,NA
78,32,NA,"#VALUE!","",NA,"",NA,"NA","","","NA","#VALUE!","WOHC.Final",10,10,20,19,4,23,69,43,78,37,1,0,56,58,0,80,20,NA,NA
78,33,NA,"#VALUE!","",NA,"",NA,"NA","","","NA","#VALUE!","WOHC.Final",10,10,20,16,6,22,69,43,75,39,1,0,56,57,0,80,20,NA,NA
78,34,NA,"#VALUE!","",NA,"",NA,"NA","","","NA","#VALUE!","WOHC.Final",10,10,20,13,8,21,69,43,72,41,1,0,56,57,0,80,20,NA,NA
78,35,NA,"#VALUE!","",NA,"",NA,"NA","","","NA","#VALUE!","WOHC.Final",10,10,20,7,12,19,69,43,66,45,1,0,56,56,0,80,20,NA,NA
78,36,NA,"#VALUE!","",NA,"",NA,"NA","","","NA","#VALUE!","WOHC.Final",10,10,20,4,14,18,69,43,63,47,1,0,56,55,0,80,20,NA,NA
78,37,NA,"#VALUE!","",NA,"",NA,"NA","","","NA","#VALUE!","WOHC.Final",10,10,20,1,16,17,69,43,60,49,1,0,56,55,0,80,20,NA,NA
78,41,NA,"#VALUE!","",NA,"",NA,"NA","","","NA","#VALUE!","WOHC.Final",10,10,20,22,2,24,69,33,81,25,0,1,51,53,0,80,20,NA,NA
78,42,NA,"#VALUE!","",NA,"",NA,"NA","","","NA","#VALUE!","WOHC.Final",10,10,20,19,4,23,69,33,78,27,0,1,51,53,0,80,20,NA,NA
78,43,NA,"#VALUE!","",NA,"",NA,"NA","","","NA","#VALUE!","WOHC.Final",10,10,20,16,6,22,69,33,75,29,0,1,51,52,0,80,20,NA,NA
78,44,NA,"#VALUE!","",NA,"",NA,"NA","","","NA","#VALUE!","WOHC.Final",10,10,20,13,8,21,69,33,72,31,0,1,51,52,0,80,20,NA,NA
78,45,NA,"#VALUE!","",NA,"",NA,"NA","","","NA","#VALUE!","WOHC.Final",10,10,20,7,12,19,69,33,66,35,0,1,51,51,0,80,20,NA,NA
78,46,NA,"#VALUE!","",NA,"",NA,"NA","","","NA","#VALUE!","WOHC.Final",10,10,20,4,14,18,69,33,63,37,0,1,51,50,0,80,20,NA,NA
78,47,NA,"#VALUE!","",NA,"",NA,"NA","","","NA","#VALUE!","WOHC.Final",10,10,20,1,16,17,69,33,60,39,0,1,51,50,0,80,20,NA,NA
79,21,1,"#VALUE!","",NA,"",NA,"NA","","","NA","#VALUE!","WOHC.Final",10,10,20,22,2,24,69,58,81,50,0,0,64,66,0,60,10,NA,NA
79,22,1,"#VALUE!","",NA,"",NA,"NA","","","NA","#VALUE!","WOHC.Final",10,10,20,19,4,23,69,58,78,52,0,0,64,65,0,60,10,NA,NA
79,23,1,"#VALUE!","",NA,"",NA,"NA","","","NA","#VALUE!","WOHC.Final",10,10,20,16,6,22,69,58,75,54,0,0,64,65,0,60,10,NA,NA
79,24,1,"#VALUE!","",NA,"",NA,"NA","","","NA","#VALUE!","WOHC.Final",10,10,20,13,8,21,69,58,72,56,0,0,64,64,0,60,10,NA,NA
79,25,1,"#VALUE!","",NA,"",NA,"NA","","","NA","#VALUE!","WOHC.Final",10,10,20,7,12,19,69,58,66,60,0,0,64,63,0,60,10,NA,NA
79,26,1,"#VALUE!","",NA,"",NA,"NA","","","NA","#VALUE!","WOHC.Final",10,10,20,4,14,18,69,58,63,62,0,0,64,63,0,60,10,NA,NA
79,27,1,"#VALUE!","",NA,"",NA,"NA","","","NA","#VALUE!","WOHC.Final",10,10,20,1,16,17,69,58,60,64,0,0,64,62,0,60,10,NA,NA
79,31,1,"#VALUE!","",NA,"",NA,"NA","","","NA","#VALUE!","WOHC.Final",10,10,20,22,2,24,69,43,81,35,1,0,56,58,0,60,10,NA,NA
79,32,1,"#VALUE!","",NA,"",NA,"NA","","","NA","#VALUE!","WOHC.Final",10,10,20,19,4,23,69,43,78,37,1,0,56,58,0,60,10,NA,NA
79,33,1,"#VALUE!","",NA,"",NA,"NA","","","NA","#VALUE!","WOHC.Final",10,10,20,16,6,22,69,43,75,39,1,0,56,57,0,60,10,NA,NA
79,34,1,"#VALUE!","",NA,"",NA,"NA","","","NA","#VALUE!","WOHC.Final",10,10,20,13,8,21,69,43,72,41,1,0,56,57,0,60,10,NA,NA
79,35,1,"#VALUE!","",NA,"",NA,"NA","","","NA","#VALUE!","WOHC.Final",10,10,20,7,12,19,69,43,66,45,1,0,56,56,0,60,10,NA,NA
79,36,1,"#VALUE!","",NA,"",NA,"NA","","","NA","#VALUE!","WOHC.Final",10,10,20,4,14,18,69,43,63,47,1,0,56,55,0,60,10,NA,NA
79,37,1,"#VALUE!","",NA,"",NA,"NA","","","NA","#VALUE!","WOHC.Final",10,10,20,1,16,17,69,43,60,49,1,0,56,55,0,60,10,NA,NA
79,41,1,"#VALUE!","",NA,"",NA,"NA","","","NA","#VALUE!","WOHC.Final",10,10,20,22,2,24,69,33,81,25,0,1,51,53,0,60,10,NA,NA
79,42,1,"#VALUE!","",NA,"",NA,"NA","","","NA","#VALUE!","WOHC.Final",10,10,20,19,4,23,69,33,78,27,0,1,51,53,0,60,10,NA,NA
79,43,1,"#VALUE!","",NA,"",NA,"NA","","","NA","#VALUE!","WOHC.Final",10,10,20,16,6,22,69,33,75,29,0,1,51,52,0,60,10,NA,NA
79,44,1,"#VALUE!","",NA,"",NA,"NA","","","NA","#VALUE!","WOHC.Final",10,10,20,13,8,21,69,33,72,31,0,1,51,52,0,60,10,NA,NA
79,45,1,"#VALUE!","",NA,"",NA,"NA","","","NA","#VALUE!","WOHC.Final",10,10,20,7,12,19,69,33,66,35,0,1,51,51,0,60,10,NA,NA
79,46,1,"#VALUE!","",NA,"",NA,"NA","","","NA","#VALUE!","WOHC.Final",10,10,20,4,14,18,69,33,63,37,0,1,51,50,0,60,10,NA,NA
79,47,1,"#VALUE!","",NA,"",NA,"NA","","","NA","#VALUE!","WOHC.Final",10,10,20,1,16,17,69,33,60,39,0,1,51,50,0,60,10,NA,NA
80,21,1,"#VALUE!","6",NA,"",NA,"NA","","","NA","#VALUE!","WOHC.Final",10,10,20,22,2,24,69,58,81,50,0,0,64,66,0,70,20,NA,NA
80,22,1,"#VALUE!","6",NA,"",NA,"NA","","","NA","#VALUE!","WOHC.Final",10,10,20,19,4,23,69,58,78,52,0,0,64,65,0,70,20,NA,NA
80,23,1,"#VALUE!","6",NA,"",NA,"NA","","","NA","#VALUE!","WOHC.Final",10,10,20,16,6,22,69,58,75,54,0,0,64,65,0,70,20,NA,NA
80,24,1,"#VALUE!","6",NA,"",NA,"NA","","","NA","#VALUE!","WOHC.Final",10,10,20,13,8,21,69,58,72,56,0,0,64,64,0,70,20,NA,NA
80,25,1,"#VALUE!","6",NA,"",NA,"NA","","","NA","#VALUE!","WOHC.Final",10,10,20,7,12,19,69,58,66,60,0,0,64,63,0,70,20,NA,NA
80,26,1,"#VALUE!","6",NA,"",NA,"NA","","","NA","#VALUE!","WOHC.Final",10,10,20,4,14,18,69,58,63,62,0,0,64,63,0,70,20,NA,NA
80,27,1,"#VALUE!","6",NA,"",NA,"NA","","","NA","#VALUE!","WOHC.Final",10,10,20,1,16,17,69,58,60,64,0,0,64,62,0,70,20,NA,NA
80,31,1,"#VALUE!","6",NA,"",NA,"NA","","","NA","#VALUE!","WOHC.Final",10,10,20,22,2,24,69,43,81,35,1,0,56,58,0,70,20,NA,NA
80,32,1,"#VALUE!","6",NA,"",NA,"NA","","","NA","#VALUE!","WOHC.Final",10,10,20,19,4,23,69,43,78,37,1,0,56,58,0,70,20,NA,NA
80,33,1,"#VALUE!","6",NA,"",NA,"NA","","","NA","#VALUE!","WOHC.Final",10,10,20,16,6,22,69,43,75,39,1,0,56,57,0,70,20,NA,NA
80,34,1,"#VALUE!","6",NA,"",NA,"NA","","","NA","#VALUE!","WOHC.Final",10,10,20,13,8,21,69,43,72,41,1,0,56,57,0,70,20,NA,NA
80,35,1,"#VALUE!","6",NA,"",NA,"NA","","","NA","#VALUE!","WOHC.Final",10,10,20,7,12,19,69,43,66,45,1,0,56,56,0,70,20,NA,NA
80,36,1,"#VALUE!","6",NA,"",NA,"NA","","","NA","#VALUE!","WOHC.Final",10,10,20,4,14,18,69,43,63,47,1,0,56,55,0,70,20,NA,NA
80,37,1,"#VALUE!","6",NA,"",NA,"NA","","","NA","#VALUE!","WOHC.Final",10,10,20,1,16,17,69,43,60,49,1,0,56,55,0,70,20,NA,NA
80,41,1,"#VALUE!","6",NA,"",NA,"NA","","","NA","#VALUE!","WOHC.Final",10,10,20,22,2,24,69,33,81,25,0,1,51,53,0,70,20,NA,NA
80,42,1,"#VALUE!","6",NA,"",NA,"NA","","","NA","#VALUE!","WOHC.Final",10,10,20,19,4,23,69,33,78,27,0,1,51,53,0,70,20,NA,NA
80,43,1,"#VALUE!","6",NA,"",NA,"NA","","","NA","#VALUE!","WOHC.Final",10,10,20,16,6,22,69,33,75,29,0,1,51,52,0,70,20,NA,NA
80,44,1,"#VALUE!","6",NA,"",NA,"NA","","","NA","#VALUE!","WOHC.Final",10,10,20,13,8,21,69,33,72,31,0,1,51,52,0,70,20,NA,NA
80,45,1,"#VALUE!","6",NA,"",NA,"NA","","","NA","#VALUE!","WOHC.Final",10,10,20,7,12,19,69,33,66,35,0,1,51,51,0,70,20,NA,NA
80,46,1,"#VALUE!","6",NA,"",NA,"NA","","","NA","#VALUE!","WOHC.Final",10,10,20,4,14,18,69,33,63,37,0,1,51,50,0,70,20,NA,NA
80,47,1,"#VALUE!","6",NA,"",NA,"NA","","","NA","#VALUE!","WOHC.Final",10,10,20,1,16,17,69,33,60,39,0,1,51,50,0,70,20,NA,NA
81,21,1,"#VALUE!","10",NA,"",NA,"NA","","","NA","#VALUE!","WOHC.Final",10,10,20,22,2,24,69,58,81,50,0,0,64,66,0,80,16,NA,NA
81,22,1,"#VALUE!","10",NA,"",NA,"NA","","","NA","#VALUE!","WOHC.Final",10,10,20,19,4,23,69,58,78,52,0,0,64,65,0,80,16,NA,NA
81,23,1,"#VALUE!","10",NA,"",NA,"NA","","","NA","#VALUE!","WOHC.Final",10,10,20,16,6,22,69,58,75,54,0,0,64,65,0,80,16,NA,NA
81,24,1,"#VALUE!","10",NA,"",NA,"NA","","","NA","#VALUE!","WOHC.Final",10,10,20,13,8,21,69,58,72,56,0,0,64,64,0,80,16,NA,NA
81,25,1,"#VALUE!","10",NA,"",NA,"NA","","","NA","#VALUE!","WOHC.Final",10,10,20,7,12,19,69,58,66,60,0,0,64,63,0,80,16,NA,NA
81,26,1,"#VALUE!","10",NA,"",NA,"NA","","","NA","#VALUE!","WOHC.Final",10,10,20,4,14,18,69,58,63,62,0,0,64,63,0,80,16,NA,NA
81,27,1,"#VALUE!","10",NA,"",NA,"NA","","","NA","#VALUE!","WOHC.Final",10,10,20,1,16,17,69,58,60,64,0,0,64,62,0,80,16,NA,NA
81,31,1,"#VALUE!","10",NA,"",NA,"NA","","","NA","#VALUE!","WOHC.Final",10,10,20,22,2,24,69,43,81,35,1,0,56,58,0,80,16,NA,NA
81,32,1,"#VALUE!","10",NA,"",NA,"NA","","","NA","#VALUE!","WOHC.Final",10,10,20,19,4,23,69,43,78,37,1,0,56,58,0,80,16,NA,NA
81,33,1,"#VALUE!","10",NA,"",NA,"NA","","","NA","#VALUE!","WOHC.Final",10,10,20,16,6,22,69,43,75,39,1,0,56,57,0,80,16,NA,NA
81,34,1,"#VALUE!","10",NA,"",NA,"NA","","","NA","#VALUE!","WOHC.Final",10,10,20,13,8,21,69,43,72,41,1,0,56,57,0,80,16,NA,NA
81,35,1,"#VALUE!","10",NA,"",NA,"NA","","","NA","#VALUE!","WOHC.Final",10,10,20,7,12,19,69,43,66,45,1,0,56,56,0,80,16,NA,NA
81,36,1,"#VALUE!","10",NA,"",NA,"NA","","","NA","#VALUE!","WOHC.Final",10,10,20,4,14,18,69,43,63,47,1,0,56,55,0,80,16,NA,NA
81,37,1,"#VALUE!","10",NA,"",NA,"NA","","","NA","#VALUE!","WOHC.Final",10,10,20,1,16,17,69,43,60,49,1,0,56,55,0,80,16,NA,NA
81,41,1,"#VALUE!","10",NA,"",NA,"NA","","","NA","#VALUE!","WOHC.Final",10,10,20,22,2,24,69,33,81,25,0,1,51,53,0,80,16,NA,NA
81,42,1,"#VALUE!","10",NA,"",NA,"NA","","","NA","#VALUE!","WOHC.Final",10,10,20,19,4,23,69,33,78,27,0,1,51,53,0,80,16,NA,NA
81,43,1,"#VALUE!","10",NA,"",NA,"NA","","","NA","#VALUE!","WOHC.Final",10,10,20,16,6,22,69,33,75,29,0,1,51,52,0,80,16,NA,NA
81,44,1,"#VALUE!","10",NA,"",NA,"NA","","","NA","#VALUE!","WOHC.Final",10,10,20,13,8,21,69,33,72,31,0,1,51,52,0,80,16,NA,NA
81,45,1,"#VALUE!","10",NA,"",NA,"NA","","","NA","#VALUE!","WOHC.Final",10,10,20,7,12,19,69,33,66,35,0,1,51,51,0,80,16,NA,NA
81,46,1,"#VALUE!","10",NA,"",NA,"NA","","","NA","#VALUE!","WOHC.Final",10,10,20,4,14,18,69,33,63,37,0,1,51,50,0,80,16,NA,NA
81,47,1,"#VALUE!","10",NA,"",NA,"NA","","","NA","#VALUE!","WOHC.Final",10,10,20,1,16,17,69,33,60,39,0,1,51,50,0,80,16,NA,NA
82,21,1,"#VALUE!","",NA,"",NA,"NA","","","NA","#VALUE!","WOHC.Final",10,10,20,22,2,24,69,58,81,50,0,0,64,66,0,70,15,NA,NA
82,22,1,"#VALUE!","",NA,"",NA,"NA","","","NA","#VALUE!","WOHC.Final",10,10,20,19,4,23,69,58,78,52,0,0,64,65,0,70,15,NA,NA
82,23,1,"#VALUE!","",NA,"",NA,"NA","","","NA","#VALUE!","WOHC.Final",10,10,20,16,6,22,69,58,75,54,0,0,64,65,0,70,15,NA,NA
82,24,1,"#VALUE!","",NA,"",NA,"NA","","","NA","#VALUE!","WOHC.Final",10,10,20,13,8,21,69,58,72,56,0,0,64,64,0,70,15,NA,NA
82,25,1,"#VALUE!","",NA,"",NA,"NA","","","NA","#VALUE!","WOHC.Final",10,10,20,7,12,19,69,58,66,60,0,0,64,63,0,70,15,NA,NA
82,26,1,"#VALUE!","",NA,"",NA,"NA","","","NA","#VALUE!","WOHC.Final",10,10,20,4,14,18,69,58,63,62,0,0,64,63,0,70,15,NA,NA
82,27,1,"#VALUE!","",NA,"",NA,"NA","","","NA","#VALUE!","WOHC.Final",10,10,20,1,16,17,69,58,60,64,0,0,64,62,0,70,15,NA,NA
82,31,1,"#VALUE!","",NA,"",NA,"NA","","","NA","#VALUE!","WOHC.Final",10,10,20,22,2,24,69,43,81,35,1,0,56,58,0,70,15,NA,NA
82,32,1,"#VALUE!","",NA,"",NA,"NA","","","NA","#VALUE!","WOHC.Final",10,10,20,19,4,23,69,43,78,37,1,0,56,58,0,70,15,NA,NA
82,33,1,"#VALUE!","",NA,"",NA,"NA","","","NA","#VALUE!","WOHC.Final",10,10,20,16,6,22,69,43,75,39,1,0,56,57,0,70,15,NA,NA
82,34,1,"#VALUE!","",NA,"",NA,"NA","","","NA","#VALUE!","WOHC.Final",10,10,20,13,8,21,69,43,72,41,1,0,56,57,0,70,15,NA,NA
82,35,1,"#VALUE!","",NA,"",NA,"NA","","","NA","#VALUE!","WOHC.Final",10,10,20,7,12,19,69,43,66,45,1,0,56,56,0,70,15,NA,NA
82,36,1,"#VALUE!","",NA,"",NA,"NA","","","NA","#VALUE!","WOHC.Final",10,10,20,4,14,18,69,43,63,47,1,0,56,55,0,70,15,NA,NA
82,37,1,"#VALUE!","",NA,"",NA,"NA","","","NA","#VALUE!","WOHC.Final",10,10,20,1,16,17,69,43,60,49,1,0,56,55,0,70,15,NA,NA
82,41,1,"#VALUE!","",NA,"",NA,"NA","","","NA","#VALUE!","WOHC.Final",10,10,20,22,2,24,69,33,81,25,0,1,51,53,0,70,15,NA,NA
82,42,1,"#VALUE!","",NA,"",NA,"NA","","","NA","#VALUE!","WOHC.Final",10,10,20,19,4,23,69,33,78,27,0,1,51,53,0,70,15,NA,NA
82,43,1,"#VALUE!","",NA,"",NA,"NA","","","NA","#VALUE!","WOHC.Final",10,10,20,16,6,22,69,33,75,29,0,1,51,52,0,70,15,NA,NA
82,44,1,"#VALUE!","",NA,"",NA,"NA","","","NA","#VALUE!","WOHC.Final",10,10,20,13,8,21,69,33,72,31,0,1,51,52,0,70,15,NA,NA
82,45,1,"#VALUE!","",NA,"",NA,"NA","","","NA","#VALUE!","WOHC.Final",10,10,20,7,12,19,69,33,66,35,0,1,51,51,0,70,15,NA,NA
82,46,1,"#VALUE!","",NA,"",NA,"NA","","","NA","#VALUE!","WOHC.Final",10,10,20,4,14,18,69,33,63,37,0,1,51,50,0,70,15,NA,NA
82,47,1,"#VALUE!","",NA,"",NA,"NA","","","NA","#VALUE!","WOHC.Final",10,10,20,1,16,17,69,33,60,39,0,1,51,50,0,70,15,NA,NA
83,21,NA,"#VALUE!","",NA,"",NA,"NA","","","NA","#VALUE!","WOHC.Final",10,10,20,22,2,24,69,58,81,50,0,0,64,66,0,50,20,NA,NA
83,22,NA,"#VALUE!","",NA,"",NA,"NA","","","NA","#VALUE!","WOHC.Final",10,10,20,19,4,23,69,58,78,52,0,0,64,65,0,50,20,NA,NA
83,23,NA,"#VALUE!","",NA,"",NA,"NA","","","NA","#VALUE!","WOHC.Final",10,10,20,16,6,22,69,58,75,54,0,0,64,65,0,50,20,NA,NA
83,24,NA,"#VALUE!","",NA,"",NA,"NA","","","NA","#VALUE!","WOHC.Final",10,10,20,13,8,21,69,58,72,56,0,0,64,64,0,50,20,NA,NA
83,25,NA,"#VALUE!","",NA,"",NA,"NA","","","NA","#VALUE!","WOHC.Final",10,10,20,7,12,19,69,58,66,60,0,0,64,63,0,50,20,NA,NA
83,26,NA,"#VALUE!","",NA,"",NA,"NA","","","NA","#VALUE!","WOHC.Final",10,10,20,4,14,18,69,58,63,62,0,0,64,63,0,50,20,NA,NA
83,27,NA,"#VALUE!","",NA,"",NA,"NA","","","NA","#VALUE!","WOHC.Final",10,10,20,1,16,17,69,58,60,64,0,0,64,62,0,50,20,NA,NA
83,31,NA,"#VALUE!","",NA,"",NA,"NA","","","NA","#VALUE!","WOHC.Final",10,10,20,22,2,24,69,43,81,35,1,0,56,58,0,50,20,NA,NA
83,32,NA,"#VALUE!","",NA,"",NA,"NA","","","NA","#VALUE!","WOHC.Final",10,10,20,19,4,23,69,43,78,37,1,0,56,58,0,50,20,NA,NA
83,33,NA,"#VALUE!","",NA,"",NA,"NA","","","NA","#VALUE!","WOHC.Final",10,10,20,16,6,22,69,43,75,39,1,0,56,57,0,50,20,NA,NA
83,34,NA,"#VALUE!","",NA,"",NA,"NA","","","NA","#VALUE!","WOHC.Final",10,10,20,13,8,21,69,43,72,41,1,0,56,57,0,50,20,NA,NA
83,35,NA,"#VALUE!","",NA,"",NA,"NA","","","NA","#VALUE!","WOHC.Final",10,10,20,7,12,19,69,43,66,45,1,0,56,56,0,50,20,NA,NA
83,36,NA,"#VALUE!","",NA,"",NA,"NA","","","NA","#VALUE!","WOHC.Final",10,10,20,4,14,18,69,43,63,47,1,0,56,55,0,50,20,NA,NA
83,37,NA,"#VALUE!","",NA,"",NA,"NA","","","NA","#VALUE!","WOHC.Final",10,10,20,1,16,17,69,43,60,49,1,0,56,55,0,50,20,NA,NA
83,41,NA,"#VALUE!","",NA,"",NA,"NA","","","NA","#VALUE!","WOHC.Final",10,10,20,22,2,24,69,33,81,25,0,1,51,53,0,50,20,NA,NA
83,42,NA,"#VALUE!","",NA,"",NA,"NA","","","NA","#VALUE!","WOHC.Final",10,10,20,19,4,23,69,33,78,27,0,1,51,53,0,50,20,NA,NA
83,43,NA,"#VALUE!","",NA,"",NA,"NA","","","NA","#VALUE!","WOHC.Final",10,10,20,16,6,22,69,33,75,29,0,1,51,52,0,50,20,NA,NA
83,44,NA,"#VALUE!","",NA,"",NA,"NA","","","NA","#VALUE!","WOHC.Final",10,10,20,13,8,21,69,33,72,31,0,1,51,52,0,50,20,NA,NA
83,45,NA,"#VALUE!","",NA,"",NA,"NA","","","NA","#VALUE!","WOHC.Final",10,10,20,7,12,19,69,33,66,35,0,1,51,51,0,50,20,NA,NA
83,46,NA,"#VALUE!","",NA,"",NA,"NA","","","NA","#VALUE!","WOHC.Final",10,10,20,4,14,18,69,33,63,37,0,1,51,50,0,50,20,NA,NA
83,47,NA,"#VALUE!","",NA,"",NA,"NA","","","NA","#VALUE!","WOHC.Final",10,10,20,1,16,17,69,33,60,39,0,1,51,50,0,50,20,NA,NA
84,21,1,"#VALUE!","9",NA,"",NA,"NA","","","NA","#VALUE!","WOHC.Final",10,10,20,22,2,24,69,58,81,50,0,0,64,66,0,85,12,NA,NA
84,22,1,"#VALUE!","9",NA,"",NA,"NA","","","NA","#VALUE!","WOHC.Final",10,10,20,19,4,23,69,58,78,52,0,0,64,65,0,85,12,NA,NA
84,23,1,"#VALUE!","9",NA,"",NA,"NA","","","NA","#VALUE!","WOHC.Final",10,10,20,16,6,22,69,58,75,54,0,0,64,65,0,85,12,NA,NA
84,24,1,"#VALUE!","9",NA,"",NA,"NA","","","NA","#VALUE!","WOHC.Final",10,10,20,13,8,21,69,58,72,56,0,0,64,64,0,85,12,NA,NA
84,25,1,"#VALUE!","9",NA,"",NA,"NA","","","NA","#VALUE!","WOHC.Final",10,10,20,7,12,19,69,58,66,60,0,0,64,63,0,85,12,NA,NA
84,26,1,"#VALUE!","9",NA,"",NA,"NA","","","NA","#VALUE!","WOHC.Final",10,10,20,4,14,18,69,58,63,62,0,0,64,63,0,85,12,NA,NA
84,27,1,"#VALUE!","9",NA,"",NA,"NA","","","NA","#VALUE!","WOHC.Final",10,10,20,1,16,17,69,58,60,64,0,0,64,62,0,85,12,NA,NA
84,31,1,"#VALUE!","9",NA,"",NA,"NA","","","NA","#VALUE!","WOHC.Final",10,10,20,22,2,24,69,43,81,35,1,0,56,58,0,85,12,NA,NA
84,32,1,"#VALUE!","9",NA,"",NA,"NA","","","NA","#VALUE!","WOHC.Final",10,10,20,19,4,23,69,43,78,37,1,0,56,58,0,85,12,NA,NA
84,33,1,"#VALUE!","9",NA,"",NA,"NA","","","NA","#VALUE!","WOHC.Final",10,10,20,16,6,22,69,43,75,39,1,0,56,57,0,85,12,NA,NA
84,34,1,"#VALUE!","9",NA,"",NA,"NA","","","NA","#VALUE!","WOHC.Final",10,10,20,13,8,21,69,43,72,41,1,0,56,57,0,85,12,NA,NA
84,35,1,"#VALUE!","9",NA,"",NA,"NA","","","NA","#VALUE!","WOHC.Final",10,10,20,7,12,19,69,43,66,45,1,0,56,56,0,85,12,NA,NA
84,36,1,"#VALUE!","9",NA,"",NA,"NA","","","NA","#VALUE!","WOHC.Final",10,10,20,4,14,18,69,43,63,47,1,0,56,55,0,85,12,NA,NA
84,37,1,"#VALUE!","9",NA,"",NA,"NA","","","NA","#VALUE!","WOHC.Final",10,10,20,1,16,17,69,43,60,49,1,0,56,55,0,85,12,NA,NA
84,41,1,"#VALUE!","9",NA,"",NA,"NA","","","NA","#VALUE!","WOHC.Final",10,10,20,22,2,24,69,33,81,25,0,1,51,53,0,85,12,NA,NA
84,42,1,"#VALUE!","9",NA,"",NA,"NA","","","NA","#VALUE!","WOHC.Final",10,10,20,19,4,23,69,33,78,27,0,1,51,53,0,85,12,NA,NA
84,43,1,"#VALUE!","9",NA,"",NA,"NA","","","NA","#VALUE!","WOHC.Final",10,10,20,16,6,22,69,33,75,29,0,1,51,52,0,85,12,NA,NA
84,44,1,"#VALUE!","9",NA,"",NA,"NA","","","NA","#VALUE!","WOHC.Final",10,10,20,13,8,21,69,33,72,31,0,1,51,52,0,85,12,NA,NA
84,45,1,"#VALUE!","9",NA,"",NA,"NA","","","NA","#VALUE!","WOHC.Final",10,10,20,7,12,19,69,33,66,35,0,1,51,51,0,85,12,NA,NA
84,46,1,"#VALUE!","9",NA,"",NA,"NA","","","NA","#VALUE!","WOHC.Final",10,10,20,4,14,18,69,33,63,37,0,1,51,50,0,85,12,NA,NA
84,47,1,"#VALUE!","9",NA,"",NA,"NA","","","NA","#VALUE!","WOHC.Final",10,10,20,1,16,17,69,33,60,39,0,1,51,50,0,85,12,NA,NA
85,21,1,"#VALUE!","10",NA,"",NA,"NA","","","NA","#VALUE!","WOHC.Final",10,10,20,22,2,24,69,58,81,50,0,0,64,66,0,70,20,NA,NA
85,22,1,"#VALUE!","10",NA,"",NA,"NA","","","NA","#VALUE!","WOHC.Final",10,10,20,19,4,23,69,58,78,52,0,0,64,65,0,70,20,NA,NA
85,23,1,"#VALUE!","10",NA,"",NA,"NA","","","NA","#VALUE!","WOHC.Final",10,10,20,16,6,22,69,58,75,54,0,0,64,65,0,70,20,NA,NA
85,24,1,"#VALUE!","10",NA,"",NA,"NA","","","NA","#VALUE!","WOHC.Final",10,10,20,13,8,21,69,58,72,56,0,0,64,64,0,70,20,NA,NA
85,25,1,"#VALUE!","10",NA,"",NA,"NA","","","NA","#VALUE!","WOHC.Final",10,10,20,7,12,19,69,58,66,60,0,0,64,63,0,70,20,NA,NA
85,26,1,"#VALUE!","10",NA,"",NA,"NA","","","NA","#VALUE!","WOHC.Final",10,10,20,4,14,18,69,58,63,62,0,0,64,63,0,70,20,NA,NA
85,27,1,"#VALUE!","10",NA,"",NA,"NA","","","NA","#VALUE!","WOHC.Final",10,10,20,1,16,17,69,58,60,64,0,0,64,62,0,70,20,NA,NA
85,31,1,"#VALUE!","10",NA,"",NA,"NA","","","NA","#VALUE!","WOHC.Final",10,10,20,22,2,24,69,43,81,35,1,0,56,58,0,70,20,NA,NA
85,32,1,"#VALUE!","10",NA,"",NA,"NA","","","NA","#VALUE!","WOHC.Final",10,10,20,19,4,23,69,43,78,37,1,0,56,58,0,70,20,NA,NA
85,33,1,"#VALUE!","10",NA,"",NA,"NA","","","NA","#VALUE!","WOHC.Final",10,10,20,16,6,22,69,43,75,39,1,0,56,57,0,70,20,NA,NA
85,34,1,"#VALUE!","10",NA,"",NA,"NA","","","NA","#VALUE!","WOHC.Final",10,10,20,13,8,21,69,43,72,41,1,0,56,57,0,70,20,NA,NA
85,35,1,"#VALUE!","10",NA,"",NA,"NA","","","NA","#VALUE!","WOHC.Final",10,10,20,7,12,19,69,43,66,45,1,0,56,56,0,70,20,NA,NA
85,36,1,"#VALUE!","10",NA,"",NA,"NA","","","NA","#VALUE!","WOHC.Final",10,10,20,4,14,18,69,43,63,47,1,0,56,55,0,70,20,NA,NA
85,37,1,"#VALUE!","10",NA,"",NA,"NA","","","NA","#VALUE!","WOHC.Final",10,10,20,1,16,17,69,43,60,49,1,0,56,55,0,70,20,NA,NA
85,41,1,"#VALUE!","10",NA,"",NA,"NA","","","NA","#VALUE!","WOHC.Final",10,10,20,22,2,24,69,33,81,25,0,1,51,53,0,70,20,NA,NA
85,42,1,"#VALUE!","10",NA,"",NA,"NA","","","NA","#VALUE!","WOHC.Final",10,10,20,19,4,23,69,33,78,27,0,1,51,53,0,70,20,NA,NA
85,43,1,"#VALUE!","10",NA,"",NA,"NA","","","NA","#VALUE!","WOHC.Final",10,10,20,16,6,22,69,33,75,29,0,1,51,52,0,70,20,NA,NA
85,44,1,"#VALUE!","10",NA,"",NA,"NA","","","NA","#VALUE!","WOHC.Final",10,10,20,13,8,21,69,33,72,31,0,1,51,52,0,70,20,NA,NA
85,45,1,"#VALUE!","10",NA,"",NA,"NA","","","NA","#VALUE!","WOHC.Final",10,10,20,7,12,19,69,33,66,35,0,1,51,51,0,70,20,NA,NA
85,46,1,"#VALUE!","10",NA,"",NA,"NA","","","NA","#VALUE!","WOHC.Final",10,10,20,4,14,18,69,33,63,37,0,1,51,50,0,70,20,NA,NA
85,47,1,"#VALUE!","10",NA,"",NA,"NA","","","NA","#VALUE!","WOHC.Final",10,10,20,1,16,17,69,33,60,39,0,1,51,50,0,70,20,NA,NA
86,21,1,"#VALUE!","9",NA,"",NA,"NA","","","NA","#VALUE!","WOHC.Final",10,10,20,22,2,24,69,58,81,50,0,0,64,66,0,90,24,NA,NA
86,22,1,"#VALUE!","9",NA,"",NA,"NA","","","NA","#VALUE!","WOHC.Final",10,10,20,19,4,23,69,58,78,52,0,0,64,65,0,90,24,NA,NA
86,23,1,"#VALUE!","9",NA,"",NA,"NA","","","NA","#VALUE!","WOHC.Final",10,10,20,16,6,22,69,58,75,54,0,0,64,65,0,90,24,NA,NA
86,24,1,"#VALUE!","9",NA,"",NA,"NA","","","NA","#VALUE!","WOHC.Final",10,10,20,13,8,21,69,58,72,56,0,0,64,64,0,90,24,NA,NA
86,25,1,"#VALUE!","9",NA,"",NA,"NA","","","NA","#VALUE!","WOHC.Final",10,10,20,7,12,19,69,58,66,60,0,0,64,63,0,90,24,NA,NA
86,26,1,"#VALUE!","9",NA,"",NA,"NA","","","NA","#VALUE!","WOHC.Final",10,10,20,4,14,18,69,58,63,62,0,0,64,63,0,90,24,NA,NA
86,27,1,"#VALUE!","9",NA,"",NA,"NA","","","NA","#VALUE!","WOHC.Final",10,10,20,1,16,17,69,58,60,64,0,0,64,62,0,90,24,NA,NA
86,31,1,"#VALUE!","9",NA,"",NA,"NA","","","NA","#VALUE!","WOHC.Final",10,10,20,22,2,24,69,43,81,35,1,0,56,58,0,90,24,NA,NA
86,32,1,"#VALUE!","9",NA,"",NA,"NA","","","NA","#VALUE!","WOHC.Final",10,10,20,19,4,23,69,43,78,37,1,0,56,58,0,90,24,NA,NA
86,33,1,"#VALUE!","9",NA,"",NA,"NA","","","NA","#VALUE!","WOHC.Final",10,10,20,16,6,22,69,43,75,39,1,0,56,57,0,90,24,NA,NA
86,34,1,"#VALUE!","9",NA,"",NA,"NA","","","NA","#VALUE!","WOHC.Final",10,10,20,13,8,21,69,43,72,41,1,0,56,57,0,90,24,NA,NA
86,35,1,"#VALUE!","9",NA,"",NA,"NA","","","NA","#VALUE!","WOHC.Final",10,10,20,7,12,19,69,43,66,45,1,0,56,56,0,90,24,NA,NA
86,36,1,"#VALUE!","9",NA,"",NA,"NA","","","NA","#VALUE!","WOHC.Final",10,10,20,4,14,18,69,43,63,47,1,0,56,55,0,90,24,NA,NA
86,37,1,"#VALUE!","9",NA,"",NA,"NA","","","NA","#VALUE!","WOHC.Final",10,10,20,1,16,17,69,43,60,49,1,0,56,55,0,90,24,NA,NA
86,41,1,"#VALUE!","9",NA,"",NA,"NA","","","NA","#VALUE!","WOHC.Final",10,10,20,22,2,24,69,33,81,25,0,1,51,53,0,90,24,NA,NA
86,42,1,"#VALUE!","9",NA,"",NA,"NA","","","NA","#VALUE!","WOHC.Final",10,10,20,19,4,23,69,33,78,27,0,1,51,53,0,90,24,NA,NA
86,43,1,"#VALUE!","9",NA,"",NA,"NA","","","NA","#VALUE!","WOHC.Final",10,10,20,16,6,22,69,33,75,29,0,1,51,52,0,90,24,NA,NA
86,44,1,"#VALUE!","9",NA,"",NA,"NA","","","NA","#VALUE!","WOHC.Final",10,10,20,13,8,21,69,33,72,31,0,1,51,52,0,90,24,NA,NA
86,45,1,"#VALUE!","9",NA,"",NA,"NA","","","NA","#VALUE!","WOHC.Final",10,10,20,7,12,19,69,33,66,35,0,1,51,51,0,90,24,NA,NA
86,46,1,"#VALUE!","9",NA,"",NA,"NA","","","NA","#VALUE!","WOHC.Final",10,10,20,4,14,18,69,33,63,37,0,1,51,50,0,90,24,NA,NA
86,47,1,"#VALUE!","9",NA,"",NA,"NA","","","NA","#VALUE!","WOHC.Final",10,10,20,1,16,17,69,33,60,39,0,1,51,50,0,90,24,NA,NA
87,21,1,"#VALUE!","6",NA,"",NA,"NA","","","NA","#VALUE!","WOHC.Final",10,10,20,22,2,24,69,58,81,50,0,0,64,66,0,70,6,NA,NA
87,22,1,"#VALUE!","6",NA,"",NA,"NA","","","NA","#VALUE!","WOHC.Final",10,10,20,19,4,23,69,58,78,52,0,0,64,65,0,70,6,NA,NA
87,23,1,"#VALUE!","6",NA,"",NA,"NA","","","NA","#VALUE!","WOHC.Final",10,10,20,16,6,22,69,58,75,54,0,0,64,65,0,70,6,NA,NA
87,24,1,"#VALUE!","6",NA,"",NA,"NA","","","NA","#VALUE!","WOHC.Final",10,10,20,13,8,21,69,58,72,56,0,0,64,64,0,70,6,NA,NA
87,25,1,"#VALUE!","6",NA,"",NA,"NA","","","NA","#VALUE!","WOHC.Final",10,10,20,7,12,19,69,58,66,60,0,0,64,63,0,70,6,NA,NA
87,26,1,"#VALUE!","6",NA,"",NA,"NA","","","NA","#VALUE!","WOHC.Final",10,10,20,4,14,18,69,58,63,62,0,0,64,63,0,70,6,NA,NA
87,27,1,"#VALUE!","6",NA,"",NA,"NA","","","NA","#VALUE!","WOHC.Final",10,10,20,1,16,17,69,58,60,64,0,0,64,62,0,70,6,NA,NA
87,31,1,"#VALUE!","6",NA,"",NA,"NA","","","NA","#VALUE!","WOHC.Final",10,10,20,22,2,24,69,43,81,35,1,0,56,58,0,70,6,NA,NA
87,32,1,"#VALUE!","6",NA,"",NA,"NA","","","NA","#VALUE!","WOHC.Final",10,10,20,19,4,23,69,43,78,37,1,0,56,58,0,70,6,NA,NA
87,33,1,"#VALUE!","6",NA,"",NA,"NA","","","NA","#VALUE!","WOHC.Final",10,10,20,16,6,22,69,43,75,39,1,0,56,57,0,70,6,NA,NA
87,34,1,"#VALUE!","6",NA,"",NA,"NA","","","NA","#VALUE!","WOHC.Final",10,10,20,13,8,21,69,43,72,41,1,0,56,57,0,70,6,NA,NA
87,35,1,"#VALUE!","6",NA,"",NA,"NA","","","NA","#VALUE!","WOHC.Final",10,10,20,7,12,19,69,43,66,45,1,0,56,56,0,70,6,NA,NA
87,36,1,"#VALUE!","6",NA,"",NA,"NA","","","NA","#VALUE!","WOHC.Final",10,10,20,4,14,18,69,43,63,47,1,0,56,55,0,70,6,NA,NA
87,37,1,"#VALUE!","6",NA,"",NA,"NA","","","NA","#VALUE!","WOHC.Final",10,10,20,1,16,17,69,43,60,49,1,0,56,55,0,70,6,NA,NA
87,41,1,"#VALUE!","6",NA,"",NA,"NA","","","NA","#VALUE!","WOHC.Final",10,10,20,22,2,24,69,33,81,25,0,1,51,53,0,70,6,NA,NA
87,42,1,"#VALUE!","6",NA,"",NA,"NA","","","NA","#VALUE!","WOHC.Final",10,10,20,19,4,23,69,33,78,27,0,1,51,53,0,70,6,NA,NA
87,43,1,"#VALUE!","6",NA,"",NA,"NA","","","NA","#VALUE!","WOHC.Final",10,10,20,16,6,22,69,33,75,29,0,1,51,52,0,70,6,NA,NA
87,44,1,"#VALUE!","6",NA,"",NA,"NA","","","NA","#VALUE!","WOHC.Final",10,10,20,13,8,21,69,33,72,31,0,1,51,52,0,70,6,NA,NA
87,45,1,"#VALUE!","6",NA,"",NA,"NA","","","NA","#VALUE!","WOHC.Final",10,10,20,7,12,19,69,33,66,35,0,1,51,51,0,70,6,NA,NA
87,46,1,"#VALUE!","6",NA,"",NA,"NA","","","NA","#VALUE!","WOHC.Final",10,10,20,4,14,18,69,33,63,37,0,1,51,50,0,70,6,NA,NA
87,47,1,"#VALUE!","6",NA,"",NA,"NA","","","NA","#VALUE!","WOHC.Final",10,10,20,1,16,17,69,33,60,39,0,1,51,50,0,70,6,NA,NA
88,21,NA,"#VALUE!","",NA,"",NA,"NA","","","NA","#VALUE!","WOHC.Final",10,10,20,22,2,24,69,58,81,50,0,0,64,66,0,77,22,NA,NA
88,22,NA,"#VALUE!","",NA,"",NA,"NA","","","NA","#VALUE!","WOHC.Final",10,10,20,19,4,23,69,58,78,52,0,0,64,65,0,77,22,NA,NA
88,23,NA,"#VALUE!","",NA,"",NA,"NA","","","NA","#VALUE!","WOHC.Final",10,10,20,16,6,22,69,58,75,54,0,0,64,65,0,77,22,NA,NA
88,24,NA,"#VALUE!","",NA,"",NA,"NA","","","NA","#VALUE!","WOHC.Final",10,10,20,13,8,21,69,58,72,56,0,0,64,64,0,77,22,NA,NA
88,25,NA,"#VALUE!","",NA,"",NA,"NA","","","NA","#VALUE!","WOHC.Final",10,10,20,7,12,19,69,58,66,60,0,0,64,63,0,77,22,NA,NA
88,26,NA,"#VALUE!","",NA,"",NA,"NA","","","NA","#VALUE!","WOHC.Final",10,10,20,4,14,18,69,58,63,62,0,0,64,63,0,77,22,NA,NA
88,27,NA,"#VALUE!","",NA,"",NA,"NA","","","NA","#VALUE!","WOHC.Final",10,10,20,1,16,17,69,58,60,64,0,0,64,62,0,77,22,NA,NA
88,31,NA,"#VALUE!","",NA,"",NA,"NA","","","NA","#VALUE!","WOHC.Final",10,10,20,22,2,24,69,43,81,35,1,0,56,58,0,77,22,NA,NA
88,32,NA,"#VALUE!","",NA,"",NA,"NA","","","NA","#VALUE!","WOHC.Final",10,10,20,19,4,23,69,43,78,37,1,0,56,58,0,77,22,NA,NA
88,33,NA,"#VALUE!","",NA,"",NA,"NA","","","NA","#VALUE!","WOHC.Final",10,10,20,16,6,22,69,43,75,39,1,0,56,57,0,77,22,NA,NA
88,34,NA,"#VALUE!","",NA,"",NA,"NA","","","NA","#VALUE!","WOHC.Final",10,10,20,13,8,21,69,43,72,41,1,0,56,57,0,77,22,NA,NA
88,35,NA,"#VALUE!","",NA,"",NA,"NA","","","NA","#VALUE!","WOHC.Final",10,10,20,7,12,19,69,43,66,45,1,0,56,56,0,77,22,NA,NA
88,36,NA,"#VALUE!","",NA,"",NA,"NA","","","NA","#VALUE!","WOHC.Final",10,10,20,4,14,18,69,43,63,47,1,0,56,55,0,77,22,NA,NA
88,37,NA,"#VALUE!","",NA,"",NA,"NA","","","NA","#VALUE!","WOHC.Final",10,10,20,1,16,17,69,43,60,49,1,0,56,55,0,77,22,NA,NA
88,41,NA,"#VALUE!","",NA,"",NA,"NA","","","NA","#VALUE!","WOHC.Final",10,10,20,22,2,24,69,33,81,25,0,1,51,53,0,77,22,NA,NA
88,42,NA,"#VALUE!","",NA,"",NA,"NA","","","NA","#VALUE!","WOHC.Final",10,10,20,19,4,23,69,33,78,27,0,1,51,53,0,77,22,NA,NA
88,43,NA,"#VALUE!","",NA,"",NA,"NA","","","NA","#VALUE!","WOHC.Final",10,10,20,16,6,22,69,33,75,29,0,1,51,52,0,77,22,NA,NA
88,44,NA,"#VALUE!","",NA,"",NA,"NA","","","NA","#VALUE!","WOHC.Final",10,10,20,13,8,21,69,33,72,31,0,1,51,52,0,77,22,NA,NA
88,45,NA,"#VALUE!","",NA,"",NA,"NA","","","NA","#VALUE!","WOHC.Final",10,10,20,7,12,19,69,33,66,35,0,1,51,51,0,77,22,NA,NA
88,46,NA,"#VALUE!","",NA,"",NA,"NA","","","NA","#VALUE!","WOHC.Final",10,10,20,4,14,18,69,33,63,37,0,1,51,50,0,77,22,NA,NA
88,47,NA,"#VALUE!","",NA,"",NA,"NA","","","NA","#VALUE!","WOHC.Final",10,10,20,1,16,17,69,33,60,39,0,1,51,50,0,77,22,NA,NA
89,21,1,"#VALUE!","10",NA,"",NA,"NA","","","NA","#VALUE!","WOHC.Final",10,10,20,22,2,24,69,58,81,50,0,0,64,66,0,70,NA,NA,NA
89,22,1,"#VALUE!","10",NA,"",NA,"NA","","","NA","#VALUE!","WOHC.Final",10,10,20,19,4,23,69,58,78,52,0,0,64,65,0,70,NA,NA,NA
89,23,1,"#VALUE!","10",NA,"",NA,"NA","","","NA","#VALUE!","WOHC.Final",10,10,20,16,6,22,69,58,75,54,0,0,64,65,0,70,NA,NA,NA
89,24,1,"#VALUE!","10",NA,"",NA,"NA","","","NA","#VALUE!","WOHC.Final",10,10,20,13,8,21,69,58,72,56,0,0,64,64,0,70,NA,NA,NA
89,25,1,"#VALUE!","10",NA,"",NA,"NA","","","NA","#VALUE!","WOHC.Final",10,10,20,7,12,19,69,58,66,60,0,0,64,63,0,70,NA,NA,NA
89,26,1,"#VALUE!","10",NA,"",NA,"NA","","","NA","#VALUE!","WOHC.Final",10,10,20,4,14,18,69,58,63,62,0,0,64,63,0,70,NA,NA,NA
89,27,1,"#VALUE!","10",NA,"",NA,"NA","","","NA","#VALUE!","WOHC.Final",10,10,20,1,16,17,69,58,60,64,0,0,64,62,0,70,NA,NA,NA
89,31,1,"#VALUE!","10",NA,"",NA,"NA","","","NA","#VALUE!","WOHC.Final",10,10,20,22,2,24,69,43,81,35,1,0,56,58,0,70,NA,NA,NA
89,32,1,"#VALUE!","10",NA,"",NA,"NA","","","NA","#VALUE!","WOHC.Final",10,10,20,19,4,23,69,43,78,37,1,0,56,58,0,70,NA,NA,NA
89,33,1,"#VALUE!","10",NA,"",NA,"NA","","","NA","#VALUE!","WOHC.Final",10,10,20,16,6,22,69,43,75,39,1,0,56,57,0,70,NA,NA,NA
89,34,1,"#VALUE!","10",NA,"",NA,"NA","","","NA","#VALUE!","WOHC.Final",10,10,20,13,8,21,69,43,72,41,1,0,56,57,0,70,NA,NA,NA
89,35,1,"#VALUE!","10",NA,"",NA,"NA","","","NA","#VALUE!","WOHC.Final",10,10,20,7,12,19,69,43,66,45,1,0,56,56,0,70,NA,NA,NA
89,36,1,"#VALUE!","10",NA,"",NA,"NA","","","NA","#VALUE!","WOHC.Final",10,10,20,4,14,18,69,43,63,47,1,0,56,55,0,70,NA,NA,NA
89,37,1,"#VALUE!","10",NA,"",NA,"NA","","","NA","#VALUE!","WOHC.Final",10,10,20,1,16,17,69,43,60,49,1,0,56,55,0,70,NA,NA,NA
89,41,1,"#VALUE!","10",NA,"",NA,"NA","","","NA","#VALUE!","WOHC.Final",10,10,20,22,2,24,69,33,81,25,0,1,51,53,0,70,NA,NA,NA
89,42,1,"#VALUE!","10",NA,"",NA,"NA","","","NA","#VALUE!","WOHC.Final",10,10,20,19,4,23,69,33,78,27,0,1,51,53,0,70,NA,NA,NA
89,43,1,"#VALUE!","10",NA,"",NA,"NA","","","NA","#VALUE!","WOHC.Final",10,10,20,16,6,22,69,33,75,29,0,1,51,52,0,70,NA,NA,NA
89,44,1,"#VALUE!","10",NA,"",NA,"NA","","","NA","#VALUE!","WOHC.Final",10,10,20,13,8,21,69,33,72,31,0,1,51,52,0,70,NA,NA,NA
89,45,1,"#VALUE!","10",NA,"",NA,"NA","","","NA","#VALUE!","WOHC.Final",10,10,20,7,12,19,69,33,66,35,0,1,51,51,0,70,NA,NA,NA
89,46,1,"#VALUE!","10",NA,"",NA,"NA","","","NA","#VALUE!","WOHC.Final",10,10,20,4,14,18,69,33,63,37,0,1,51,50,0,70,NA,NA,NA
89,47,1,"#VALUE!","10",NA,"",NA,"NA","","","NA","#VALUE!","WOHC.Final",10,10,20,1,16,17,69,33,60,39,0,1,51,50,0,70,NA,NA,NA
90,21,1,"#VALUE!","9",NA,"",NA,"NA","","","NA","#VALUE!","WOHC.Final",10,10,20,22,2,24,69,58,81,50,0,0,64,66,0,90,7,NA,NA
90,22,1,"#VALUE!","9",NA,"",NA,"NA","","","NA","#VALUE!","WOHC.Final",10,10,20,19,4,23,69,58,78,52,0,0,64,65,0,90,7,NA,NA
90,23,1,"#VALUE!","9",NA,"",NA,"NA","","","NA","#VALUE!","WOHC.Final",10,10,20,16,6,22,69,58,75,54,0,0,64,65,0,90,7,NA,NA
90,24,1,"#VALUE!","9",NA,"",NA,"NA","","","NA","#VALUE!","WOHC.Final",10,10,20,13,8,21,69,58,72,56,0,0,64,64,0,90,7,NA,NA
90,25,1,"#VALUE!","9",NA,"",NA,"NA","","","NA","#VALUE!","WOHC.Final",10,10,20,7,12,19,69,58,66,60,0,0,64,63,0,90,7,NA,NA
90,26,1,"#VALUE!","9",NA,"",NA,"NA","","","NA","#VALUE!","WOHC.Final",10,10,20,4,14,18,69,58,63,62,0,0,64,63,0,90,7,NA,NA
90,27,1,"#VALUE!","9",NA,"",NA,"NA","","","NA","#VALUE!","WOHC.Final",10,10,20,1,16,17,69,58,60,64,0,0,64,62,0,90,7,NA,NA
90,31,1,"#VALUE!","9",NA,"",NA,"NA","","","NA","#VALUE!","WOHC.Final",10,10,20,22,2,24,69,43,81,35,1,0,56,58,0,90,7,NA,NA
90,32,1,"#VALUE!","9",NA,"",NA,"NA","","","NA","#VALUE!","WOHC.Final",10,10,20,19,4,23,69,43,78,37,1,0,56,58,0,90,7,NA,NA
90,33,1,"#VALUE!","9",NA,"",NA,"NA","","","NA","#VALUE!","WOHC.Final",10,10,20,16,6,22,69,43,75,39,1,0,56,57,0,90,7,NA,NA
90,34,1,"#VALUE!","9",NA,"",NA,"NA","","","NA","#VALUE!","WOHC.Final",10,10,20,13,8,21,69,43,72,41,1,0,56,57,0,90,7,NA,NA
90,35,1,"#VALUE!","9",NA,"",NA,"NA","","","NA","#VALUE!","WOHC.Final",10,10,20,7,12,19,69,43,66,45,1,0,56,56,0,90,7,NA,NA
90,36,1,"#VALUE!","9",NA,"",NA,"NA","","","NA","#VALUE!","WOHC.Final",10,10,20,4,14,18,69,43,63,47,1,0,56,55,0,90,7,NA,NA
90,37,1,"#VALUE!","9",NA,"",NA,"NA","","","NA","#VALUE!","WOHC.Final",10,10,20,1,16,17,69,43,60,49,1,0,56,55,0,90,7,NA,NA
90,41,1,"#VALUE!","9",NA,"",NA,"NA","","","NA","#VALUE!","WOHC.Final",10,10,20,22,2,24,69,33,81,25,0,1,51,53,0,90,7,NA,NA
90,42,1,"#VALUE!","9",NA,"",NA,"NA","","","NA","#VALUE!","WOHC.Final",10,10,20,19,4,23,69,33,78,27,0,1,51,53,0,90,7,NA,NA
90,43,1,"#VALUE!","9",NA,"",NA,"NA","","","NA","#VALUE!","WOHC.Final",10,10,20,16,6,22,69,33,75,29,0,1,51,52,0,90,7,NA,NA
90,44,1,"#VALUE!","9",NA,"",NA,"NA","","","NA","#VALUE!","WOHC.Final",10,10,20,13,8,21,69,33,72,31,0,1,51,52,0,90,7,NA,NA
90,45,1,"#VALUE!","9",NA,"",NA,"NA","","","NA","#VALUE!","WOHC.Final",10,10,20,7,12,19,69,33,66,35,0,1,51,51,0,90,7,NA,NA
90,46,1,"#VALUE!","9",NA,"",NA,"NA","","","NA","#VALUE!","WOHC.Final",10,10,20,4,14,18,69,33,63,37,0,1,51,50,0,90,7,NA,NA
90,47,1,"#VALUE!","9",NA,"",NA,"NA","","","NA","#VALUE!","WOHC.Final",10,10,20,1,16,17,69,33,60,39,0,1,51,50,0,90,7,NA,NA
91,21,1,"#VALUE!","",NA,"",NA,"NA","","","NA","#VALUE!","WOHC.Final",10,10,20,22,2,24,69,58,81,50,0,0,64,66,0,80,NA,NA,NA
91,22,1,"#VALUE!","",NA,"",NA,"NA","","","NA","#VALUE!","WOHC.Final",10,10,20,19,4,23,69,58,78,52,0,0,64,65,0,80,NA,NA,NA
91,23,1,"#VALUE!","",NA,"",NA,"NA","","","NA","#VALUE!","WOHC.Final",10,10,20,16,6,22,69,58,75,54,0,0,64,65,0,80,NA,NA,NA
91,24,1,"#VALUE!","",NA,"",NA,"NA","","","NA","#VALUE!","WOHC.Final",10,10,20,13,8,21,69,58,72,56,0,0,64,64,0,80,NA,NA,NA
91,25,1,"#VALUE!","",NA,"",NA,"NA","","","NA","#VALUE!","WOHC.Final",10,10,20,7,12,19,69,58,66,60,0,0,64,63,0,80,NA,NA,NA
91,26,1,"#VALUE!","",NA,"",NA,"NA","","","NA","#VALUE!","WOHC.Final",10,10,20,4,14,18,69,58,63,62,0,0,64,63,0,80,NA,NA,NA
91,27,1,"#VALUE!","",NA,"",NA,"NA","","","NA","#VALUE!","WOHC.Final",10,10,20,1,16,17,69,58,60,64,0,0,64,62,0,80,NA,NA,NA
91,31,1,"#VALUE!","",NA,"",NA,"NA","","","NA","#VALUE!","WOHC.Final",10,10,20,22,2,24,69,43,81,35,1,0,56,58,0,80,NA,NA,NA
91,32,1,"#VALUE!","",NA,"",NA,"NA","","","NA","#VALUE!","WOHC.Final",10,10,20,19,4,23,69,43,78,37,1,0,56,58,0,80,NA,NA,NA
91,33,1,"#VALUE!","",NA,"",NA,"NA","","","NA","#VALUE!","WOHC.Final",10,10,20,16,6,22,69,43,75,39,1,0,56,57,0,80,NA,NA,NA
91,34,1,"#VALUE!","",NA,"",NA,"NA","","","NA","#VALUE!","WOHC.Final",10,10,20,13,8,21,69,43,72,41,1,0,56,57,0,80,NA,NA,NA
91,35,1,"#VALUE!","",NA,"",NA,"NA","","","NA","#VALUE!","WOHC.Final",10,10,20,7,12,19,69,43,66,45,1,0,56,56,0,80,NA,NA,NA
91,36,1,"#VALUE!","",NA,"",NA,"NA","","","NA","#VALUE!","WOHC.Final",10,10,20,4,14,18,69,43,63,47,1,0,56,55,0,80,NA,NA,NA
91,37,1,"#VALUE!","",NA,"",NA,"NA","","","NA","#VALUE!","WOHC.Final",10,10,20,1,16,17,69,43,60,49,1,0,56,55,0,80,NA,NA,NA
91,41,1,"#VALUE!","",NA,"",NA,"NA","","","NA","#VALUE!","WOHC.Final",10,10,20,22,2,24,69,33,81,25,0,1,51,53,0,80,NA,NA,NA
91,42,1,"#VALUE!","",NA,"",NA,"NA","","","NA","#VALUE!","WOHC.Final",10,10,20,19,4,23,69,33,78,27,0,1,51,53,0,80,NA,NA,NA
91,43,1,"#VALUE!","",NA,"",NA,"NA","","","NA","#VALUE!","WOHC.Final",10,10,20,16,6,22,69,33,75,29,0,1,51,52,0,80,NA,NA,NA
91,44,1,"#VALUE!","",NA,"",NA,"NA","","","NA","#VALUE!","WOHC.Final",10,10,20,13,8,21,69,33,72,31,0,1,51,52,0,80,NA,NA,NA
91,45,1,"#VALUE!","",NA,"",NA,"NA","","","NA","#VALUE!","WOHC.Final",10,10,20,7,12,19,69,33,66,35,0,1,51,51,0,80,NA,NA,NA
91,46,1,"#VALUE!","",NA,"",NA,"NA","","","NA","#VALUE!","WOHC.Final",10,10,20,4,14,18,69,33,63,37,0,1,51,50,0,80,NA,NA,NA
91,47,1,"#VALUE!","",NA,"",NA,"NA","","","NA","#VALUE!","WOHC.Final",10,10,20,1,16,17,69,33,60,39,0,1,51,50,0,80,NA,NA,NA
92,21,1,"#VALUE!","10",NA,"",NA,"NA","","","NA","#VALUE!","WOHC.Final",10,10,20,22,2,24,69,58,81,50,0,0,64,66,0,80,9,NA,NA
92,22,1,"#VALUE!","10",NA,"",NA,"NA","","","NA","#VALUE!","WOHC.Final",10,10,20,19,4,23,69,58,78,52,0,0,64,65,0,80,9,NA,NA
92,23,1,"#VALUE!","10",NA,"",NA,"NA","","","NA","#VALUE!","WOHC.Final",10,10,20,16,6,22,69,58,75,54,0,0,64,65,0,80,9,NA,NA
92,24,1,"#VALUE!","10",NA,"",NA,"NA","","","NA","#VALUE!","WOHC.Final",10,10,20,13,8,21,69,58,72,56,0,0,64,64,0,80,9,NA,NA
92,25,1,"#VALUE!","10",NA,"",NA,"NA","","","NA","#VALUE!","WOHC.Final",10,10,20,7,12,19,69,58,66,60,0,0,64,63,0,80,9,NA,NA
92,26,1,"#VALUE!","10",NA,"",NA,"NA","","","NA","#VALUE!","WOHC.Final",10,10,20,4,14,18,69,58,63,62,0,0,64,63,0,80,9,NA,NA
92,27,1,"#VALUE!","10",NA,"",NA,"NA","","","NA","#VALUE!","WOHC.Final",10,10,20,1,16,17,69,58,60,64,0,0,64,62,0,80,9,NA,NA
92,31,1,"#VALUE!","10",NA,"",NA,"NA","","","NA","#VALUE!","WOHC.Final",10,10,20,22,2,24,69,43,81,35,1,0,56,58,0,80,9,NA,NA
92,32,1,"#VALUE!","10",NA,"",NA,"NA","","","NA","#VALUE!","WOHC.Final",10,10,20,19,4,23,69,43,78,37,1,0,56,58,0,80,9,NA,NA
92,33,1,"#VALUE!","10",NA,"",NA,"NA","","","NA","#VALUE!","WOHC.Final",10,10,20,16,6,22,69,43,75,39,1,0,56,57,0,80,9,NA,NA
92,34,1,"#VALUE!","10",NA,"",NA,"NA","","","NA","#VALUE!","WOHC.Final",10,10,20,13,8,21,69,43,72,41,1,0,56,57,0,80,9,NA,NA
92,35,1,"#VALUE!","10",NA,"",NA,"NA","","","NA","#VALUE!","WOHC.Final",10,10,20,7,12,19,69,43,66,45,1,0,56,56,0,80,9,NA,NA
92,36,1,"#VALUE!","10",NA,"",NA,"NA","","","NA","#VALUE!","WOHC.Final",10,10,20,4,14,18,69,43,63,47,1,0,56,55,0,80,9,NA,NA
92,37,1,"#VALUE!","10",NA,"",NA,"NA","","","NA","#VALUE!","WOHC.Final",10,10,20,1,16,17,69,43,60,49,1,0,56,55,0,80,9,NA,NA
92,41,1,"#VALUE!","10",NA,"",NA,"NA","","","NA","#VALUE!","WOHC.Final",10,10,20,22,2,24,69,33,81,25,0,1,51,53,0,80,9,NA,NA
92,42,1,"#VALUE!","10",NA,"",NA,"NA","","","NA","#VALUE!","WOHC.Final",10,10,20,19,4,23,69,33,78,27,0,1,51,53,0,80,9,NA,NA
92,43,1,"#VALUE!","10",NA,"",NA,"NA","","","NA","#VALUE!","WOHC.Final",10,10,20,16,6,22,69,33,75,29,0,1,51,52,0,80,9,NA,NA
92,44,1,"#VALUE!","10",NA,"",NA,"NA","","","NA","#VALUE!","WOHC.Final",10,10,20,13,8,21,69,33,72,31,0,1,51,52,0,80,9,NA,NA
92,45,1,"#VALUE!","10",NA,"",NA,"NA","","","NA","#VALUE!","WOHC.Final",10,10,20,7,12,19,69,33,66,35,0,1,51,51,0,80,9,NA,NA
92,46,1,"#VALUE!","10",NA,"",NA,"NA","","","NA","#VALUE!","WOHC.Final",10,10,20,4,14,18,69,33,63,37,0,1,51,50,0,80,9,NA,NA
92,47,1,"#VALUE!","10",NA,"",NA,"NA","","","NA","#VALUE!","WOHC.Final",10,10,20,1,16,17,69,33,60,39,0,1,51,50,0,80,9,NA,NA
93,21,1,"#VALUE!","",NA,"",NA,"NA","","","NA","#VALUE!","WOHC.Final",10,10,20,22,2,24,69,58,81,50,0,0,64,66,0,90,15,NA,NA
93,22,1,"#VALUE!","",NA,"",NA,"NA","","","NA","#VALUE!","WOHC.Final",10,10,20,19,4,23,69,58,78,52,0,0,64,65,0,90,15,NA,NA
93,23,1,"#VALUE!","",NA,"",NA,"NA","","","NA","#VALUE!","WOHC.Final",10,10,20,16,6,22,69,58,75,54,0,0,64,65,0,90,15,NA,NA
93,24,1,"#VALUE!","",NA,"",NA,"NA","","","NA","#VALUE!","WOHC.Final",10,10,20,13,8,21,69,58,72,56,0,0,64,64,0,90,15,NA,NA
93,25,1,"#VALUE!","",NA,"",NA,"NA","","","NA","#VALUE!","WOHC.Final",10,10,20,7,12,19,69,58,66,60,0,0,64,63,0,90,15,NA,NA
93,26,1,"#VALUE!","",NA,"",NA,"NA","","","NA","#VALUE!","WOHC.Final",10,10,20,4,14,18,69,58,63,62,0,0,64,63,0,90,15,NA,NA
93,27,1,"#VALUE!","",NA,"",NA,"NA","","","NA","#VALUE!","WOHC.Final",10,10,20,1,16,17,69,58,60,64,0,0,64,62,0,90,15,NA,NA
93,31,1,"#VALUE!","",NA,"",NA,"NA","","","NA","#VALUE!","WOHC.Final",10,10,20,22,2,24,69,43,81,35,1,0,56,58,0,90,15,NA,NA
93,32,1,"#VALUE!","",NA,"",NA,"NA","","","NA","#VALUE!","WOHC.Final",10,10,20,19,4,23,69,43,78,37,1,0,56,58,0,90,15,NA,NA
93,33,1,"#VALUE!","",NA,"",NA,"NA","","","NA","#VALUE!","WOHC.Final",10,10,20,16,6,22,69,43,75,39,1,0,56,57,0,90,15,NA,NA
93,34,1,"#VALUE!","",NA,"",NA,"NA","","","NA","#VALUE!","WOHC.Final",10,10,20,13,8,21,69,43,72,41,1,0,56,57,0,90,15,NA,NA
93,35,1,"#VALUE!","",NA,"",NA,"NA","","","NA","#VALUE!","WOHC.Final",10,10,20,7,12,19,69,43,66,45,1,0,56,56,0,90,15,NA,NA
93,36,1,"#VALUE!","",NA,"",NA,"NA","","","NA","#VALUE!","WOHC.Final",10,10,20,4,14,18,69,43,63,47,1,0,56,55,0,90,15,NA,NA
93,37,1,"#VALUE!","",NA,"",NA,"NA","","","NA","#VALUE!","WOHC.Final",10,10,20,1,16,17,69,43,60,49,1,0,56,55,0,90,15,NA,NA
93,41,1,"#VALUE!","",NA,"",NA,"NA","","","NA","#VALUE!","WOHC.Final",10,10,20,22,2,24,69,33,81,25,0,1,51,53,0,90,15,NA,NA
93,42,1,"#VALUE!","",NA,"",NA,"NA","","","NA","#VALUE!","WOHC.Final",10,10,20,19,4,23,69,33,78,27,0,1,51,53,0,90,15,NA,NA
93,43,1,"#VALUE!","",NA,"",NA,"NA","","","NA","#VALUE!","WOHC.Final",10,10,20,16,6,22,69,33,75,29,0,1,51,52,0,90,15,NA,NA
93,44,1,"#VALUE!","",NA,"",NA,"NA","","","NA","#VALUE!","WOHC.Final",10,10,20,13,8,21,69,33,72,31,0,1,51,52,0,90,15,NA,NA
93,45,1,"#VALUE!","",NA,"",NA,"NA","","","NA","#VALUE!","WOHC.Final",10,10,20,7,12,19,69,33,66,35,0,1,51,51,0,90,15,NA,NA
93,46,1,"#VALUE!","",NA,"",NA,"NA","","","NA","#VALUE!","WOHC.Final",10,10,20,4,14,18,69,33,63,37,0,1,51,50,0,90,15,NA,NA
93,47,1,"#VALUE!","",NA,"",NA,"NA","","","NA","#VALUE!","WOHC.Final",10,10,20,1,16,17,69,33,60,39,0,1,51,50,0,90,15,NA,NA
94,21,NA,"#VALUE!","",NA,"",NA,"NA","","","NA","#VALUE!","WOHC.Final",10,10,20,22,2,24,69,58,81,50,0,0,64,66,0,80,30,NA,NA
94,22,NA,"#VALUE!","",NA,"",NA,"NA","","","NA","#VALUE!","WOHC.Final",10,10,20,19,4,23,69,58,78,52,0,0,64,65,0,80,30,NA,NA
94,23,NA,"#VALUE!","",NA,"",NA,"NA","","","NA","#VALUE!","WOHC.Final",10,10,20,16,6,22,69,58,75,54,0,0,64,65,0,80,30,NA,NA
94,24,NA,"#VALUE!","",NA,"",NA,"NA","","","NA","#VALUE!","WOHC.Final",10,10,20,13,8,21,69,58,72,56,0,0,64,64,0,80,30,NA,NA
94,25,NA,"#VALUE!","",NA,"",NA,"NA","","","NA","#VALUE!","WOHC.Final",10,10,20,7,12,19,69,58,66,60,0,0,64,63,0,80,30,NA,NA
94,26,NA,"#VALUE!","",NA,"",NA,"NA","","","NA","#VALUE!","WOHC.Final",10,10,20,4,14,18,69,58,63,62,0,0,64,63,0,80,30,NA,NA
94,27,NA,"#VALUE!","",NA,"",NA,"NA","","","NA","#VALUE!","WOHC.Final",10,10,20,1,16,17,69,58,60,64,0,0,64,62,0,80,30,NA,NA
94,31,NA,"#VALUE!","",NA,"",NA,"NA","","","NA","#VALUE!","WOHC.Final",10,10,20,22,2,24,69,43,81,35,1,0,56,58,0,80,30,NA,NA
94,32,NA,"#VALUE!","",NA,"",NA,"NA","","","NA","#VALUE!","WOHC.Final",10,10,20,19,4,23,69,43,78,37,1,0,56,58,0,80,30,NA,NA
94,33,NA,"#VALUE!","",NA,"",NA,"NA","","","NA","#VALUE!","WOHC.Final",10,10,20,16,6,22,69,43,75,39,1,0,56,57,0,80,30,NA,NA
94,34,NA,"#VALUE!","",NA,"",NA,"NA","","","NA","#VALUE!","WOHC.Final",10,10,20,13,8,21,69,43,72,41,1,0,56,57,0,80,30,NA,NA
94,35,NA,"#VALUE!","",NA,"",NA,"NA","","","NA","#VALUE!","WOHC.Final",10,10,20,7,12,19,69,43,66,45,1,0,56,56,0,80,30,NA,NA
94,36,NA,"#VALUE!","",NA,"",NA,"NA","","","NA","#VALUE!","WOHC.Final",10,10,20,4,14,18,69,43,63,47,1,0,56,55,0,80,30,NA,NA
94,37,NA,"#VALUE!","",NA,"",NA,"NA","","","NA","#VALUE!","WOHC.Final",10,10,20,1,16,17,69,43,60,49,1,0,56,55,0,80,30,NA,NA
94,41,NA,"#VALUE!","",NA,"",NA,"NA","","","NA","#VALUE!","WOHC.Final",10,10,20,22,2,24,69,33,81,25,0,1,51,53,0,80,30,NA,NA
94,42,NA,"#VALUE!","",NA,"",NA,"NA","","","NA","#VALUE!","WOHC.Final",10,10,20,19,4,23,69,33,78,27,0,1,51,53,0,80,30,NA,NA
94,43,NA,"#VALUE!","",NA,"",NA,"NA","","","NA","#VALUE!","WOHC.Final",10,10,20,16,6,22,69,33,75,29,0,1,51,52,0,80,30,NA,NA
94,44,NA,"#VALUE!","",NA,"",NA,"NA","","","NA","#VALUE!","WOHC.Final",10,10,20,13,8,21,69,33,72,31,0,1,51,52,0,80,30,NA,NA
94,45,NA,"#VALUE!","",NA,"",NA,"NA","","","NA","#VALUE!","WOHC.Final",10,10,20,7,12,19,69,33,66,35,0,1,51,51,0,80,30,NA,NA
94,46,NA,"#VALUE!","",NA,"",NA,"NA","","","NA","#VALUE!","WOHC.Final",10,10,20,4,14,18,69,33,63,37,0,1,51,50,0,80,30,NA,NA
94,47,NA,"#VALUE!","",NA,"",NA,"NA","","","NA","#VALUE!","WOHC.Final",10,10,20,1,16,17,69,33,60,39,0,1,51,50,0,80,30,NA,NA
95,21,1,"#VALUE!","10",NA,"",NA,"NA","","","NA","#VALUE!","WOHC.Final",10,10,20,22,2,24,69,58,81,50,0,0,64,66,0,90,26,NA,NA
95,22,1,"#VALUE!","10",NA,"",NA,"NA","","","NA","#VALUE!","WOHC.Final",10,10,20,19,4,23,69,58,78,52,0,0,64,65,0,90,26,NA,NA
95,23,1,"#VALUE!","10",NA,"",NA,"NA","","","NA","#VALUE!","WOHC.Final",10,10,20,16,6,22,69,58,75,54,0,0,64,65,0,90,26,NA,NA
95,24,1,"#VALUE!","10",NA,"",NA,"NA","","","NA","#VALUE!","WOHC.Final",10,10,20,13,8,21,69,58,72,56,0,0,64,64,0,90,26,NA,NA
95,25,1,"#VALUE!","10",NA,"",NA,"NA","","","NA","#VALUE!","WOHC.Final",10,10,20,7,12,19,69,58,66,60,0,0,64,63,0,90,26,NA,NA
95,26,1,"#VALUE!","10",NA,"",NA,"NA","","","NA","#VALUE!","WOHC.Final",10,10,20,4,14,18,69,58,63,62,0,0,64,63,0,90,26,NA,NA
95,27,1,"#VALUE!","10",NA,"",NA,"NA","","","NA","#VALUE!","WOHC.Final",10,10,20,1,16,17,69,58,60,64,0,0,64,62,0,90,26,NA,NA
95,31,1,"#VALUE!","10",NA,"",NA,"NA","","","NA","#VALUE!","WOHC.Final",10,10,20,22,2,24,69,43,81,35,1,0,56,58,0,90,26,NA,NA
95,32,1,"#VALUE!","10",NA,"",NA,"NA","","","NA","#VALUE!","WOHC.Final",10,10,20,19,4,23,69,43,78,37,1,0,56,58,0,90,26,NA,NA
95,33,1,"#VALUE!","10",NA,"",NA,"NA","","","NA","#VALUE!","WOHC.Final",10,10,20,16,6,22,69,43,75,39,1,0,56,57,0,90,26,NA,NA
95,34,1,"#VALUE!","10",NA,"",NA,"NA","","","NA","#VALUE!","WOHC.Final",10,10,20,13,8,21,69,43,72,41,1,0,56,57,0,90,26,NA,NA
95,35,1,"#VALUE!","10",NA,"",NA,"NA","","","NA","#VALUE!","WOHC.Final",10,10,20,7,12,19,69,43,66,45,1,0,56,56,0,90,26,NA,NA
95,36,1,"#VALUE!","10",NA,"",NA,"NA","","","NA","#VALUE!","WOHC.Final",10,10,20,4,14,18,69,43,63,47,1,0,56,55,0,90,26,NA,NA
95,37,1,"#VALUE!","10",NA,"",NA,"NA","","","NA","#VALUE!","WOHC.Final",10,10,20,1,16,17,69,43,60,49,1,0,56,55,0,90,26,NA,NA
95,41,1,"#VALUE!","10",NA,"",NA,"NA","","","NA","#VALUE!","WOHC.Final",10,10,20,22,2,24,69,33,81,25,0,1,51,53,0,90,26,NA,NA
95,42,1,"#VALUE!","10",NA,"",NA,"NA","","","NA","#VALUE!","WOHC.Final",10,10,20,19,4,23,69,33,78,27,0,1,51,53,0,90,26,NA,NA
95,43,1,"#VALUE!","10",NA,"",NA,"NA","","","NA","#VALUE!","WOHC.Final",10,10,20,16,6,22,69,33,75,29,0,1,51,52,0,90,26,NA,NA
95,44,1,"#VALUE!","10",NA,"",NA,"NA","","","NA","#VALUE!","WOHC.Final",10,10,20,13,8,21,69,33,72,31,0,1,51,52,0,90,26,NA,NA
95,45,1,"#VALUE!","10",NA,"",NA,"NA","","","NA","#VALUE!","WOHC.Final",10,10,20,7,12,19,69,33,66,35,0,1,51,51,0,90,26,NA,NA
95,46,1,"#VALUE!","10",NA,"",NA,"NA","","","NA","#VALUE!","WOHC.Final",10,10,20,4,14,18,69,33,63,37,0,1,51,50,0,90,26,NA,NA
95,47,1,"#VALUE!","10",NA,"",NA,"NA","","","NA","#VALUE!","WOHC.Final",10,10,20,1,16,17,69,33,60,39,0,1,51,50,0,90,26,NA,NA
96,21,1,"#VALUE!","10",NA,"",NA,"NA","","","NA","#VALUE!","WOHC.Final",10,10,20,22,2,24,69,58,81,50,0,0,64,66,0,90,3,NA,NA
96,22,1,"#VALUE!","10",NA,"",NA,"NA","","","NA","#VALUE!","WOHC.Final",10,10,20,19,4,23,69,58,78,52,0,0,64,65,0,90,3,NA,NA
96,23,1,"#VALUE!","10",NA,"",NA,"NA","","","NA","#VALUE!","WOHC.Final",10,10,20,16,6,22,69,58,75,54,0,0,64,65,0,90,3,NA,NA
96,24,1,"#VALUE!","10",NA,"",NA,"NA","","","NA","#VALUE!","WOHC.Final",10,10,20,13,8,21,69,58,72,56,0,0,64,64,0,90,3,NA,NA
96,25,1,"#VALUE!","10",NA,"",NA,"NA","","","NA","#VALUE!","WOHC.Final",10,10,20,7,12,19,69,58,66,60,0,0,64,63,0,90,3,NA,NA
96,26,1,"#VALUE!","10",NA,"",NA,"NA","","","NA","#VALUE!","WOHC.Final",10,10,20,4,14,18,69,58,63,62,0,0,64,63,0,90,3,NA,NA
96,27,1,"#VALUE!","10",NA,"",NA,"NA","","","NA","#VALUE!","WOHC.Final",10,10,20,1,16,17,69,58,60,64,0,0,64,62,0,90,3,NA,NA
96,31,1,"#VALUE!","10",NA,"",NA,"NA","","","NA","#VALUE!","WOHC.Final",10,10,20,22,2,24,69,43,81,35,1,0,56,58,0,90,3,NA,NA
96,32,1,"#VALUE!","10",NA,"",NA,"NA","","","NA","#VALUE!","WOHC.Final",10,10,20,19,4,23,69,43,78,37,1,0,56,58,0,90,3,NA,NA
96,33,1,"#VALUE!","10",NA,"",NA,"NA","","","NA","#VALUE!","WOHC.Final",10,10,20,16,6,22,69,43,75,39,1,0,56,57,0,90,3,NA,NA
96,34,1,"#VALUE!","10",NA,"",NA,"NA","","","NA","#VALUE!","WOHC.Final",10,10,20,13,8,21,69,43,72,41,1,0,56,57,0,90,3,NA,NA
96,35,1,"#VALUE!","10",NA,"",NA,"NA","","","NA","#VALUE!","WOHC.Final",10,10,20,7,12,19,69,43,66,45,1,0,56,56,0,90,3,NA,NA
96,36,1,"#VALUE!","10",NA,"",NA,"NA","","","NA","#VALUE!","WOHC.Final",10,10,20,4,14,18,69,43,63,47,1,0,56,55,0,90,3,NA,NA
96,37,1,"#VALUE!","10",NA,"",NA,"NA","","","NA","#VALUE!","WOHC.Final",10,10,20,1,16,17,69,43,60,49,1,0,56,55,0,90,3,NA,NA
96,41,1,"#VALUE!","10",NA,"",NA,"NA","","","NA","#VALUE!","WOHC.Final",10,10,20,22,2,24,69,33,81,25,0,1,51,53,0,90,3,NA,NA
96,42,1,"#VALUE!","10",NA,"",NA,"NA","","","NA","#VALUE!","WOHC.Final",10,10,20,19,4,23,69,33,78,27,0,1,51,53,0,90,3,NA,NA
96,43,1,"#VALUE!","10",NA,"",NA,"NA","","","NA","#VALUE!","WOHC.Final",10,10,20,16,6,22,69,33,75,29,0,1,51,52,0,90,3,NA,NA
96,44,1,"#VALUE!","10",NA,"",NA,"NA","","","NA","#VALUE!","WOHC.Final",10,10,20,13,8,21,69,33,72,31,0,1,51,52,0,90,3,NA,NA
96,45,1,"#VALUE!","10",NA,"",NA,"NA","","","NA","#VALUE!","WOHC.Final",10,10,20,7,12,19,69,33,66,35,0,1,51,51,0,90,3,NA,NA
96,46,1,"#VALUE!","10",NA,"",NA,"NA","","","NA","#VALUE!","WOHC.Final",10,10,20,4,14,18,69,33,63,37,0,1,51,50,0,90,3,NA,NA
96,47,1,"#VALUE!","10",NA,"",NA,"NA","","","NA","#VALUE!","WOHC.Final",10,10,20,1,16,17,69,33,60,39,0,1,51,50,0,90,3,NA,NA
97,21,1,"#VALUE!","9",NA,"",NA,"NA","","","NA","#VALUE!","WOHC.Final",10,10,20,22,2,24,69,58,81,50,0,0,64,66,0,80,10,NA,NA
97,22,1,"#VALUE!","9",NA,"",NA,"NA","","","NA","#VALUE!","WOHC.Final",10,10,20,19,4,23,69,58,78,52,0,0,64,65,0,80,10,NA,NA
97,23,1,"#VALUE!","9",NA,"",NA,"NA","","","NA","#VALUE!","WOHC.Final",10,10,20,16,6,22,69,58,75,54,0,0,64,65,0,80,10,NA,NA
97,24,1,"#VALUE!","9",NA,"",NA,"NA","","","NA","#VALUE!","WOHC.Final",10,10,20,13,8,21,69,58,72,56,0,0,64,64,0,80,10,NA,NA
97,25,1,"#VALUE!","9",NA,"",NA,"NA","","","NA","#VALUE!","WOHC.Final",10,10,20,7,12,19,69,58,66,60,0,0,64,63,0,80,10,NA,NA
97,26,1,"#VALUE!","9",NA,"",NA,"NA","","","NA","#VALUE!","WOHC.Final",10,10,20,4,14,18,69,58,63,62,0,0,64,63,0,80,10,NA,NA
97,27,1,"#VALUE!","9",NA,"",NA,"NA","","","NA","#VALUE!","WOHC.Final",10,10,20,1,16,17,69,58,60,64,0,0,64,62,0,80,10,NA,NA
97,31,1,"#VALUE!","9",NA,"",NA,"NA","","","NA","#VALUE!","WOHC.Final",10,10,20,22,2,24,69,43,81,35,1,0,56,58,0,80,10,NA,NA
97,32,1,"#VALUE!","9",NA,"",NA,"NA","","","NA","#VALUE!","WOHC.Final",10,10,20,19,4,23,69,43,78,37,1,0,56,58,0,80,10,NA,NA
97,33,1,"#VALUE!","9",NA,"",NA,"NA","","","NA","#VALUE!","WOHC.Final",10,10,20,16,6,22,69,43,75,39,1,0,56,57,0,80,10,NA,NA
97,34,1,"#VALUE!","9",NA,"",NA,"NA","","","NA","#VALUE!","WOHC.Final",10,10,20,13,8,21,69,43,72,41,1,0,56,57,0,80,10,NA,NA
97,35,1,"#VALUE!","9",NA,"",NA,"NA","","","NA","#VALUE!","WOHC.Final",10,10,20,7,12,19,69,43,66,45,1,0,56,56,0,80,10,NA,NA
97,36,1,"#VALUE!","9",NA,"",NA,"NA","","","NA","#VALUE!","WOHC.Final",10,10,20,4,14,18,69,43,63,47,1,0,56,55,0,80,10,NA,NA
97,37,1,"#VALUE!","9",NA,"",NA,"NA","","","NA","#VALUE!","WOHC.Final",10,10,20,1,16,17,69,43,60,49,1,0,56,55,0,80,10,NA,NA
97,41,1,"#VALUE!","9",NA,"",NA,"NA","","","NA","#VALUE!","WOHC.Final",10,10,20,22,2,24,69,33,81,25,0,1,51,53,0,80,10,NA,NA
97,42,1,"#VALUE!","9",NA,"",NA,"NA","","","NA","#VALUE!","WOHC.Final",10,10,20,19,4,23,69,33,78,27,0,1,51,53,0,80,10,NA,NA
97,43,1,"#VALUE!","9",NA,"",NA,"NA","","","NA","#VALUE!","WOHC.Final",10,10,20,16,6,22,69,33,75,29,0,1,51,52,0,80,10,NA,NA
97,44,1,"#VALUE!","9",NA,"",NA,"NA","","","NA","#VALUE!","WOHC.Final",10,10,20,13,8,21,69,33,72,31,0,1,51,52,0,80,10,NA,NA
97,45,1,"#VALUE!","9",NA,"",NA,"NA","","","NA","#VALUE!","WOHC.Final",10,10,20,7,12,19,69,33,66,35,0,1,51,51,0,80,10,NA,NA
97,46,1,"#VALUE!","9",NA,"",NA,"NA","","","NA","#VALUE!","WOHC.Final",10,10,20,4,14,18,69,33,63,37,0,1,51,50,0,80,10,NA,NA
97,47,1,"#VALUE!","9",NA,"",NA,"NA","","","NA","#VALUE!","WOHC.Final",10,10,20,1,16,17,69,33,60,39,0,1,51,50,0,80,10,NA,NA
98,21,1,"#VALUE!","",NA,"",NA,"NA","3","","NA","#VALUE!","Pilot",10,10,20,22,2,24,69,58,81,50,0,0,64,66,0,85,30,NA,NA
98,22,1,"#VALUE!","",NA,"",NA,"NA","3","","NA","#VALUE!","Pilot",10,10,20,19,4,23,69,58,78,52,0,0,64,65,0,85,30,NA,NA
98,23,1,"#VALUE!","",NA,"",NA,"NA","3","","NA","#VALUE!","Pilot",10,10,20,16,6,22,69,58,75,54,0,0,64,65,0,85,30,NA,NA
98,24,1,"#VALUE!","",NA,"",NA,"NA","3","","NA","#VALUE!","Pilot",10,10,20,13,8,21,69,58,72,56,0,0,64,64,0,85,30,NA,NA
98,25,1,"#VALUE!","",NA,"",NA,"NA","3","","NA","#VALUE!","Pilot",10,10,20,7,12,19,69,58,66,60,0,0,64,63,0,85,30,NA,NA
98,26,1,"#VALUE!","",NA,"",NA,"NA","3","","NA","#VALUE!","Pilot",10,10,20,4,14,18,69,58,63,62,0,0,64,63,0,85,30,NA,NA
98,27,1,"#VALUE!","",NA,"",NA,"NA","3","","NA","#VALUE!","Pilot",10,10,20,1,16,17,69,58,60,64,0,0,64,62,0,85,30,NA,NA
98,31,1,"#VALUE!","",NA,"",NA,"NA","3","","NA","#VALUE!","Pilot",10,10,20,22,2,24,69,43,81,35,1,0,56,58,0,85,30,NA,NA
98,32,1,"#VALUE!","",NA,"",NA,"NA","3","","NA","#VALUE!","Pilot",10,10,20,19,4,23,69,43,78,37,1,0,56,58,0,85,30,NA,NA
98,33,1,"#VALUE!","",NA,"",NA,"NA","3","","NA","#VALUE!","Pilot",10,10,20,16,6,22,69,43,75,39,1,0,56,57,0,85,30,NA,NA
98,34,1,"#VALUE!","",NA,"",NA,"NA","3","","NA","#VALUE!","Pilot",10,10,20,13,8,21,69,43,72,41,1,0,56,57,0,85,30,NA,NA
98,35,1,"#VALUE!","",NA,"",NA,"NA","3","","NA","#VALUE!","Pilot",10,10,20,7,12,19,69,43,66,45,1,0,56,56,0,85,30,NA,NA
98,36,1,"#VALUE!","",NA,"",NA,"NA","3","","NA","#VALUE!","Pilot",10,10,20,4,14,18,69,43,63,47,1,0,56,55,0,85,30,NA,NA
98,37,1,"#VALUE!","",NA,"",NA,"NA","3","","NA","#VALUE!","Pilot",10,10,20,1,16,17,69,43,60,49,1,0,56,55,0,85,30,NA,NA
98,41,1,"#VALUE!","",NA,"",NA,"NA","3","","NA","#VALUE!","Pilot",10,10,20,22,2,24,69,33,81,25,0,1,51,53,0,85,30,NA,NA
98,42,1,"#VALUE!","",NA,"",NA,"NA","3","","NA","#VALUE!","Pilot",10,10,20,19,4,23,69,33,78,27,0,1,51,53,0,85,30,NA,NA
98,43,1,"#VALUE!","",NA,"",NA,"NA","3","","NA","#VALUE!","Pilot",10,10,20,16,6,22,69,33,75,29,0,1,51,52,0,85,30,NA,NA
98,44,1,"#VALUE!","",NA,"",NA,"NA","3","","NA","#VALUE!","Pilot",10,10,20,13,8,21,69,33,72,31,0,1,51,52,0,85,30,NA,NA
98,45,1,"#VALUE!","",NA,"",NA,"NA","3","","NA","#VALUE!","Pilot",10,10,20,7,12,19,69,33,66,35,0,1,51,51,0,85,30,NA,NA
98,46,1,"#VALUE!","",NA,"",NA,"NA","3","","NA","#VALUE!","Pilot",10,10,20,4,14,18,69,33,63,37,0,1,51,50,0,85,30,NA,NA
98,47,1,"#VALUE!","",NA,"",NA,"NA","3","","NA","#VALUE!","Pilot",10,10,20,1,16,17,69,33,60,39,0,1,51,50,0,85,30,NA,NA
99,21,1,"#VALUE!","9",1,"6",4,"NA","3","10","NA","#VALUE!","Pilot",10,10,20,22,2,24,69,58,81,50,0,0,64,66,0,90,6,NA,NA
99,22,1,"#VALUE!","9",1,"6",4,"NA","3","10","NA","#VALUE!","Pilot",10,10,20,19,4,23,69,58,78,52,0,0,64,65,0,90,6,NA,NA
99,23,1,"#VALUE!","9",1,"6",4,"NA","3","10","NA","#VALUE!","Pilot",10,10,20,16,6,22,69,58,75,54,0,0,64,65,0,90,6,NA,NA
99,24,1,"#VALUE!","9",1,"6",4,"NA","3","10","NA","#VALUE!","Pilot",10,10,20,13,8,21,69,58,72,56,0,0,64,64,0,90,6,NA,NA
99,25,1,"#VALUE!","9",0,"6",4,"NA","3","10","NA","#VALUE!","Pilot",10,10,20,7,12,19,69,58,66,60,0,0,64,63,0,90,6,NA,NA
99,26,1,"#VALUE!","9",0,"6",4,"NA","3","10","NA","#VALUE!","Pilot",10,10,20,4,14,18,69,58,63,62,0,0,64,63,0,90,6,NA,NA
99,27,1,"#VALUE!","9",0,"6",4,"NA","3","10","NA","#VALUE!","Pilot",10,10,20,1,16,17,69,58,60,64,0,0,64,62,0,90,6,NA,NA
99,31,1,"#VALUE!","9",1,"6",4,"NA","3","10","NA","#VALUE!","Pilot",10,10,20,22,2,24,69,43,81,35,1,0,56,58,0,90,6,NA,NA
99,32,1,"#VALUE!","9",1,"6",4,"NA","3","10","NA","#VALUE!","Pilot",10,10,20,19,4,23,69,43,78,37,1,0,56,58,0,90,6,NA,NA
99,33,1,"#VALUE!","9",1,"6",4,"NA","3","10","NA","#VALUE!","Pilot",10,10,20,16,6,22,69,43,75,39,1,0,56,57,0,90,6,NA,NA
99,34,1,"#VALUE!","9",1,"6",4,"NA","3","10","NA","#VALUE!","Pilot",10,10,20,13,8,21,69,43,72,41,1,0,56,57,0,90,6,NA,NA
99,35,1,"#VALUE!","9",0,"6",4,"NA","3","10","NA","#VALUE!","Pilot",10,10,20,7,12,19,69,43,66,45,1,0,56,56,0,90,6,NA,NA
99,36,1,"#VALUE!","9",0,"6",4,"NA","3","10","NA","#VALUE!","Pilot",10,10,20,4,14,18,69,43,63,47,1,0,56,55,0,90,6,NA,NA
99,37,1,"#VALUE!","9",0,"6",4,"NA","3","10","NA","#VALUE!","Pilot",10,10,20,1,16,17,69,43,60,49,1,0,56,55,0,90,6,NA,NA
99,41,1,"#VALUE!","9",1,"6",4,"NA","3","10","NA","#VALUE!","Pilot",10,10,20,22,2,24,69,33,81,25,0,1,51,53,0,90,6,NA,NA
99,42,1,"#VALUE!","9",1,"6",4,"NA","3","10","NA","#VALUE!","Pilot",10,10,20,19,4,23,69,33,78,27,0,1,51,53,0,90,6,NA,NA
99,43,1,"#VALUE!","9",1,"6",4,"NA","3","10","NA","#VALUE!","Pilot",10,10,20,16,6,22,69,33,75,29,0,1,51,52,0,90,6,NA,NA
99,44,1,"#VALUE!","9",1,"6",4,"NA","3","10","NA","#VALUE!","Pilot",10,10,20,13,8,21,69,33,72,31,0,1,51,52,0,90,6,NA,NA
99,45,1,"#VALUE!","9",0,"6",4,"NA","3","10","NA","#VALUE!","Pilot",10,10,20,7,12,19,69,33,66,35,0,1,51,51,0,90,6,NA,NA
99,46,1,"#VALUE!","9",0,"6",4,"NA","3","10","NA","#VALUE!","Pilot",10,10,20,4,14,18,69,33,63,37,0,1,51,50,0,90,6,NA,NA
99,47,1,"#VALUE!","9",0,"6",4,"NA","3","10","NA","#VALUE!","Pilot",10,10,20,1,16,17,69,33,60,39,0,1,51,50,0,90,6,NA,NA
100,21,1,"#VALUE!","9",0,"1",3,"NA","1,2,3,8","9","NA","#VALUE!","Pilot",10,10,20,22,2,24,69,58,81,50,0,0,64,66,1,80,0,NA,NA
100,22,1,"#VALUE!","9",0,"1",3,"NA","1,2,3,8","9","NA","#VALUE!","Pilot",10,10,20,19,4,23,69,58,78,52,0,0,64,65,1,80,0,NA,NA
100,23,1,"#VALUE!","9",0,"1",3,"NA","1,2,3,8","9","NA","#VALUE!","Pilot",10,10,20,16,6,22,69,58,75,54,0,0,64,65,1,80,0,NA,NA
100,24,1,"#VALUE!","9",0,"1",3,"NA","1,2,3,8","9","NA","#VALUE!","Pilot",10,10,20,13,8,21,69,58,72,56,0,0,64,64,1,80,0,NA,NA
100,25,1,"#VALUE!","9",1,"1",3,"NA","1,2,3,8","9","NA","#VALUE!","Pilot",10,10,20,7,12,19,69,58,66,60,0,0,64,63,1,80,0,NA,NA
100,26,1,"#VALUE!","9",1,"1",3,"NA","1,2,3,8","9","NA","#VALUE!","Pilot",10,10,20,4,14,18,69,58,63,62,0,0,64,63,1,80,0,NA,NA
100,27,1,"#VALUE!","9",0,"1",3,"NA","1,2,3,8","9","NA","#VALUE!","Pilot",10,10,20,1,16,17,69,58,60,64,0,0,64,62,1,80,0,NA,NA
100,31,1,"#VALUE!","9",0,"1",3,"NA","1,2,3,8","9","NA","#VALUE!","Pilot",10,10,20,22,2,24,69,43,81,35,1,0,56,58,1,80,0,NA,NA
100,32,1,"#VALUE!","9",0,"1",3,"NA","1,2,3,8","9","NA","#VALUE!","Pilot",10,10,20,19,4,23,69,43,78,37,1,0,56,58,1,80,0,NA,NA
100,33,1,"#VALUE!","9",0,"1",3,"NA","1,2,3,8","9","NA","#VALUE!","Pilot",10,10,20,16,6,22,69,43,75,39,1,0,56,57,1,80,0,NA,NA
100,34,1,"#VALUE!","9",0,"1",3,"NA","1,2,3,8","9","NA","#VALUE!","Pilot",10,10,20,13,8,21,69,43,72,41,1,0,56,57,1,80,0,NA,NA
100,35,1,"#VALUE!","9",1,"1",3,"NA","1,2,3,8","9","NA","#VALUE!","Pilot",10,10,20,7,12,19,69,43,66,45,1,0,56,56,1,80,0,NA,NA
100,36,1,"#VALUE!","9",1,"1",3,"NA","1,2,3,8","9","NA","#VALUE!","Pilot",10,10,20,4,14,18,69,43,63,47,1,0,56,55,1,80,0,NA,NA
100,37,1,"#VALUE!","9",0,"1",3,"NA","1,2,3,8","9","NA","#VALUE!","Pilot",10,10,20,1,16,17,69,43,60,49,1,0,56,55,1,80,0,NA,NA
100,41,1,"#VALUE!","9",0,"1",3,"NA","1,2,3,8","9","NA","#VALUE!","Pilot",10,10,20,22,2,24,69,33,81,25,0,1,51,53,1,80,0,NA,NA
100,42,1,"#VALUE!","9",0,"1",3,"NA","1,2,3,8","9","NA","#VALUE!","Pilot",10,10,20,19,4,23,69,33,78,27,0,1,51,53,1,80,0,NA,NA
100,43,1,"#VALUE!","9",0,"1",3,"NA","1,2,3,8","9","NA","#VALUE!","Pilot",10,10,20,16,6,22,69,33,75,29,0,1,51,52,1,80,0,NA,NA
100,44,1,"#VALUE!","9",0,"1",3,"NA","1,2,3,8","9","NA","#VALUE!","Pilot",10,10,20,13,8,21,69,33,72,31,0,1,51,52,1,80,0,NA,NA
100,45,1,"#VALUE!","9",1,"1",3,"NA","1,2,3,8","9","NA","#VALUE!","Pilot",10,10,20,7,12,19,69,33,66,35,0,1,51,51,1,80,0,NA,NA
100,46,1,"#VALUE!","9",1,"1",3,"NA","1,2,3,8","9","NA","#VALUE!","Pilot",10,10,20,4,14,18,69,33,63,37,0,1,51,50,1,80,0,NA,NA
100,47,1,"#VALUE!","9",0,"1",3,"NA","1,2,3,8","9","NA","#VALUE!","Pilot",10,10,20,1,16,17,69,33,60,39,0,1,51,50,1,80,0,NA,NA
101,21,1,"#VALUE!","9",0,"2",7,"NA","1,3,8","30","NA","#VALUE!","Pilot",10,10,20,22,2,24,69,58,81,50,0,0,64,66,0,80,23,NA,NA
101,22,1,"#VALUE!","9",0,"2",7,"NA","1,3,8","30","NA","#VALUE!","Pilot",10,10,20,19,4,23,69,58,78,52,0,0,64,65,0,80,23,NA,NA
101,23,1,"#VALUE!","9",0,"2",7,"NA","1,3,8","30","NA","#VALUE!","Pilot",10,10,20,16,6,22,69,58,75,54,0,0,64,65,0,80,23,NA,NA
101,24,1,"#VALUE!","9",0,"2",7,"NA","1,3,8","30","NA","#VALUE!","Pilot",10,10,20,13,8,21,69,58,72,56,0,0,64,64,0,80,23,NA,NA
101,25,1,"#VALUE!","9",1,"2",7,"NA","1,3,8","30","NA","#VALUE!","Pilot",10,10,20,7,12,19,69,58,66,60,0,0,64,63,0,80,23,NA,NA
101,26,1,"#VALUE!","9",1,"2",7,"NA","1,3,8","30","NA","#VALUE!","Pilot",10,10,20,4,14,18,69,58,63,62,0,0,64,63,0,80,23,NA,NA
101,27,1,"#VALUE!","9",1,"2",7,"NA","1,3,8","30","NA","#VALUE!","Pilot",10,10,20,1,16,17,69,58,60,64,0,0,64,62,0,80,23,NA,NA
101,31,1,"#VALUE!","9",0,"2",7,"NA","1,3,8","30","NA","#VALUE!","Pilot",10,10,20,22,2,24,69,43,81,35,1,0,56,58,0,80,23,NA,NA
101,32,1,"#VALUE!","9",0,"2",7,"NA","1,3,8","30","NA","#VALUE!","Pilot",10,10,20,19,4,23,69,43,78,37,1,0,56,58,0,80,23,NA,NA
101,33,1,"#VALUE!","9",0,"2",7,"NA","1,3,8","30","NA","#VALUE!","Pilot",10,10,20,16,6,22,69,43,75,39,1,0,56,57,0,80,23,NA,NA
101,34,1,"#VALUE!","9",0,"2",7,"NA","1,3,8","30","NA","#VALUE!","Pilot",10,10,20,13,8,21,69,43,72,41,1,0,56,57,0,80,23,NA,NA
101,35,1,"#VALUE!","9",1,"2",7,"NA","1,3,8","30","NA","#VALUE!","Pilot",10,10,20,7,12,19,69,43,66,45,1,0,56,56,0,80,23,NA,NA
101,36,1,"#VALUE!","9",1,"2",7,"NA","1,3,8","30","NA","#VALUE!","Pilot",10,10,20,4,14,18,69,43,63,47,1,0,56,55,0,80,23,NA,NA
101,37,1,"#VALUE!","9",1,"2",7,"NA","1,3,8","30","NA","#VALUE!","Pilot",10,10,20,1,16,17,69,43,60,49,1,0,56,55,0,80,23,NA,NA
101,41,1,"#VALUE!","9",0,"2",7,"NA","1,3,8","30","NA","#VALUE!","Pilot",10,10,20,22,2,24,69,33,81,25,0,1,51,53,0,80,23,NA,NA
101,42,1,"#VALUE!","9",0,"2",7,"NA","1,3,8","30","NA","#VALUE!","Pilot",10,10,20,19,4,23,69,33,78,27,0,1,51,53,0,80,23,NA,NA
101,43,1,"#VALUE!","9",0,"2",7,"NA","1,3,8","30","NA","#VALUE!","Pilot",10,10,20,16,6,22,69,33,75,29,0,1,51,52,0,80,23,NA,NA
101,44,1,"#VALUE!","9",0,"2",7,"NA","1,3,8","30","NA","#VALUE!","Pilot",10,10,20,13,8,21,69,33,72,31,0,1,51,52,0,80,23,NA,NA
101,45,1,"#VALUE!","9",1,"2",7,"NA","1,3,8","30","NA","#VALUE!","Pilot",10,10,20,7,12,19,69,33,66,35,0,1,51,51,0,80,23,NA,NA
101,46,1,"#VALUE!","9",1,"2",7,"NA","1,3,8","30","NA","#VALUE!","Pilot",10,10,20,4,14,18,69,33,63,37,0,1,51,50,0,80,23,NA,NA
101,47,1,"#VALUE!","9",1,"2",7,"NA","1,3,8","30","NA","#VALUE!","Pilot",10,10,20,1,16,17,69,33,60,39,0,1,51,50,0,80,23,NA,NA
102,21,1,"#VALUE!","6",0,"1",2,"NA","2,3,8","1","NA","#VALUE!","Pilot",10,10,20,22,2,24,69,58,81,50,0,0,64,66,1,70,10,NA,NA
102,22,1,"#VALUE!","6",0,"1",2,"NA","2,3,8","1","NA","#VALUE!","Pilot",10,10,20,19,4,23,69,58,78,52,0,0,64,65,1,70,10,NA,NA
102,23,1,"#VALUE!","6",0,"1",2,"NA","2,3,8","1","NA","#VALUE!","Pilot",10,10,20,16,6,22,69,58,75,54,0,0,64,65,1,70,10,NA,NA
102,24,1,"#VALUE!","6",0,"1",2,"NA","2,3,8","1","NA","#VALUE!","Pilot",10,10,20,13,8,21,69,58,72,56,0,0,64,64,1,70,10,NA,NA
102,25,1,"#VALUE!","6",1,"1",2,"NA","2,3,8","1","NA","#VALUE!","Pilot",10,10,20,7,12,19,69,58,66,60,0,0,64,63,1,70,10,NA,NA
102,26,1,"#VALUE!","6",1,"1",2,"NA","2,3,8","1","NA","#VALUE!","Pilot",10,10,20,4,14,18,69,58,63,62,0,0,64,63,1,70,10,NA,NA
102,27,1,"#VALUE!","6",0,"1",2,"NA","2,3,8","1","NA","#VALUE!","Pilot",10,10,20,1,16,17,69,58,60,64,0,0,64,62,1,70,10,NA,NA
102,31,1,"#VALUE!","6",0,"1",2,"NA","2,3,8","1","NA","#VALUE!","Pilot",10,10,20,22,2,24,69,43,81,35,1,0,56,58,1,70,10,NA,NA
102,32,1,"#VALUE!","6",0,"1",2,"NA","2,3,8","1","NA","#VALUE!","Pilot",10,10,20,19,4,23,69,43,78,37,1,0,56,58,1,70,10,NA,NA
102,33,1,"#VALUE!","6",0,"1",2,"NA","2,3,8","1","NA","#VALUE!","Pilot",10,10,20,16,6,22,69,43,75,39,1,0,56,57,1,70,10,NA,NA
102,34,1,"#VALUE!","6",0,"1",2,"NA","2,3,8","1","NA","#VALUE!","Pilot",10,10,20,13,8,21,69,43,72,41,1,0,56,57,1,70,10,NA,NA
102,35,1,"#VALUE!","6",1,"1",2,"NA","2,3,8","1","NA","#VALUE!","Pilot",10,10,20,7,12,19,69,43,66,45,1,0,56,56,1,70,10,NA,NA
102,36,1,"#VALUE!","6",1,"1",2,"NA","2,3,8","1","NA","#VALUE!","Pilot",10,10,20,4,14,18,69,43,63,47,1,0,56,55,1,70,10,NA,NA
102,37,1,"#VALUE!","6",0,"1",2,"NA","2,3,8","1","NA","#VALUE!","Pilot",10,10,20,1,16,17,69,43,60,49,1,0,56,55,1,70,10,NA,NA
102,41,1,"#VALUE!","6",0,"1",2,"NA","2,3,8","1","NA","#VALUE!","Pilot",10,10,20,22,2,24,69,33,81,25,0,1,51,53,1,70,10,NA,NA
102,42,1,"#VALUE!","6",0,"1",2,"NA","2,3,8","1","NA","#VALUE!","Pilot",10,10,20,19,4,23,69,33,78,27,0,1,51,53,1,70,10,NA,NA
102,43,1,"#VALUE!","6",0,"1",2,"NA","2,3,8","1","NA","#VALUE!","Pilot",10,10,20,16,6,22,69,33,75,29,0,1,51,52,1,70,10,NA,NA
102,44,1,"#VALUE!","6",1,"1",2,"NA","2,3,8","1","NA","#VALUE!","Pilot",10,10,20,13,8,21,69,33,72,31,0,1,51,52,1,70,10,NA,NA
102,45,1,"#VALUE!","6",1,"1",2,"NA","2,3,8","1","NA","#VALUE!","Pilot",10,10,20,7,12,19,69,33,66,35,0,1,51,51,1,70,10,NA,NA
102,46,1,"#VALUE!","6",1,"1",2,"NA","2,3,8","1","NA","#VALUE!","Pilot",10,10,20,4,14,18,69,33,63,37,0,1,51,50,1,70,10,NA,NA
102,47,1,"#VALUE!","6",1,"1",2,"NA","2,3,8","1","NA","#VALUE!","Pilot",10,10,20,1,16,17,69,33,60,39,0,1,51,50,1,70,10,NA,NA
103,21,1,"#VALUE!","9",0,"PNS",NA,"NA","4","0","NA","#VALUE!","Pilot",10,10,20,22,2,24,69,58,81,50,0,0,64,66,0,85,20,NA,NA
103,22,1,"#VALUE!","9",0,"PNS",NA,"NA","4","0","NA","#VALUE!","Pilot",10,10,20,19,4,23,69,58,78,52,0,0,64,65,0,85,20,NA,NA
103,23,1,"#VALUE!","9",0,"PNS",NA,"NA","4","0","NA","#VALUE!","Pilot",10,10,20,16,6,22,69,58,75,54,0,0,64,65,0,85,20,NA,NA
103,24,1,"#VALUE!","9",0,"PNS",NA,"NA","4","0","NA","#VALUE!","Pilot",10,10,20,13,8,21,69,58,72,56,0,0,64,64,0,85,20,NA,NA
103,25,1,"#VALUE!","9",1,"PNS",NA,"NA","4","0","NA","#VALUE!","Pilot",10,10,20,7,12,19,69,58,66,60,0,0,64,63,0,85,20,NA,NA
103,26,1,"#VALUE!","9",0,"PNS",NA,"NA","4","0","NA","#VALUE!","Pilot",10,10,20,4,14,18,69,58,63,62,0,0,64,63,0,85,20,NA,NA
103,27,1,"#VALUE!","9",0,"PNS",NA,"NA","4","0","NA","#VALUE!","Pilot",10,10,20,1,16,17,69,58,60,64,0,0,64,62,0,85,20,NA,NA
103,31,1,"#VALUE!","9",0,"PNS",NA,"NA","4","0","NA","#VALUE!","Pilot",10,10,20,22,2,24,69,43,81,35,1,0,56,58,0,85,20,NA,NA
103,32,1,"#VALUE!","9",0,"PNS",NA,"NA","4","0","NA","#VALUE!","Pilot",10,10,20,19,4,23,69,43,78,37,1,0,56,58,0,85,20,NA,NA
103,33,1,"#VALUE!","9",0,"PNS",NA,"NA","4","0","NA","#VALUE!","Pilot",10,10,20,16,6,22,69,43,75,39,1,0,56,57,0,85,20,NA,NA
103,34,1,"#VALUE!","9",0,"PNS",NA,"NA","4","0","NA","#VALUE!","Pilot",10,10,20,13,8,21,69,43,72,41,1,0,56,57,0,85,20,NA,NA
103,35,1,"#VALUE!","9",1,"PNS",NA,"NA","4","0","NA","#VALUE!","Pilot",10,10,20,7,12,19,69,43,66,45,1,0,56,56,0,85,20,NA,NA
103,36,1,"#VALUE!","9",0,"PNS",NA,"NA","4","0","NA","#VALUE!","Pilot",10,10,20,4,14,18,69,43,63,47,1,0,56,55,0,85,20,NA,NA
103,37,1,"#VALUE!","9",0,"PNS",NA,"NA","4","0","NA","#VALUE!","Pilot",10,10,20,1,16,17,69,43,60,49,1,0,56,55,0,85,20,NA,NA
103,41,1,"#VALUE!","9",0,"PNS",NA,"NA","4","0","NA","#VALUE!","Pilot",10,10,20,22,2,24,69,33,81,25,0,1,51,53,0,85,20,NA,NA
103,42,1,"#VALUE!","9",0,"PNS",NA,"NA","4","0","NA","#VALUE!","Pilot",10,10,20,19,4,23,69,33,78,27,0,1,51,53,0,85,20,NA,NA
103,43,1,"#VALUE!","9",0,"PNS",NA,"NA","4","0","NA","#VALUE!","Pilot",10,10,20,16,6,22,69,33,75,29,0,1,51,52,0,85,20,NA,NA
103,44,1,"#VALUE!","9",0,"PNS",NA,"NA","4","0","NA","#VALUE!","Pilot",10,10,20,13,8,21,69,33,72,31,0,1,51,52,0,85,20,NA,NA
103,45,1,"#VALUE!","9",1,"PNS",NA,"NA","4","0","NA","#VALUE!","Pilot",10,10,20,7,12,19,69,33,66,35,0,1,51,51,0,85,20,NA,NA
103,46,1,"#VALUE!","9",0,"PNS",NA,"NA","4","0","NA","#VALUE!","Pilot",10,10,20,4,14,18,69,33,63,37,0,1,51,50,0,85,20,NA,NA
103,47,1,"#VALUE!","9",0,"PNS",NA,"NA","4","0","NA","#VALUE!","Pilot",10,10,20,1,16,17,69,33,60,39,0,1,51,50,0,85,20,NA,NA
104,21,1,"#VALUE!","9",0,"2",2,"NA","1,2,8","0","NA","#VALUE!","Pilot",10,10,20,22,2,24,69,58,81,50,0,0,64,66,0,80,1,NA,NA
104,22,1,"#VALUE!","9",0,"2",2,"NA","1,2,8","0","NA","#VALUE!","Pilot",10,10,20,19,4,23,69,58,78,52,0,0,64,65,0,80,1,NA,NA
104,23,1,"#VALUE!","9",0,"2",2,"NA","1,2,8","0","NA","#VALUE!","Pilot",10,10,20,16,6,22,69,58,75,54,0,0,64,65,0,80,1,NA,NA
104,24,1,"#VALUE!","9",0,"2",2,"NA","1,2,8","0","NA","#VALUE!","Pilot",10,10,20,13,8,21,69,58,72,56,0,0,64,64,0,80,1,NA,NA
104,25,1,"#VALUE!","9",1,"2",2,"NA","1,2,8","0","NA","#VALUE!","Pilot",10,10,20,7,12,19,69,58,66,60,0,0,64,63,0,80,1,NA,NA
104,26,1,"#VALUE!","9",1,"2",2,"NA","1,2,8","0","NA","#VALUE!","Pilot",10,10,20,4,14,18,69,58,63,62,0,0,64,63,0,80,1,NA,NA
104,27,1,"#VALUE!","9",1,"2",2,"NA","1,2,8","0","NA","#VALUE!","Pilot",10,10,20,1,16,17,69,58,60,64,0,0,64,62,0,80,1,NA,NA
104,31,1,"#VALUE!","9",0,"2",2,"NA","1,2,8","0","NA","#VALUE!","Pilot",10,10,20,22,2,24,69,43,81,35,1,0,56,58,0,80,1,NA,NA
104,32,1,"#VALUE!","9",0,"2",2,"NA","1,2,8","0","NA","#VALUE!","Pilot",10,10,20,19,4,23,69,43,78,37,1,0,56,58,0,80,1,NA,NA
104,33,1,"#VALUE!","9",0,"2",2,"NA","1,2,8","0","NA","#VALUE!","Pilot",10,10,20,16,6,22,69,43,75,39,1,0,56,57,0,80,1,NA,NA
104,34,1,"#VALUE!","9",0,"2",2,"NA","1,2,8","0","NA","#VALUE!","Pilot",10,10,20,13,8,21,69,43,72,41,1,0,56,57,0,80,1,NA,NA
104,35,1,"#VALUE!","9",1,"2",2,"NA","1,2,8","0","NA","#VALUE!","Pilot",10,10,20,7,12,19,69,43,66,45,1,0,56,56,0,80,1,NA,NA
104,36,1,"#VALUE!","9",1,"2",2,"NA","1,2,8","0","NA","#VALUE!","Pilot",10,10,20,4,14,18,69,43,63,47,1,0,56,55,0,80,1,NA,NA
104,37,1,"#VALUE!","9",1,"2",2,"NA","1,2,8","0","NA","#VALUE!","Pilot",10,10,20,1,16,17,69,43,60,49,1,0,56,55,0,80,1,NA,NA
104,41,1,"#VALUE!","9",0,"2",2,"NA","1,2,8","0","NA","#VALUE!","Pilot",10,10,20,22,2,24,69,33,81,25,0,1,51,53,0,80,1,NA,NA
104,42,1,"#VALUE!","9",0,"2",2,"NA","1,2,8","0","NA","#VALUE!","Pilot",10,10,20,19,4,23,69,33,78,27,0,1,51,53,0,80,1,NA,NA
104,43,1,"#VALUE!","9",0,"2",2,"NA","1,2,8","0","NA","#VALUE!","Pilot",10,10,20,16,6,22,69,33,75,29,0,1,51,52,0,80,1,NA,NA
104,44,1,"#VALUE!","9",0,"2",2,"NA","1,2,8","0","NA","#VALUE!","Pilot",10,10,20,13,8,21,69,33,72,31,0,1,51,52,0,80,1,NA,NA
104,45,1,"#VALUE!","9",1,"2",2,"NA","1,2,8","0","NA","#VALUE!","Pilot",10,10,20,7,12,19,69,33,66,35,0,1,51,51,0,80,1,NA,NA
104,46,1,"#VALUE!","9",1,"2",2,"NA","1,2,8","0","NA","#VALUE!","Pilot",10,10,20,4,14,18,69,33,63,37,0,1,51,50,0,80,1,NA,NA
104,47,1,"#VALUE!","9",1,"2",2,"NA","1,2,8","0","NA","#VALUE!","Pilot",10,10,20,1,16,17,69,33,60,39,0,1,51,50,0,80,1,NA,NA
105,21,1,"#VALUE!","10",0,"1",3,"NA","1","0","NA","#VALUE!","Pilot",10,10,20,22,2,24,69,58,81,50,0,0,64,66,1,80,20,NA,NA
105,22,1,"#VALUE!","10",0,"1",3,"NA","1","0","NA","#VALUE!","Pilot",10,10,20,19,4,23,69,58,78,52,0,0,64,65,1,80,20,NA,NA
105,23,1,"#VALUE!","10",0,"1",3,"NA","1","0","NA","#VALUE!","Pilot",10,10,20,16,6,22,69,58,75,54,0,0,64,65,1,80,20,NA,NA
105,24,1,"#VALUE!","10",0,"1",3,"NA","1","0","NA","#VALUE!","Pilot",10,10,20,13,8,21,69,58,72,56,0,0,64,64,1,80,20,NA,NA
105,25,1,"#VALUE!","10",1,"1",3,"NA","1","0","NA","#VALUE!","Pilot",10,10,20,7,12,19,69,58,66,60,0,0,64,63,1,80,20,NA,NA
105,26,1,"#VALUE!","10",1,"1",3,"NA","1","0","NA","#VALUE!","Pilot",10,10,20,4,14,18,69,58,63,62,0,0,64,63,1,80,20,NA,NA
105,27,1,"#VALUE!","10",0,"1",3,"NA","1","0","NA","#VALUE!","Pilot",10,10,20,1,16,17,69,58,60,64,0,0,64,62,1,80,20,NA,NA
105,31,1,"#VALUE!","10",0,"1",3,"NA","1","0","NA","#VALUE!","Pilot",10,10,20,22,2,24,69,43,81,35,1,0,56,58,1,80,20,NA,NA
105,32,1,"#VALUE!","10",0,"1",3,"NA","1","0","NA","#VALUE!","Pilot",10,10,20,19,4,23,69,43,78,37,1,0,56,58,1,80,20,NA,NA
105,33,1,"#VALUE!","10",0,"1",3,"NA","1","0","NA","#VALUE!","Pilot",10,10,20,16,6,22,69,43,75,39,1,0,56,57,1,80,20,NA,NA
105,34,1,"#VALUE!","10",0,"1",3,"NA","1","0","NA","#VALUE!","Pilot",10,10,20,13,8,21,69,43,72,41,1,0,56,57,1,80,20,NA,NA
105,35,1,"#VALUE!","10",1,"1",3,"NA","1","0","NA","#VALUE!","Pilot",10,10,20,7,12,19,69,43,66,45,1,0,56,56,1,80,20,NA,NA
105,36,1,"#VALUE!","10",1,"1",3,"NA","1","0","NA","#VALUE!","Pilot",10,10,20,4,14,18,69,43,63,47,1,0,56,55,1,80,20,NA,NA
105,37,1,"#VALUE!","10",1,"1",3,"NA","1","0","NA","#VALUE!","Pilot",10,10,20,1,16,17,69,43,60,49,1,0,56,55,1,80,20,NA,NA
105,41,1,"#VALUE!","10",0,"1",3,"NA","1","0","NA","#VALUE!","Pilot",10,10,20,22,2,24,69,33,81,25,0,1,51,53,1,80,20,NA,NA
105,42,1,"#VALUE!","10",0,"1",3,"NA","1","0","NA","#VALUE!","Pilot",10,10,20,19,4,23,69,33,78,27,0,1,51,53,1,80,20,NA,NA
105,43,1,"#VALUE!","10",0,"1",3,"NA","1","0","NA","#VALUE!","Pilot",10,10,20,16,6,22,69,33,75,29,0,1,51,52,1,80,20,NA,NA
105,44,1,"#VALUE!","10",0,"1",3,"NA","1","0","NA","#VALUE!","Pilot",10,10,20,13,8,21,69,33,72,31,0,1,51,52,1,80,20,NA,NA
105,45,1,"#VALUE!","10",1,"1",3,"NA","1","0","NA","#VALUE!","Pilot",10,10,20,7,12,19,69,33,66,35,0,1,51,51,1,80,20,NA,NA
105,46,1,"#VALUE!","10",1,"1",3,"NA","1","0","NA","#VALUE!","Pilot",10,10,20,4,14,18,69,33,63,37,0,1,51,50,1,80,20,NA,NA
105,47,1,"#VALUE!","10",1,"1",3,"NA","1","0","NA","#VALUE!","Pilot",10,10,20,1,16,17,69,33,60,39,0,1,51,50,1,80,20,NA,NA
106,21,1,"#VALUE!","9",0,"2",2,"NA","1,2,3,8","2","NA","#VALUE!","Pilot",10,10,20,22,2,24,69,58,81,50,0,0,64,66,0,90,20,NA,NA
106,22,1,"#VALUE!","9",0,"2",2,"NA","1,2,3,8","2","NA","#VALUE!","Pilot",10,10,20,19,4,23,69,58,78,52,0,0,64,65,0,90,20,NA,NA
106,23,1,"#VALUE!","9",0,"2",2,"NA","1,2,3,8","2","NA","#VALUE!","Pilot",10,10,20,16,6,22,69,58,75,54,0,0,64,65,0,90,20,NA,NA
106,24,1,"#VALUE!","9",0,"2",2,"NA","1,2,3,8","2","NA","#VALUE!","Pilot",10,10,20,13,8,21,69,58,72,56,0,0,64,64,0,90,20,NA,NA
106,25,1,"#VALUE!","9",1,"2",2,"NA","1,2,3,8","2","NA","#VALUE!","Pilot",10,10,20,7,12,19,69,58,66,60,0,0,64,63,0,90,20,NA,NA
106,26,1,"#VALUE!","9",1,"2",2,"NA","1,2,3,8","2","NA","#VALUE!","Pilot",10,10,20,4,14,18,69,58,63,62,0,0,64,63,0,90,20,NA,NA
106,27,1,"#VALUE!","9",0,"2",2,"NA","1,2,3,8","2","NA","#VALUE!","Pilot",10,10,20,1,16,17,69,58,60,64,0,0,64,62,0,90,20,NA,NA
106,31,1,"#VALUE!","9",0,"2",2,"NA","1,2,3,8","2","NA","#VALUE!","Pilot",10,10,20,22,2,24,69,43,81,35,1,0,56,58,0,90,20,NA,NA
106,32,1,"#VALUE!","9",0,"2",2,"NA","1,2,3,8","2","NA","#VALUE!","Pilot",10,10,20,19,4,23,69,43,78,37,1,0,56,58,0,90,20,NA,NA
106,33,1,"#VALUE!","9",0,"2",2,"NA","1,2,3,8","2","NA","#VALUE!","Pilot",10,10,20,16,6,22,69,43,75,39,1,0,56,57,0,90,20,NA,NA
106,34,1,"#VALUE!","9",0,"2",2,"NA","1,2,3,8","2","NA","#VALUE!","Pilot",10,10,20,13,8,21,69,43,72,41,1,0,56,57,0,90,20,NA,NA
106,35,1,"#VALUE!","9",1,"2",2,"NA","1,2,3,8","2","NA","#VALUE!","Pilot",10,10,20,7,12,19,69,43,66,45,1,0,56,56,0,90,20,NA,NA
106,36,1,"#VALUE!","9",1,"2",2,"NA","1,2,3,8","2","NA","#VALUE!","Pilot",10,10,20,4,14,18,69,43,63,47,1,0,56,55,0,90,20,NA,NA
106,37,1,"#VALUE!","9",0,"2",2,"NA","1,2,3,8","2","NA","#VALUE!","Pilot",10,10,20,1,16,17,69,43,60,49,1,0,56,55,0,90,20,NA,NA
106,41,1,"#VALUE!","9",0,"2",2,"NA","1,2,3,8","2","NA","#VALUE!","Pilot",10,10,20,22,2,24,69,33,81,25,0,1,51,53,0,90,20,NA,NA
106,42,1,"#VALUE!","9",0,"2",2,"NA","1,2,3,8","2","NA","#VALUE!","Pilot",10,10,20,19,4,23,69,33,78,27,0,1,51,53,0,90,20,NA,NA
106,43,1,"#VALUE!","9",0,"2",2,"NA","1,2,3,8","2","NA","#VALUE!","Pilot",10,10,20,16,6,22,69,33,75,29,0,1,51,52,0,90,20,NA,NA
106,44,1,"#VALUE!","9",0,"2",2,"NA","1,2,3,8","2","NA","#VALUE!","Pilot",10,10,20,13,8,21,69,33,72,31,0,1,51,52,0,90,20,NA,NA
106,45,1,"#VALUE!","9",1,"2",2,"NA","1,2,3,8","2","NA","#VALUE!","Pilot",10,10,20,7,12,19,69,33,66,35,0,1,51,51,0,90,20,NA,NA
106,46,1,"#VALUE!","9",1,"2",2,"NA","1,2,3,8","2","NA","#VALUE!","Pilot",10,10,20,4,14,18,69,33,63,37,0,1,51,50,0,90,20,NA,NA
106,47,1,"#VALUE!","9",0,"2",2,"NA","1,2,3,8","2","NA","#VALUE!","Pilot",10,10,20,1,16,17,69,33,60,39,0,1,51,50,0,90,20,NA,NA
107,21,1,"#VALUE!","9",0,"1",4,"NA","8","","NA","#VALUE!","Pilot",10,10,20,22,2,24,69,58,81,50,0,0,64,66,1,NA,15,NA,NA
107,22,1,"#VALUE!","9",0,"1",4,"NA","8","","NA","#VALUE!","Pilot",10,10,20,19,4,23,69,58,78,52,0,0,64,65,1,NA,15,NA,NA
107,23,1,"#VALUE!","9",0,"1",4,"NA","8","","NA","#VALUE!","Pilot",10,10,20,16,6,22,69,58,75,54,0,0,64,65,1,NA,15,NA,NA
107,24,1,"#VALUE!","9",0,"1",4,"NA","8","","NA","#VALUE!","Pilot",10,10,20,13,8,21,69,58,72,56,0,0,64,64,1,NA,15,NA,NA
107,25,1,"#VALUE!","9",0,"1",4,"NA","8","","NA","#VALUE!","Pilot",10,10,20,7,12,19,69,58,66,60,0,0,64,63,1,NA,15,NA,NA
107,26,1,"#VALUE!","9",0,"1",4,"NA","8","","NA","#VALUE!","Pilot",10,10,20,4,14,18,69,58,63,62,0,0,64,63,1,NA,15,NA,NA
107,27,1,"#VALUE!","9",0,"1",4,"NA","8","","NA","#VALUE!","Pilot",10,10,20,1,16,17,69,58,60,64,0,0,64,62,1,NA,15,NA,NA
107,31,1,"#VALUE!","9",0,"1",4,"NA","8","","NA","#VALUE!","Pilot",10,10,20,22,2,24,69,43,81,35,1,0,56,58,1,NA,15,NA,NA
107,32,1,"#VALUE!","9",0,"1",4,"NA","8","","NA","#VALUE!","Pilot",10,10,20,19,4,23,69,43,78,37,1,0,56,58,1,NA,15,NA,NA
107,33,1,"#VALUE!","9",0,"1",4,"NA","8","","NA","#VALUE!","Pilot",10,10,20,16,6,22,69,43,75,39,1,0,56,57,1,NA,15,NA,NA
107,34,1,"#VALUE!","9",1,"1",4,"NA","8","","NA","#VALUE!","Pilot",10,10,20,13,8,21,69,43,72,41,1,0,56,57,1,NA,15,NA,NA
107,35,1,"#VALUE!","9",1,"1",4,"NA","8","","NA","#VALUE!","Pilot",10,10,20,7,12,19,69,43,66,45,1,0,56,56,1,NA,15,NA,NA
107,36,1,"#VALUE!","9",0,"1",4,"NA","8","","NA","#VALUE!","Pilot",10,10,20,4,14,18,69,43,63,47,1,0,56,55,1,NA,15,NA,NA
107,37,1,"#VALUE!","9",1,"1",4,"NA","8","","NA","#VALUE!","Pilot",10,10,20,1,16,17,69,43,60,49,1,0,56,55,1,NA,15,NA,NA
107,41,1,"#VALUE!","9",0,"1",4,"NA","8","","NA","#VALUE!","Pilot",10,10,20,22,2,24,69,33,81,25,0,1,51,53,1,NA,15,NA,NA
107,42,1,"#VALUE!","9",0,"1",4,"NA","8","","NA","#VALUE!","Pilot",10,10,20,19,4,23,69,33,78,27,0,1,51,53,1,NA,15,NA,NA
107,43,1,"#VALUE!","9",0,"1",4,"NA","8","","NA","#VALUE!","Pilot",10,10,20,16,6,22,69,33,75,29,0,1,51,52,1,NA,15,NA,NA
107,44,1,"#VALUE!","9",0,"1",4,"NA","8","","NA","#VALUE!","Pilot",10,10,20,13,8,21,69,33,72,31,0,1,51,52,1,NA,15,NA,NA
107,45,1,"#VALUE!","9",1,"1",4,"NA","8","","NA","#VALUE!","Pilot",10,10,20,7,12,19,69,33,66,35,0,1,51,51,1,NA,15,NA,NA
107,46,1,"#VALUE!","9",1,"1",4,"NA","8","","NA","#VALUE!","Pilot",10,10,20,4,14,18,69,33,63,37,0,1,51,50,1,NA,15,NA,NA
107,47,1,"#VALUE!","9",0,"1",4,"NA","8","","NA","#VALUE!","Pilot",10,10,20,1,16,17,69,33,60,39,0,1,51,50,1,NA,15,NA,NA
108,21,1,"#VALUE!","9",0,"2",3,"NA","8","","NA","#VALUE!","Pilot",10,10,20,22,2,24,69,58,81,50,0,0,64,66,0,90,12,NA,NA
108,22,1,"#VALUE!","9",0,"2",3,"NA","8","","NA","#VALUE!","Pilot",10,10,20,19,4,23,69,58,78,52,0,0,64,65,0,90,12,NA,NA
108,23,1,"#VALUE!","9",0,"2",3,"NA","8","","NA","#VALUE!","Pilot",10,10,20,16,6,22,69,58,75,54,0,0,64,65,0,90,12,NA,NA
108,24,1,"#VALUE!","9",0,"2",3,"NA","8","","NA","#VALUE!","Pilot",10,10,20,13,8,21,69,58,72,56,0,0,64,64,0,90,12,NA,NA
108,25,1,"#VALUE!","9",1,"2",3,"NA","8","","NA","#VALUE!","Pilot",10,10,20,7,12,19,69,58,66,60,0,0,64,63,0,90,12,NA,NA
108,26,1,"#VALUE!","9",1,"2",3,"NA","8","","NA","#VALUE!","Pilot",10,10,20,4,14,18,69,58,63,62,0,0,64,63,0,90,12,NA,NA
108,27,1,"#VALUE!","9",0,"2",3,"NA","8","","NA","#VALUE!","Pilot",10,10,20,1,16,17,69,58,60,64,0,0,64,62,0,90,12,NA,NA
108,31,1,"#VALUE!","9",0,"2",3,"NA","8","","NA","#VALUE!","Pilot",10,10,20,22,2,24,69,43,81,35,1,0,56,58,0,90,12,NA,NA
108,32,1,"#VALUE!","9",0,"2",3,"NA","8","","NA","#VALUE!","Pilot",10,10,20,19,4,23,69,43,78,37,1,0,56,58,0,90,12,NA,NA
108,33,1,"#VALUE!","9",0,"2",3,"NA","8","","NA","#VALUE!","Pilot",10,10,20,16,6,22,69,43,75,39,1,0,56,57,0,90,12,NA,NA
108,34,1,"#VALUE!","9",0,"2",3,"NA","8","","NA","#VALUE!","Pilot",10,10,20,13,8,21,69,43,72,41,1,0,56,57,0,90,12,NA,NA
108,35,1,"#VALUE!","9",1,"2",3,"NA","8","","NA","#VALUE!","Pilot",10,10,20,7,12,19,69,43,66,45,1,0,56,56,0,90,12,NA,NA
108,36,1,"#VALUE!","9",1,"2",3,"NA","8","","NA","#VALUE!","Pilot",10,10,20,4,14,18,69,43,63,47,1,0,56,55,0,90,12,NA,NA
108,37,1,"#VALUE!","9",1,"2",3,"NA","8","","NA","#VALUE!","Pilot",10,10,20,1,16,17,69,43,60,49,1,0,56,55,0,90,12,NA,NA
108,41,1,"#VALUE!","9",0,"2",3,"NA","8","","NA","#VALUE!","Pilot",10,10,20,22,2,24,69,33,81,25,0,1,51,53,0,90,12,NA,NA
108,42,1,"#VALUE!","9",0,"2",3,"NA","8","","NA","#VALUE!","Pilot",10,10,20,19,4,23,69,33,78,27,0,1,51,53,0,90,12,NA,NA
108,43,1,"#VALUE!","9",0,"2",3,"NA","8","","NA","#VALUE!","Pilot",10,10,20,16,6,22,69,33,75,29,0,1,51,52,0,90,12,NA,NA
108,44,1,"#VALUE!","9",0,"2",3,"NA","8","","NA","#VALUE!","Pilot",10,10,20,13,8,21,69,33,72,31,0,1,51,52,0,90,12,NA,NA
108,45,1,"#VALUE!","9",1,"2",3,"NA","8","","NA","#VALUE!","Pilot",10,10,20,7,12,19,69,33,66,35,0,1,51,51,0,90,12,NA,NA
108,46,1,"#VALUE!","9",1,"2",3,"NA","8","","NA","#VALUE!","Pilot",10,10,20,4,14,18,69,33,63,37,0,1,51,50,0,90,12,NA,NA
108,47,1,"#VALUE!","9",1,"2",3,"NA","8","","NA","#VALUE!","Pilot",10,10,20,1,16,17,69,33,60,39,0,1,51,50,0,90,12,NA,NA
109,21,1,"#VALUE!","10",1,"2",5,"NA","2,8,4","1","NA","#VALUE!","Pilot",10,10,20,22,2,24,69,58,81,50,0,0,64,66,0,50,10,NA,NA
109,22,1,"#VALUE!","10",1,"2",5,"NA","2,8,4","1","NA","#VALUE!","Pilot",10,10,20,19,4,23,69,58,78,52,0,0,64,65,0,50,10,NA,NA
109,23,1,"#VALUE!","10",1,"2",5,"NA","2,8,4","1","NA","#VALUE!","Pilot",10,10,20,16,6,22,69,58,75,54,0,0,64,65,0,50,10,NA,NA
109,24,1,"#VALUE!","10",1,"2",5,"NA","2,8,4","1","NA","#VALUE!","Pilot",10,10,20,13,8,21,69,58,72,56,0,0,64,64,0,50,10,NA,NA
109,25,1,"#VALUE!","10",1,"2",5,"NA","2,8,4","1","NA","#VALUE!","Pilot",10,10,20,7,12,19,69,58,66,60,0,0,64,63,0,50,10,NA,NA
109,26,1,"#VALUE!","10",1,"2",5,"NA","2,8,4","1","NA","#VALUE!","Pilot",10,10,20,4,14,18,69,58,63,62,0,0,64,63,0,50,10,NA,NA
109,27,1,"#VALUE!","10",1,"2",5,"NA","2,8,4","1","NA","#VALUE!","Pilot",10,10,20,1,16,17,69,58,60,64,0,0,64,62,0,50,10,NA,NA
109,31,1,"#VALUE!","10",1,"2",5,"NA","2,8,4","1","NA","#VALUE!","Pilot",10,10,20,22,2,24,69,43,81,35,1,0,56,58,0,50,10,NA,NA
109,32,1,"#VALUE!","10",1,"2",5,"NA","2,8,4","1","NA","#VALUE!","Pilot",10,10,20,19,4,23,69,43,78,37,1,0,56,58,0,50,10,NA,NA
109,33,1,"#VALUE!","10",1,"2",5,"NA","2,8,4","1","NA","#VALUE!","Pilot",10,10,20,16,6,22,69,43,75,39,1,0,56,57,0,50,10,NA,NA
109,34,1,"#VALUE!","10",1,"2",5,"NA","2,8,4","1","NA","#VALUE!","Pilot",10,10,20,13,8,21,69,43,72,41,1,0,56,57,0,50,10,NA,NA
109,35,1,"#VALUE!","10",1,"2",5,"NA","2,8,4","1","NA","#VALUE!","Pilot",10,10,20,7,12,19,69,43,66,45,1,0,56,56,0,50,10,NA,NA
109,36,1,"#VALUE!","10",1,"2",5,"NA","2,8,4","1","NA","#VALUE!","Pilot",10,10,20,4,14,18,69,43,63,47,1,0,56,55,0,50,10,NA,NA
109,37,1,"#VALUE!","10",1,"2",5,"NA","2,8,4","1","NA","#VALUE!","Pilot",10,10,20,1,16,17,69,43,60,49,1,0,56,55,0,50,10,NA,NA
109,41,1,"#VALUE!","10",1,"2",5,"NA","2,8,4","1","NA","#VALUE!","Pilot",10,10,20,22,2,24,69,33,81,25,0,1,51,53,0,50,10,NA,NA
109,42,1,"#VALUE!","10",1,"2",5,"NA","2,8,4","1","NA","#VALUE!","Pilot",10,10,20,19,4,23,69,33,78,27,0,1,51,53,0,50,10,NA,NA
109,43,1,"#VALUE!","10",1,"2",5,"NA","2,8,4","1","NA","#VALUE!","Pilot",10,10,20,16,6,22,69,33,75,29,0,1,51,52,0,50,10,NA,NA
109,44,1,"#VALUE!","10",1,"2",5,"NA","2,8,4","1","NA","#VALUE!","Pilot",10,10,20,13,8,21,69,33,72,31,0,1,51,52,0,50,10,NA,NA
109,45,1,"#VALUE!","10",1,"2",5,"NA","2,8,4","1","NA","#VALUE!","Pilot",10,10,20,7,12,19,69,33,66,35,0,1,51,51,0,50,10,NA,NA
109,46,1,"#VALUE!","10",1,"2",5,"NA","2,8,4","1","NA","#VALUE!","Pilot",10,10,20,4,14,18,69,33,63,37,0,1,51,50,0,50,10,NA,NA
109,47,1,"#VALUE!","10",1,"2",5,"NA","2,8,4","1","NA","#VALUE!","Pilot",10,10,20,1,16,17,69,33,60,39,0,1,51,50,0,50,10,NA,NA
110,21,1,"#VALUE!","",NA,"",NA,"NA","","","NA","#VALUE!","Pilot",10,10,20,22,2,24,69,58,81,50,0,0,64,66,1,80,20,NA,NA
110,22,1,"#VALUE!","",NA,"",NA,"NA","","","NA","#VALUE!","Pilot",10,10,20,19,4,23,69,58,78,52,0,0,64,65,1,80,20,NA,NA
110,23,1,"#VALUE!","",NA,"",NA,"NA","","","NA","#VALUE!","Pilot",10,10,20,16,6,22,69,58,75,54,0,0,64,65,1,80,20,NA,NA
110,24,1,"#VALUE!","",NA,"",NA,"NA","","","NA","#VALUE!","Pilot",10,10,20,13,8,21,69,58,72,56,0,0,64,64,1,80,20,NA,NA
110,25,1,"#VALUE!","",NA,"",NA,"NA","","","NA","#VALUE!","Pilot",10,10,20,7,12,19,69,58,66,60,0,0,64,63,1,80,20,NA,NA
110,26,1,"#VALUE!","",NA,"",NA,"NA","","","NA","#VALUE!","Pilot",10,10,20,4,14,18,69,58,63,62,0,0,64,63,1,80,20,NA,NA
110,27,1,"#VALUE!","",NA,"",NA,"NA","","","NA","#VALUE!","Pilot",10,10,20,1,16,17,69,58,60,64,0,0,64,62,1,80,20,NA,NA
110,31,1,"#VALUE!","",NA,"",NA,"NA","","","NA","#VALUE!","Pilot",10,10,20,22,2,24,69,43,81,35,1,0,56,58,1,80,20,NA,NA
110,32,1,"#VALUE!","",NA,"",NA,"NA","","","NA","#VALUE!","Pilot",10,10,20,19,4,23,69,43,78,37,1,0,56,58,1,80,20,NA,NA
110,33,1,"#VALUE!","",NA,"",NA,"NA","","","NA","#VALUE!","Pilot",10,10,20,16,6,22,69,43,75,39,1,0,56,57,1,80,20,NA,NA
110,34,1,"#VALUE!","",NA,"",NA,"NA","","","NA","#VALUE!","Pilot",10,10,20,13,8,21,69,43,72,41,1,0,56,57,1,80,20,NA,NA
110,35,1,"#VALUE!","",NA,"",NA,"NA","","","NA","#VALUE!","Pilot",10,10,20,7,12,19,69,43,66,45,1,0,56,56,1,80,20,NA,NA
110,36,1,"#VALUE!","",NA,"",NA,"NA","","","NA","#VALUE!","Pilot",10,10,20,4,14,18,69,43,63,47,1,0,56,55,1,80,20,NA,NA
110,37,1,"#VALUE!","",NA,"",NA,"NA","","","NA","#VALUE!","Pilot",10,10,20,1,16,17,69,43,60,49,1,0,56,55,1,80,20,NA,NA
110,41,1,"#VALUE!","",NA,"",NA,"NA","","","NA","#VALUE!","Pilot",10,10,20,22,2,24,69,33,81,25,0,1,51,53,1,80,20,NA,NA
110,42,1,"#VALUE!","",NA,"",NA,"NA","","","NA","#VALUE!","Pilot",10,10,20,19,4,23,69,33,78,27,0,1,51,53,1,80,20,NA,NA
110,43,1,"#VALUE!","",NA,"",NA,"NA","","","NA","#VALUE!","Pilot",10,10,20,16,6,22,69,33,75,29,0,1,51,52,1,80,20,NA,NA
110,44,1,"#VALUE!","",NA,"",NA,"NA","","","NA","#VALUE!","Pilot",10,10,20,13,8,21,69,33,72,31,0,1,51,52,1,80,20,NA,NA
110,45,1,"#VALUE!","",NA,"",NA,"NA","","","NA","#VALUE!","Pilot",10,10,20,7,12,19,69,33,66,35,0,1,51,51,1,80,20,NA,NA
110,46,1,"#VALUE!","",NA,"",NA,"NA","","","NA","#VALUE!","Pilot",10,10,20,4,14,18,69,33,63,37,0,1,51,50,1,80,20,NA,NA
110,47,1,"#VALUE!","",NA,"",NA,"NA","","","NA","#VALUE!","Pilot",10,10,20,1,16,17,69,33,60,39,0,1,51,50,1,80,20,NA,NA
111,21,1,"#VALUE!","9",NA,"",NA,"NA","","","NA","#VALUE!","Pilot",10,10,20,22,2,24,69,58,81,50,0,0,64,66,0,80,28,NA,NA
111,22,1,"#VALUE!","9",NA,"",NA,"NA","","","NA","#VALUE!","Pilot",10,10,20,19,4,23,69,58,78,52,0,0,64,65,0,80,28,NA,NA
111,23,1,"#VALUE!","9",NA,"",NA,"NA","","","NA","#VALUE!","Pilot",10,10,20,16,6,22,69,58,75,54,0,0,64,65,0,80,28,NA,NA
111,24,1,"#VALUE!","9",NA,"",NA,"NA","","","NA","#VALUE!","Pilot",10,10,20,13,8,21,69,58,72,56,0,0,64,64,0,80,28,NA,NA
111,25,1,"#VALUE!","9",NA,"",NA,"NA","","","NA","#VALUE!","Pilot",10,10,20,7,12,19,69,58,66,60,0,0,64,63,0,80,28,NA,NA
111,26,1,"#VALUE!","9",NA,"",NA,"NA","","","NA","#VALUE!","Pilot",10,10,20,4,14,18,69,58,63,62,0,0,64,63,0,80,28,NA,NA
111,27,1,"#VALUE!","9",NA,"",NA,"NA","","","NA","#VALUE!","Pilot",10,10,20,1,16,17,69,58,60,64,0,0,64,62,0,80,28,NA,NA
111,31,1,"#VALUE!","9",NA,"",NA,"NA","","","NA","#VALUE!","Pilot",10,10,20,22,2,24,69,43,81,35,1,0,56,58,0,80,28,NA,NA
111,32,1,"#VALUE!","9",NA,"",NA,"NA","","","NA","#VALUE!","Pilot",10,10,20,19,4,23,69,43,78,37,1,0,56,58,0,80,28,NA,NA
111,33,1,"#VALUE!","9",NA,"",NA,"NA","","","NA","#VALUE!","Pilot",10,10,20,16,6,22,69,43,75,39,1,0,56,57,0,80,28,NA,NA
111,34,1,"#VALUE!","9",NA,"",NA,"NA","","","NA","#VALUE!","Pilot",10,10,20,13,8,21,69,43,72,41,1,0,56,57,0,80,28,NA,NA
111,35,1,"#VALUE!","9",NA,"",NA,"NA","","","NA","#VALUE!","Pilot",10,10,20,7,12,19,69,43,66,45,1,0,56,56,0,80,28,NA,NA
111,36,1,"#VALUE!","9",NA,"",NA,"NA","","","NA","#VALUE!","Pilot",10,10,20,4,14,18,69,43,63,47,1,0,56,55,0,80,28,NA,NA
111,37,1,"#VALUE!","9",NA,"",NA,"NA","","","NA","#VALUE!","Pilot",10,10,20,1,16,17,69,43,60,49,1,0,56,55,0,80,28,NA,NA
111,41,1,"#VALUE!","9",NA,"",NA,"NA","","","NA","#VALUE!","Pilot",10,10,20,22,2,24,69,33,81,25,0,1,51,53,0,80,28,NA,NA
111,42,1,"#VALUE!","9",NA,"",NA,"NA","","","NA","#VALUE!","Pilot",10,10,20,19,4,23,69,33,78,27,0,1,51,53,0,80,28,NA,NA
111,43,1,"#VALUE!","9",NA,"",NA,"NA","","","NA","#VALUE!","Pilot",10,10,20,16,6,22,69,33,75,29,0,1,51,52,0,80,28,NA,NA
111,44,1,"#VALUE!","9",NA,"",NA,"NA","","","NA","#VALUE!","Pilot",10,10,20,13,8,21,69,33,72,31,0,1,51,52,0,80,28,NA,NA
111,45,1,"#VALUE!","9",NA,"",NA,"NA","","","NA","#VALUE!","Pilot",10,10,20,7,12,19,69,33,66,35,0,1,51,51,0,80,28,NA,NA
111,46,1,"#VALUE!","9",NA,"",NA,"NA","","","NA","#VALUE!","Pilot",10,10,20,4,14,18,69,33,63,37,0,1,51,50,0,80,28,NA,NA
111,47,1,"#VALUE!","9",NA,"",NA,"NA","","","NA","#VALUE!","Pilot",10,10,20,1,16,17,69,33,60,39,0,1,51,50,0,80,28,NA,NA
112,21,1,"#VALUE!","10",NA,"",NA,"NA","","","NA","#VALUE!","Pilot",10,10,20,22,2,24,69,58,81,50,0,0,64,66,0,80,30,NA,NA
112,22,1,"#VALUE!","10",NA,"",NA,"NA","","","NA","#VALUE!","Pilot",10,10,20,19,4,23,69,58,78,52,0,0,64,65,0,80,30,NA,NA
112,23,1,"#VALUE!","10",NA,"",NA,"NA","","","NA","#VALUE!","Pilot",10,10,20,16,6,22,69,58,75,54,0,0,64,65,0,80,30,NA,NA
112,24,1,"#VALUE!","10",NA,"",NA,"NA","","","NA","#VALUE!","Pilot",10,10,20,13,8,21,69,58,72,56,0,0,64,64,0,80,30,NA,NA
112,25,1,"#VALUE!","10",NA,"",NA,"NA","","","NA","#VALUE!","Pilot",10,10,20,7,12,19,69,58,66,60,0,0,64,63,0,80,30,NA,NA
112,26,1,"#VALUE!","10",NA,"",NA,"NA","","","NA","#VALUE!","Pilot",10,10,20,4,14,18,69,58,63,62,0,0,64,63,0,80,30,NA,NA
112,27,1,"#VALUE!","10",NA,"",NA,"NA","","","NA","#VALUE!","Pilot",10,10,20,1,16,17,69,58,60,64,0,0,64,62,0,80,30,NA,NA
112,31,1,"#VALUE!","10",NA,"",NA,"NA","","","NA","#VALUE!","Pilot",10,10,20,22,2,24,69,43,81,35,1,0,56,58,0,80,30,NA,NA
112,32,1,"#VALUE!","10",NA,"",NA,"NA","","","NA","#VALUE!","Pilot",10,10,20,19,4,23,69,43,78,37,1,0,56,58,0,80,30,NA,NA
112,33,1,"#VALUE!","10",NA,"",NA,"NA","","","NA","#VALUE!","Pilot",10,10,20,16,6,22,69,43,75,39,1,0,56,57,0,80,30,NA,NA
112,34,1,"#VALUE!","10",NA,"",NA,"NA","","","NA","#VALUE!","Pilot",10,10,20,13,8,21,69,43,72,41,1,0,56,57,0,80,30,NA,NA
112,35,1,"#VALUE!","10",NA,"",NA,"NA","","","NA","#VALUE!","Pilot",10,10,20,7,12,19,69,43,66,45,1,0,56,56,0,80,30,NA,NA
112,36,1,"#VALUE!","10",NA,"",NA,"NA","","","NA","#VALUE!","Pilot",10,10,20,4,14,18,69,43,63,47,1,0,56,55,0,80,30,NA,NA
112,37,1,"#VALUE!","10",NA,"",NA,"NA","","","NA","#VALUE!","Pilot",10,10,20,1,16,17,69,43,60,49,1,0,56,55,0,80,30,NA,NA
112,41,1,"#VALUE!","10",NA,"",NA,"NA","","","NA","#VALUE!","Pilot",10,10,20,22,2,24,69,33,81,25,0,1,51,53,0,80,30,NA,NA
112,42,1,"#VALUE!","10",NA,"",NA,"NA","","","NA","#VALUE!","Pilot",10,10,20,19,4,23,69,33,78,27,0,1,51,53,0,80,30,NA,NA
112,43,1,"#VALUE!","10",NA,"",NA,"NA","","","NA","#VALUE!","Pilot",10,10,20,16,6,22,69,33,75,29,0,1,51,52,0,80,30,NA,NA
112,44,1,"#VALUE!","10",NA,"",NA,"NA","","","NA","#VALUE!","Pilot",10,10,20,13,8,21,69,33,72,31,0,1,51,52,0,80,30,NA,NA
112,45,1,"#VALUE!","10",NA,"",NA,"NA","","","NA","#VALUE!","Pilot",10,10,20,7,12,19,69,33,66,35,0,1,51,51,0,80,30,NA,NA
112,46,1,"#VALUE!","10",NA,"",NA,"NA","","","NA","#VALUE!","Pilot",10,10,20,4,14,18,69,33,63,37,0,1,51,50,0,80,30,NA,NA
112,47,1,"#VALUE!","10",NA,"",NA,"NA","","","NA","#VALUE!","Pilot",10,10,20,1,16,17,69,33,60,39,0,1,51,50,0,80,30,NA,NA
113,21,NA,"2","",0,"5",5,"6","7","","4","36","NTD_WS",10,10,20,22,2,24,69,58,81,50,0,0,64,66,1,90,14,2,36
113,22,NA,"2","",0,"5",5,"6","7","","4","36","NTD_WS",10,10,20,19,4,23,69,58,78,52,0,0,64,65,1,90,14,2,36
113,23,NA,"2","",0,"5",5,"6","7","","4","36","NTD_WS",10,10,20,16,6,22,69,58,75,54,0,0,64,65,1,90,14,2,36
113,24,NA,"2","",1,"5",5,"6","7","","4","36","NTD_WS",10,10,20,13,8,21,69,58,72,56,0,0,64,64,1,90,14,2,36
113,25,NA,"2","",1,"5",5,"6","7","","4","36","NTD_WS",10,10,20,7,12,19,69,58,66,60,0,0,64,63,1,90,14,2,36
113,26,NA,"2","",1,"5",5,"6","7","","4","36","NTD_WS",10,10,20,4,14,18,69,58,63,62,0,0,64,63,1,90,14,2,36
113,27,NA,"2","",0,"5",5,"6","7","","4","36","NTD_WS",10,10,20,1,16,17,69,58,60,64,0,0,64,62,1,90,14,2,36
113,31,NA,"2","",0,"5",5,"6","7","","4","36","NTD_WS",10,10,20,22,2,24,69,43,81,35,1,0,56,58,1,90,14,2,36
113,32,NA,"2","",0,"5",5,"6","7","","4","36","NTD_WS",10,10,20,19,4,23,69,43,78,37,1,0,56,58,1,90,14,2,36
113,33,NA,"2","",0,"5",5,"6","7","","4","36","NTD_WS",10,10,20,16,6,22,69,43,75,39,1,0,56,57,1,90,14,2,36
113,34,NA,"2","",0,"5",5,"6","7","","4","36","NTD_WS",10,10,20,13,8,21,69,43,72,41,1,0,56,57,1,90,14,2,36
113,35,NA,"2","",1,"5",5,"6","7","","4","36","NTD_WS",10,10,20,7,12,19,69,43,66,45,1,0,56,56,1,90,14,2,36
113,36,NA,"2","",1,"5",5,"6","7","","4","36","NTD_WS",10,10,20,4,14,18,69,43,63,47,1,0,56,55,1,90,14,2,36
113,37,NA,"2","",0,"5",5,"6","7","","4","36","NTD_WS",10,10,20,1,16,17,69,43,60,49,1,0,56,55,1,90,14,2,36
113,41,NA,"2","",0,"5",5,"6","7","","4","36","NTD_WS",10,10,20,22,2,24,69,33,81,25,0,1,51,53,1,90,14,2,36
113,42,NA,"2","",0,"5",5,"6","7","","4","36","NTD_WS",10,10,20,19,4,23,69,33,78,27,0,1,51,53,1,90,14,2,36
113,43,NA,"2","",0,"5",5,"6","7","","4","36","NTD_WS",10,10,20,16,6,22,69,33,75,29,0,1,51,52,1,90,14,2,36
113,44,NA,"2","",0,"5",5,"6","7","","4","36","NTD_WS",10,10,20,13,8,21,69,33,72,31,0,1,51,52,1,90,14,2,36
113,45,NA,"2","",1,"5",5,"6","7","","4","36","NTD_WS",10,10,20,7,12,19,69,33,66,35,0,1,51,51,1,90,14,2,36
113,46,NA,"2","",1,"5",5,"6","7","","4","36","NTD_WS",10,10,20,4,14,18,69,33,63,37,0,1,51,50,1,90,14,2,36
113,47,NA,"2","",0,"5",5,"6","7","","4","36","NTD_WS",10,10,20,1,16,17,69,33,60,39,0,1,51,50,1,90,14,2,36
114,21,NA,"4","",0,"2",10,"4.5","1","","4","32","NTD_WS",10,10,20,22,2,24,69,58,81,50,0,0,64,66,0,80,50,4,32
114,22,NA,"4","",0,"2",10,"4.5","1","","4","32","NTD_WS",10,10,20,19,4,23,69,58,78,52,0,0,64,65,0,80,50,4,32
114,23,NA,"4","",0,"2",10,"4.5","1","","4","32","NTD_WS",10,10,20,16,6,22,69,58,75,54,0,0,64,65,0,80,50,4,32
114,24,NA,"4","",0,"2",10,"4.5","1","","4","32","NTD_WS",10,10,20,13,8,21,69,58,72,56,0,0,64,64,0,80,50,4,32
114,25,NA,"4","",1,"2",10,"4.5","1","","4","32","NTD_WS",10,10,20,7,12,19,69,58,66,60,0,0,64,63,0,80,50,4,32
114,26,NA,"4","",0,"2",10,"4.5","1","","4","32","NTD_WS",10,10,20,4,14,18,69,58,63,62,0,0,64,63,0,80,50,4,32
114,27,NA,"4","",0,"2",10,"4.5","1","","4","32","NTD_WS",10,10,20,1,16,17,69,58,60,64,0,0,64,62,0,80,50,4,32
114,31,NA,"4","",0,"2",10,"4.5","1","","4","32","NTD_WS",10,10,20,22,2,24,69,43,81,35,1,0,56,58,0,80,50,4,32
114,32,NA,"4","",0,"2",10,"4.5","1","","4","32","NTD_WS",10,10,20,19,4,23,69,43,78,37,1,0,56,58,0,80,50,4,32
114,33,NA,"4","",0,"2",10,"4.5","1","","4","32","NTD_WS",10,10,20,16,6,22,69,43,75,39,1,0,56,57,0,80,50,4,32
114,34,NA,"4","",0,"2",10,"4.5","1","","4","32","NTD_WS",10,10,20,13,8,21,69,43,72,41,1,0,56,57,0,80,50,4,32
114,35,NA,"4","",1,"2",10,"4.5","1","","4","32","NTD_WS",10,10,20,7,12,19,69,43,66,45,1,0,56,56,0,80,50,4,32
114,36,NA,"4","",1,"2",10,"4.5","1","","4","32","NTD_WS",10,10,20,4,14,18,69,43,63,47,1,0,56,55,0,80,50,4,32
114,37,NA,"4","",1,"2",10,"4.5","1","","4","32","NTD_WS",10,10,20,1,16,17,69,43,60,49,1,0,56,55,0,80,50,4,32
114,41,NA,"4","",0,"2",10,"4.5","1","","4","32","NTD_WS",10,10,20,22,2,24,69,33,81,25,0,1,51,53,0,80,50,4,32
114,42,NA,"4","",0,"2",10,"4.5","1","","4","32","NTD_WS",10,10,20,19,4,23,69,33,78,27,0,1,51,53,0,80,50,4,32
114,43,NA,"4","",0,"2",10,"4.5","1","","4","32","NTD_WS",10,10,20,16,6,22,69,33,75,29,0,1,51,52,0,80,50,4,32
114,44,NA,"4","",0,"2",10,"4.5","1","","4","32","NTD_WS",10,10,20,13,8,21,69,33,72,31,0,1,51,52,0,80,50,4,32
114,45,NA,"4","",1,"2",10,"4.5","1","","4","32","NTD_WS",10,10,20,7,12,19,69,33,66,35,0,1,51,51,0,80,50,4,32
114,46,NA,"4","",1,"2",10,"4.5","1","","4","32","NTD_WS",10,10,20,4,14,18,69,33,63,37,0,1,51,50,0,80,50,4,32
114,47,NA,"4","",1,"2",10,"4.5","1","","4","32","NTD_WS",10,10,20,1,16,17,69,33,60,39,0,1,51,50,0,80,50,4,32
115,21,NA,"2","",0,"2",5,"6","4","","5","34","NTD_WS",10,10,20,22,2,24,69,58,81,50,0,0,64,66,0,90,10,2,34
115,22,NA,"2","",0,"2",5,"6","4","","5","34","NTD_WS",10,10,20,19,4,23,69,58,78,52,0,0,64,65,0,90,10,2,34
115,23,NA,"2","",0,"2",5,"6","4","","5","34","NTD_WS",10,10,20,16,6,22,69,58,75,54,0,0,64,65,0,90,10,2,34
115,24,NA,"2","",0,"2",5,"6","4","","5","34","NTD_WS",10,10,20,13,8,21,69,58,72,56,0,0,64,64,0,90,10,2,34
115,25,NA,"2","",0,"2",5,"6","4","","5","34","NTD_WS",10,10,20,7,12,19,69,58,66,60,0,0,64,63,0,90,10,2,34
115,26,NA,"2","",0,"2",5,"6","4","","5","34","NTD_WS",10,10,20,4,14,18,69,58,63,62,0,0,64,63,0,90,10,2,34
115,27,NA,"2","",0,"2",5,"6","4","","5","34","NTD_WS",10,10,20,1,16,17,69,58,60,64,0,0,64,62,0,90,10,2,34
115,31,NA,"2","",0,"2",5,"6","4","","5","34","NTD_WS",10,10,20,22,2,24,69,43,81,35,1,0,56,58,0,90,10,2,34
115,32,NA,"2","",0,"2",5,"6","4","","5","34","NTD_WS",10,10,20,19,4,23,69,43,78,37,1,0,56,58,0,90,10,2,34
115,33,NA,"2","",0,"2",5,"6","4","","5","34","NTD_WS",10,10,20,16,6,22,69,43,75,39,1,0,56,57,0,90,10,2,34
115,34,NA,"2","",0,"2",5,"6","4","","5","34","NTD_WS",10,10,20,13,8,21,69,43,72,41,1,0,56,57,0,90,10,2,34
115,35,NA,"2","",0,"2",5,"6","4","","5","34","NTD_WS",10,10,20,7,12,19,69,43,66,45,1,0,56,56,0,90,10,2,34
115,36,NA,"2","",0,"2",5,"6","4","","5","34","NTD_WS",10,10,20,4,14,18,69,43,63,47,1,0,56,55,0,90,10,2,34
115,37,NA,"2","",0,"2",5,"6","4","","5","34","NTD_WS",10,10,20,1,16,17,69,43,60,49,1,0,56,55,0,90,10,2,34
115,41,NA,"2","",1,"2",5,"6","4","","5","34","NTD_WS",10,10,20,22,2,24,69,33,81,25,0,1,51,53,0,90,10,2,34
115,42,NA,"2","",1,"2",5,"6","4","","5","34","NTD_WS",10,10,20,19,4,23,69,33,78,27,0,1,51,53,0,90,10,2,34
115,43,NA,"2","",1,"2",5,"6","4","","5","34","NTD_WS",10,10,20,16,6,22,69,33,75,29,0,1,51,52,0,90,10,2,34
115,44,NA,"2","",0,"2",5,"6","4","","5","34","NTD_WS",10,10,20,13,8,21,69,33,72,31,0,1,51,52,0,90,10,2,34
115,45,NA,"2","",0,"2",5,"6","4","","5","34","NTD_WS",10,10,20,7,12,19,69,33,66,35,0,1,51,51,0,90,10,2,34
115,46,NA,"2","",0,"2",5,"6","4","","5","34","NTD_WS",10,10,20,4,14,18,69,33,63,37,0,1,51,50,0,90,10,2,34
115,47,NA,"2","",0,"2",5,"6","4","","5","34","NTD_WS",10,10,20,1,16,17,69,33,60,39,0,1,51,50,0,90,10,2,34
116,21,NA,"1","",0,"5",6,"4.5","1,7","","4","35","NTD_WS",10,10,20,22,2,24,69,58,81,50,0,0,64,66,1,80,20,1,35
116,22,NA,"1","",0,"5",6,"4.5","1,7","","4","35","NTD_WS",10,10,20,19,4,23,69,58,78,52,0,0,64,65,1,80,20,1,35
116,23,NA,"1","",0,"5",6,"4.5","1,7","","4","35","NTD_WS",10,10,20,16,6,22,69,58,75,54,0,0,64,65,1,80,20,1,35
116,24,NA,"1","",0,"5",6,"4.5","1,7","","4","35","NTD_WS",10,10,20,13,8,21,69,58,72,56,0,0,64,64,1,80,20,1,35
116,25,NA,"1","",1,"5",6,"4.5","1,7","","4","35","NTD_WS",10,10,20,7,12,19,69,58,66,60,0,0,64,63,1,80,20,1,35
116,26,NA,"1","",1,"5",6,"4.5","1,7","","4","35","NTD_WS",10,10,20,4,14,18,69,58,63,62,0,0,64,63,1,80,20,1,35
116,27,NA,"1","",0,"5",6,"4.5","1,7","","4","35","NTD_WS",10,10,20,1,16,17,69,58,60,64,0,0,64,62,1,80,20,1,35
116,31,NA,"1","",0,"5",6,"4.5","1,7","","4","35","NTD_WS",10,10,20,22,2,24,69,43,81,35,1,0,56,58,1,80,20,1,35
116,32,NA,"1","",0,"5",6,"4.5","1,7","","4","35","NTD_WS",10,10,20,19,4,23,69,43,78,37,1,0,56,58,1,80,20,1,35
116,33,NA,"1","",0,"5",6,"4.5","1,7","","4","35","NTD_WS",10,10,20,16,6,22,69,43,75,39,1,0,56,57,1,80,20,1,35
116,34,NA,"1","",0,"5",6,"4.5","1,7","","4","35","NTD_WS",10,10,20,13,8,21,69,43,72,41,1,0,56,57,1,80,20,1,35
116,35,NA,"1","",1,"5",6,"4.5","1,7","","4","35","NTD_WS",10,10,20,7,12,19,69,43,66,45,1,0,56,56,1,80,20,1,35
116,36,NA,"1","",1,"5",6,"4.5","1,7","","4","35","NTD_WS",10,10,20,4,14,18,69,43,63,47,1,0,56,55,1,80,20,1,35
116,37,NA,"1","",1,"5",6,"4.5","1,7","","4","35","NTD_WS",10,10,20,1,16,17,69,43,60,49,1,0,56,55,1,80,20,1,35
116,41,NA,"1","",0,"5",6,"4.5","1,7","","4","35","NTD_WS",10,10,20,22,2,24,69,33,81,25,0,1,51,53,1,80,20,1,35
116,42,NA,"1","",0,"5",6,"4.5","1,7","","4","35","NTD_WS",10,10,20,19,4,23,69,33,78,27,0,1,51,53,1,80,20,1,35
116,43,NA,"1","",0,"5",6,"4.5","1,7","","4","35","NTD_WS",10,10,20,16,6,22,69,33,75,29,0,1,51,52,1,80,20,1,35
116,44,NA,"1","",0,"5",6,"4.5","1,7","","4","35","NTD_WS",10,10,20,13,8,21,69,33,72,31,0,1,51,52,1,80,20,1,35
116,45,NA,"1","",1,"5",6,"4.5","1,7","","4","35","NTD_WS",10,10,20,7,12,19,69,33,66,35,0,1,51,51,1,80,20,1,35
116,46,NA,"1","",1,"5",6,"4.5","1,7","","4","35","NTD_WS",10,10,20,4,14,18,69,33,63,37,0,1,51,50,1,80,20,1,35
116,47,NA,"1","",1,"5",6,"4.5","1,7","","4","35","NTD_WS",10,10,20,1,16,17,69,33,60,39,0,1,51,50,1,80,20,1,35
117,21,NA,"1","",0,"2",5,"6","7","","5","36","NTD_WS",10,10,20,22,2,24,69,58,81,50,0,0,64,66,0,60,10,1,36
117,22,NA,"1","",0,"2",5,"6","7","","5","36","NTD_WS",10,10,20,19,4,23,69,58,78,52,0,0,64,65,0,60,10,1,36
117,23,NA,"1","",0,"2",5,"6","7","","5","36","NTD_WS",10,10,20,16,6,22,69,58,75,54,0,0,64,65,0,60,10,1,36
117,24,NA,"1","",0,"2",5,"6","7","","5","36","NTD_WS",10,10,20,13,8,21,69,58,72,56,0,0,64,64,0,60,10,1,36
117,25,NA,"1","",1,"2",5,"6","7","","5","36","NTD_WS",10,10,20,7,12,19,69,58,66,60,0,0,64,63,0,60,10,1,36
117,26,NA,"1","",1,"2",5,"6","7","","5","36","NTD_WS",10,10,20,4,14,18,69,58,63,62,0,0,64,63,0,60,10,1,36
117,27,NA,"1","",1,"2",5,"6","7","","5","36","NTD_WS",10,10,20,1,16,17,69,58,60,64,0,0,64,62,0,60,10,1,36
117,31,NA,"1","",0,"2",5,"6","7","","5","36","NTD_WS",10,10,20,22,2,24,69,43,81,35,1,0,56,58,0,60,10,1,36
117,32,NA,"1","",0,"2",5,"6","7","","5","36","NTD_WS",10,10,20,19,4,23,69,43,78,37,1,0,56,58,0,60,10,1,36
117,33,NA,"1","",0,"2",5,"6","7","","5","36","NTD_WS",10,10,20,16,6,22,69,43,75,39,1,0,56,57,0,60,10,1,36
117,34,NA,"1","",0,"2",5,"6","7","","5","36","NTD_WS",10,10,20,13,8,21,69,43,72,41,1,0,56,57,0,60,10,1,36
117,35,NA,"1","",NA,"2",5,"6","7","","5","36","NTD_WS",10,10,20,7,12,19,69,43,66,45,1,0,56,56,0,60,10,1,36
117,36,NA,"1","",1,"2",5,"6","7","","5","36","NTD_WS",10,10,20,4,14,18,69,43,63,47,1,0,56,55,0,60,10,1,36
117,37,NA,"1","",1,"2",5,"6","7","","5","36","NTD_WS",10,10,20,1,16,17,69,43,60,49,1,0,56,55,0,60,10,1,36
117,41,NA,"1","",0,"2",5,"6","7","","5","36","NTD_WS",10,10,20,22,2,24,69,33,81,25,0,1,51,53,0,60,10,1,36
117,42,NA,"1","",0,"2",5,"6","7","","5","36","NTD_WS",10,10,20,19,4,23,69,33,78,27,0,1,51,53,0,60,10,1,36
117,43,NA,"1","",0,"2",5,"6","7","","5","36","NTD_WS",10,10,20,16,6,22,69,33,75,29,0,1,51,52,0,60,10,1,36
117,44,NA,"1","",0,"2",5,"6","7","","5","36","NTD_WS",10,10,20,13,8,21,69,33,72,31,0,1,51,52,0,60,10,1,36
117,45,NA,"1","",1,"2",5,"6","7","","5","36","NTD_WS",10,10,20,7,12,19,69,33,66,35,0,1,51,51,0,60,10,1,36
117,46,NA,"1","",1,"2",5,"6","7","","5","36","NTD_WS",10,10,20,4,14,18,69,33,63,37,0,1,51,50,0,60,10,1,36
117,47,NA,"1","",1,"2",5,"6","7","","5","36","NTD_WS",10,10,20,1,16,17,69,33,60,39,0,1,51,50,0,60,10,1,36
118,21,NA,"2","",0,"5",8,"6","5","","4","35","NTD_WS",10,10,20,22,2,24,69,58,81,50,0,0,64,66,1,70,20,2,35
118,22,NA,"2","",0,"5",8,"6","5","","4","35","NTD_WS",10,10,20,19,4,23,69,58,78,52,0,0,64,65,1,70,20,2,35
118,23,NA,"2","",0,"5",8,"6","5","","4","35","NTD_WS",10,10,20,16,6,22,69,58,75,54,0,0,64,65,1,70,20,2,35
118,24,NA,"2","",0,"5",8,"6","5","","4","35","NTD_WS",10,10,20,13,8,21,69,58,72,56,0,0,64,64,1,70,20,2,35
118,25,NA,"2","",0,"5",8,"6","5","","4","35","NTD_WS",10,10,20,7,12,19,69,58,66,60,0,0,64,63,1,70,20,2,35
118,26,NA,"2","",0,"5",8,"6","5","","4","35","NTD_WS",10,10,20,4,14,18,69,58,63,62,0,0,64,63,1,70,20,2,35
118,27,NA,"2","",0,"5",8,"6","5","","4","35","NTD_WS",10,10,20,1,16,17,69,58,60,64,0,0,64,62,1,70,20,2,35
118,31,NA,"2","",0,"5",8,"6","5","","4","35","NTD_WS",10,10,20,22,2,24,69,43,81,35,1,0,56,58,1,70,20,2,35
118,32,NA,"2","",0,"5",8,"6","5","","4","35","NTD_WS",10,10,20,19,4,23,69,43,78,37,1,0,56,58,1,70,20,2,35
118,33,NA,"2","",0,"5",8,"6","5","","4","35","NTD_WS",10,10,20,16,6,22,69,43,75,39,1,0,56,57,1,70,20,2,35
118,34,NA,"2","",0,"5",8,"6","5","","4","35","NTD_WS",10,10,20,13,8,21,69,43,72,41,1,0,56,57,1,70,20,2,35
118,35,NA,"2","",0,"5",8,"6","5","","4","35","NTD_WS",10,10,20,7,12,19,69,43,66,45,1,0,56,56,1,70,20,2,35
118,36,NA,"2","",0,"5",8,"6","5","","4","35","NTD_WS",10,10,20,4,14,18,69,43,63,47,1,0,56,55,1,70,20,2,35
118,37,NA,"2","",0,"5",8,"6","5","","4","35","NTD_WS",10,10,20,1,16,17,69,43,60,49,1,0,56,55,1,70,20,2,35
118,41,NA,"2","",0,"5",8,"6","5","","4","35","NTD_WS",10,10,20,22,2,24,69,33,81,25,0,1,51,53,1,70,20,2,35
118,42,NA,"2","",0,"5",8,"6","5","","4","35","NTD_WS",10,10,20,19,4,23,69,33,78,27,0,1,51,53,1,70,20,2,35
118,43,NA,"2","",0,"5",8,"6","5","","4","35","NTD_WS",10,10,20,16,6,22,69,33,75,29,0,1,51,52,1,70,20,2,35
118,44,NA,"2","",0,"5",8,"6","5","","4","35","NTD_WS",10,10,20,13,8,21,69,33,72,31,0,1,51,52,1,70,20,2,35
118,45,NA,"2","",0,"5",8,"6","5","","4","35","NTD_WS",10,10,20,7,12,19,69,33,66,35,0,1,51,51,1,70,20,2,35
118,46,NA,"2","",0,"5",8,"6","5","","4","35","NTD_WS",10,10,20,4,14,18,69,33,63,37,0,1,51,50,1,70,20,2,35
118,47,NA,"2","",0,"5",8,"6","5","","4","35","NTD_WS",10,10,20,1,16,17,69,33,60,39,0,1,51,50,1,70,20,2,35
119,21,NA,"4","",1,"2",5,"4","4","","4","35","NTD_WS",10,10,20,22,2,24,69,58,81,50,0,0,64,66,0,80,16,4,35
119,22,NA,"4","",1,"2",5,"4","4","","4","35","NTD_WS",10,10,20,19,4,23,69,58,78,52,0,0,64,65,0,80,16,4,35
119,23,NA,"4","",1,"2",5,"4","4","","4","35","NTD_WS",10,10,20,16,6,22,69,58,75,54,0,0,64,65,0,80,16,4,35
119,24,NA,"4","",1,"2",5,"4","4","","4","35","NTD_WS",10,10,20,13,8,21,69,58,72,56,0,0,64,64,0,80,16,4,35
119,25,NA,"4","",0,"2",5,"4","4","","4","35","NTD_WS",10,10,20,7,12,19,69,58,66,60,0,0,64,63,0,80,16,4,35
119,26,NA,"4","",0,"2",5,"4","4","","4","35","NTD_WS",10,10,20,4,14,18,69,58,63,62,0,0,64,63,0,80,16,4,35
119,27,NA,"4","",0,"2",5,"4","4","","4","35","NTD_WS",10,10,20,1,16,17,69,58,60,64,0,0,64,62,0,80,16,4,35
119,31,NA,"4","",1,"2",5,"4","4","","4","35","NTD_WS",10,10,20,22,2,24,69,43,81,35,1,0,56,58,0,80,16,4,35
119,32,NA,"4","",1,"2",5,"4","4","","4","35","NTD_WS",10,10,20,19,4,23,69,43,78,37,1,0,56,58,0,80,16,4,35
119,33,NA,"4","",1,"2",5,"4","4","","4","35","NTD_WS",10,10,20,16,6,22,69,43,75,39,1,0,56,57,0,80,16,4,35
119,34,NA,"4","",1,"2",5,"4","4","","4","35","NTD_WS",10,10,20,13,8,21,69,43,72,41,1,0,56,57,0,80,16,4,35
119,35,NA,"4","",0,"2",5,"4","4","","4","35","NTD_WS",10,10,20,7,12,19,69,43,66,45,1,0,56,56,0,80,16,4,35
119,36,NA,"4","",0,"2",5,"4","4","","4","35","NTD_WS",10,10,20,4,14,18,69,43,63,47,1,0,56,55,0,80,16,4,35
119,37,NA,"4","",0,"2",5,"4","4","","4","35","NTD_WS",10,10,20,1,16,17,69,43,60,49,1,0,56,55,0,80,16,4,35
119,41,NA,"4","",1,"2",5,"4","4","","4","35","NTD_WS",10,10,20,22,2,24,69,33,81,25,0,1,51,53,0,80,16,4,35
119,42,NA,"4","",1,"2",5,"4","4","","4","35","NTD_WS",10,10,20,19,4,23,69,33,78,27,0,1,51,53,0,80,16,4,35
119,43,NA,"4","",1,"2",5,"4","4","","4","35","NTD_WS",10,10,20,16,6,22,69,33,75,29,0,1,51,52,0,80,16,4,35
119,44,NA,"4","",1,"2",5,"4","4","","4","35","NTD_WS",10,10,20,13,8,21,69,33,72,31,0,1,51,52,0,80,16,4,35
119,45,NA,"4","",0,"2",5,"4","4","","4","35","NTD_WS",10,10,20,7,12,19,69,33,66,35,0,1,51,51,0,80,16,4,35
119,46,NA,"4","",0,"2",5,"4","4","","4","35","NTD_WS",10,10,20,4,14,18,69,33,63,37,0,1,51,50,0,80,16,4,35
119,47,NA,"4","",0,"2",5,"4","4","","4","35","NTD_WS",10,10,20,1,16,17,69,33,60,39,0,1,51,50,0,80,16,4,35
120,21,NA,"2","",0,"5",5,"6","7","","4","34","NTD_WS",10,10,20,22,2,24,69,58,81,50,0,0,64,66,1,70,15,2,34
120,22,NA,"2","",0,"5",5,"6","7","","4","34","NTD_WS",10,10,20,19,4,23,69,58,78,52,0,0,64,65,1,70,15,2,34
120,23,NA,"2","",0,"5",5,"6","7","","4","34","NTD_WS",10,10,20,16,6,22,69,58,75,54,0,0,64,65,1,70,15,2,34
120,24,NA,"2","",1,"5",5,"6","7","","4","34","NTD_WS",10,10,20,13,8,21,69,58,72,56,0,0,64,64,1,70,15,2,34
120,25,NA,"2","",1,"5",5,"6","7","","4","34","NTD_WS",10,10,20,7,12,19,69,58,66,60,0,0,64,63,1,70,15,2,34
120,26,NA,"2","",1,"5",5,"6","7","","4","34","NTD_WS",10,10,20,4,14,18,69,58,63,62,0,0,64,63,1,70,15,2,34
120,27,NA,"2","",1,"5",5,"6","7","","4","34","NTD_WS",10,10,20,1,16,17,69,58,60,64,0,0,64,62,1,70,15,2,34
120,31,NA,"2","",0,"5",5,"6","7","","4","34","NTD_WS",10,10,20,22,2,24,69,43,81,35,1,0,56,58,1,70,15,2,34
120,32,NA,"2","",0,"5",5,"6","7","","4","34","NTD_WS",10,10,20,19,4,23,69,43,78,37,1,0,56,58,1,70,15,2,34
120,33,NA,"2","",0,"5",5,"6","7","","4","34","NTD_WS",10,10,20,16,6,22,69,43,75,39,1,0,56,57,1,70,15,2,34
120,34,NA,"2","",1,"5",5,"6","7","","4","34","NTD_WS",10,10,20,13,8,21,69,43,72,41,1,0,56,57,1,70,15,2,34
120,35,NA,"2","",1,"5",5,"6","7","","4","34","NTD_WS",10,10,20,7,12,19,69,43,66,45,1,0,56,56,1,70,15,2,34
120,36,NA,"2","",1,"5",5,"6","7","","4","34","NTD_WS",10,10,20,4,14,18,69,43,63,47,1,0,56,55,1,70,15,2,34
120,37,NA,"2","",1,"5",5,"6","7","","4","34","NTD_WS",10,10,20,1,16,17,69,43,60,49,1,0,56,55,1,70,15,2,34
120,41,NA,"2","",0,"5",5,"6","7","","4","34","NTD_WS",10,10,20,22,2,24,69,33,81,25,0,1,51,53,1,70,15,2,34
120,42,NA,"2","",0,"5",5,"6","7","","4","34","NTD_WS",10,10,20,19,4,23,69,33,78,27,0,1,51,53,1,70,15,2,34
120,43,NA,"2","",0,"5",5,"6","7","","4","34","NTD_WS",10,10,20,16,6,22,69,33,75,29,0,1,51,52,1,70,15,2,34
120,44,NA,"2","",1,"5",5,"6","7","","4","34","NTD_WS",10,10,20,13,8,21,69,33,72,31,0,1,51,52,1,70,15,2,34
120,45,NA,"2","",1,"5",5,"6","7","","4","34","NTD_WS",10,10,20,7,12,19,69,33,66,35,0,1,51,51,1,70,15,2,34
120,46,NA,"2","",1,"5",5,"6","7","","4","34","NTD_WS",10,10,20,4,14,18,69,33,63,37,0,1,51,50,1,70,15,2,34
120,47,NA,"2","",1,"5",5,"6","7","","4","34","NTD_WS",10,10,20,1,16,17,69,33,60,39,0,1,51,50,1,70,15,2,34
121,21,NA,"1","",0,"2",6,"6","7","","4","35","NTD_WS",10,10,20,22,2,24,69,58,81,50,0,0,64,66,0,50,20,1,35
121,22,NA,"1","",NA,"2",6,"6","7","","4","35","NTD_WS",10,10,20,19,4,23,69,58,78,52,0,0,64,65,0,50,20,1,35
121,23,NA,"1","",NA,"2",6,"6","7","","4","35","NTD_WS",10,10,20,16,6,22,69,58,75,54,0,0,64,65,0,50,20,1,35
121,24,NA,"1","",0,"2",6,"6","7","","4","35","NTD_WS",10,10,20,13,8,21,69,58,72,56,0,0,64,64,0,50,20,1,35
121,25,NA,"1","",1,"2",6,"6","7","","4","35","NTD_WS",10,10,20,7,12,19,69,58,66,60,0,0,64,63,0,50,20,1,35
121,26,NA,"1","",1,"2",6,"6","7","","4","35","NTD_WS",10,10,20,4,14,18,69,58,63,62,0,0,64,63,0,50,20,1,35
121,27,NA,"1","",1,"2",6,"6","7","","4","35","NTD_WS",10,10,20,1,16,17,69,58,60,64,0,0,64,62,0,50,20,1,35
121,31,NA,"1","",0,"2",6,"6","7","","4","35","NTD_WS",10,10,20,22,2,24,69,43,81,35,1,0,56,58,0,50,20,1,35
121,32,NA,"1","",0,"2",6,"6","7","","4","35","NTD_WS",10,10,20,19,4,23,69,43,78,37,1,0,56,58,0,50,20,1,35
121,33,NA,"1","",0,"2",6,"6","7","","4","35","NTD_WS",10,10,20,16,6,22,69,43,75,39,1,0,56,57,0,50,20,1,35
121,34,NA,"1","",0,"2",6,"6","7","","4","35","NTD_WS",10,10,20,13,8,21,69,43,72,41,1,0,56,57,0,50,20,1,35
121,35,NA,"1","",1,"2",6,"6","7","","4","35","NTD_WS",10,10,20,7,12,19,69,43,66,45,1,0,56,56,0,50,20,1,35
121,36,NA,"1","",1,"2",6,"6","7","","4","35","NTD_WS",10,10,20,4,14,18,69,43,63,47,1,0,56,55,0,50,20,1,35
121,37,NA,"1","",1,"2",6,"6","7","","4","35","NTD_WS",10,10,20,1,16,17,69,43,60,49,1,0,56,55,0,50,20,1,35
121,41,NA,"1","",0,"2",6,"6","7","","4","35","NTD_WS",10,10,20,22,2,24,69,33,81,25,0,1,51,53,0,50,20,1,35
121,42,NA,"1","",0,"2",6,"6","7","","4","35","NTD_WS",10,10,20,19,4,23,69,33,78,27,0,1,51,53,0,50,20,1,35
121,43,NA,"1","",0,"2",6,"6","7","","4","35","NTD_WS",10,10,20,16,6,22,69,33,75,29,0,1,51,52,0,50,20,1,35
121,44,NA,"1","",0,"2",6,"6","7","","4","35","NTD_WS",10,10,20,13,8,21,69,33,72,31,0,1,51,52,0,50,20,1,35
121,45,NA,"1","",1,"2",6,"6","7","","4","35","NTD_WS",10,10,20,7,12,19,69,33,66,35,0,1,51,51,0,50,20,1,35
121,46,NA,"1","",1,"2",6,"6","7","","4","35","NTD_WS",10,10,20,4,14,18,69,33,63,37,0,1,51,50,0,50,20,1,35
121,47,NA,"1","",1,"2",6,"6","7","","4","35","NTD_WS",10,10,20,1,16,17,69,33,60,39,0,1,51,50,0,50,20,1,35
122,21,NA,"2","",0,"5",4,"4","4,7","","5","35","NTD_WS",10,10,20,22,2,24,69,58,81,50,0,0,64,66,1,85,12,2,35
122,22,NA,"2","",0,"5",4,"4","4,7","","5","35","NTD_WS",10,10,20,19,4,23,69,58,78,52,0,0,64,65,1,85,12,2,35
122,23,NA,"2","",0,"5",4,"4","4,7","","5","35","NTD_WS",10,10,20,16,6,22,69,58,75,54,0,0,64,65,1,85,12,2,35
122,24,NA,"2","",1,"5",4,"4","4,7","","5","35","NTD_WS",10,10,20,13,8,21,69,58,72,56,0,0,64,64,1,85,12,2,35
122,25,NA,"2","",1,"5",4,"4","4,7","","5","35","NTD_WS",10,10,20,7,12,19,69,58,66,60,0,0,64,63,1,85,12,2,35
122,26,NA,"2","",0,"5",4,"4","4,7","","5","35","NTD_WS",10,10,20,4,14,18,69,58,63,62,0,0,64,63,1,85,12,2,35
122,27,NA,"2","",0,"5",4,"4","4,7","","5","35","NTD_WS",10,10,20,1,16,17,69,58,60,64,0,0,64,62,1,85,12,2,35
122,31,NA,"2","",0,"5",4,"4","4,7","","5","35","NTD_WS",10,10,20,22,2,24,69,43,81,35,1,0,56,58,1,85,12,2,35
122,32,NA,"2","",0,"5",4,"4","4,7","","5","35","NTD_WS",10,10,20,19,4,23,69,43,78,37,1,0,56,58,1,85,12,2,35
122,33,NA,"2","",0,"5",4,"4","4,7","","5","35","NTD_WS",10,10,20,16,6,22,69,43,75,39,1,0,56,57,1,85,12,2,35
122,34,NA,"2","",0,"5",4,"4","4,7","","5","35","NTD_WS",10,10,20,13,8,21,69,43,72,41,1,0,56,57,1,85,12,2,35
122,35,NA,"2","",1,"5",4,"4","4,7","","5","35","NTD_WS",10,10,20,7,12,19,69,43,66,45,1,0,56,56,1,85,12,2,35
122,36,NA,"2","",1,"5",4,"4","4,7","","5","35","NTD_WS",10,10,20,4,14,18,69,43,63,47,1,0,56,55,1,85,12,2,35
122,37,NA,"2","",1,"5",4,"4","4,7","","5","35","NTD_WS",10,10,20,1,16,17,69,43,60,49,1,0,56,55,1,85,12,2,35
122,41,NA,"2","",0,"5",4,"4","4,7","","5","35","NTD_WS",10,10,20,22,2,24,69,33,81,25,0,1,51,53,1,85,12,2,35
122,42,NA,"2","",0,"5",4,"4","4,7","","5","35","NTD_WS",10,10,20,19,4,23,69,33,78,27,0,1,51,53,1,85,12,2,35
122,43,NA,"2","",0,"5",4,"4","4,7","","5","35","NTD_WS",10,10,20,16,6,22,69,33,75,29,0,1,51,52,1,85,12,2,35
122,44,NA,"2","",0,"5",4,"4","4,7","","5","35","NTD_WS",10,10,20,13,8,21,69,33,72,31,0,1,51,52,1,85,12,2,35
122,45,NA,"2","",1,"5",4,"4","4,7","","5","35","NTD_WS",10,10,20,7,12,19,69,33,66,35,0,1,51,51,1,85,12,2,35
122,46,NA,"2","",1,"5",4,"4","4,7","","5","35","NTD_WS",10,10,20,4,14,18,69,33,63,37,0,1,51,50,1,85,12,2,35
122,47,NA,"2","",0,"5",4,"4","4,7","","5","35","NTD_WS",10,10,20,1,16,17,69,33,60,39,0,1,51,50,1,85,12,2,35
123,21,NA,"2","",0,"5",7,"6","4","","5","36","NTD_WS",10,10,20,22,2,24,69,58,81,50,0,0,64,66,1,70,20,2,36
123,22,NA,"2","",0,"5",7,"6","4","","5","36","NTD_WS",10,10,20,19,4,23,69,58,78,52,0,0,64,65,1,70,20,2,36
123,23,NA,"2","",0,"5",7,"6","4","","5","36","NTD_WS",10,10,20,16,6,22,69,58,75,54,0,0,64,65,1,70,20,2,36
123,24,NA,"2","",1,"5",7,"6","4","","5","36","NTD_WS",10,10,20,13,8,21,69,58,72,56,0,0,64,64,1,70,20,2,36
123,25,NA,"2","",1,"5",7,"6","4","","5","36","NTD_WS",10,10,20,7,12,19,69,58,66,60,0,0,64,63,1,70,20,2,36
123,26,NA,"2","",0,"5",7,"6","4","","5","36","NTD_WS",10,10,20,4,14,18,69,58,63,62,0,0,64,63,1,70,20,2,36
123,27,NA,"2","",0,"5",7,"6","4","","5","36","NTD_WS",10,10,20,1,16,17,69,58,60,64,0,0,64,62,1,70,20,2,36
123,31,NA,"2","",0,"5",7,"6","4","","5","36","NTD_WS",10,10,20,22,2,24,69,43,81,35,1,0,56,58,1,70,20,2,36
123,32,NA,"2","",0,"5",7,"6","4","","5","36","NTD_WS",10,10,20,19,4,23,69,43,78,37,1,0,56,58,1,70,20,2,36
123,33,NA,"2","",0,"5",7,"6","4","","5","36","NTD_WS",10,10,20,16,6,22,69,43,75,39,1,0,56,57,1,70,20,2,36
123,34,NA,"2","",1,"5",7,"6","4","","5","36","NTD_WS",10,10,20,13,8,21,69,43,72,41,1,0,56,57,1,70,20,2,36
123,35,NA,"2","",1,"5",7,"6","4","","5","36","NTD_WS",10,10,20,7,12,19,69,43,66,45,1,0,56,56,1,70,20,2,36
123,36,NA,"2","",0,"5",7,"6","4","","5","36","NTD_WS",10,10,20,4,14,18,69,43,63,47,1,0,56,55,1,70,20,2,36
123,37,NA,"2","",0,"5",7,"6","4","","5","36","NTD_WS",10,10,20,1,16,17,69,43,60,49,1,0,56,55,1,70,20,2,36
123,41,NA,"2","",0,"5",7,"6","4","","5","36","NTD_WS",10,10,20,22,2,24,69,33,81,25,0,1,51,53,1,70,20,2,36
123,42,NA,"2","",0,"5",7,"6","4","","5","36","NTD_WS",10,10,20,19,4,23,69,33,78,27,0,1,51,53,1,70,20,2,36
123,43,NA,"2","",0,"5",7,"6","4","","5","36","NTD_WS",10,10,20,16,6,22,69,33,75,29,0,1,51,52,1,70,20,2,36
123,44,NA,"2","",1,"5",7,"6","4","","5","36","NTD_WS",10,10,20,13,8,21,69,33,72,31,0,1,51,52,1,70,20,2,36
123,45,NA,"2","",1,"5",7,"6","4","","5","36","NTD_WS",10,10,20,7,12,19,69,33,66,35,0,1,51,51,1,70,20,2,36
123,46,NA,"2","",0,"5",7,"6","4","","5","36","NTD_WS",10,10,20,4,14,18,69,33,63,37,0,1,51,50,1,70,20,2,36
123,47,NA,"2","",0,"5",7,"6","4","","5","36","NTD_WS",10,10,20,1,16,17,69,33,60,39,0,1,51,50,1,70,20,2,36
124,21,NA,"2","",0,"2",8,"4","4","","5","36","NTD_WS",10,10,20,22,2,24,69,58,81,50,0,0,64,66,0,90,24,2,36
124,22,NA,"2","",0,"2",8,"4","4","","5","36","NTD_WS",10,10,20,19,4,23,69,58,78,52,0,0,64,65,0,90,24,2,36
124,23,NA,"2","",0,"2",8,"4","4","","5","36","NTD_WS",10,10,20,16,6,22,69,58,75,54,0,0,64,65,0,90,24,2,36
124,24,NA,"2","",0,"2",8,"4","4","","5","36","NTD_WS",10,10,20,13,8,21,69,58,72,56,0,0,64,64,0,90,24,2,36
124,25,NA,"2","",1,"2",8,"4","4","","5","36","NTD_WS",10,10,20,7,12,19,69,58,66,60,0,0,64,63,0,90,24,2,36
124,26,NA,"2","",0,"2",8,"4","4","","5","36","NTD_WS",10,10,20,4,14,18,69,58,63,62,0,0,64,63,0,90,24,2,36
124,27,NA,"2","",0,"2",8,"4","4","","5","36","NTD_WS",10,10,20,1,16,17,69,58,60,64,0,0,64,62,0,90,24,2,36
124,31,NA,"2","",0,"2",8,"4","4","","5","36","NTD_WS",10,10,20,22,2,24,69,43,81,35,1,0,56,58,0,90,24,2,36
124,32,NA,"2","",NA,"2",8,"4","4","","5","36","NTD_WS",10,10,20,19,4,23,69,43,78,37,1,0,56,58,0,90,24,2,36
124,33,NA,"2","",1,"2",8,"4","4","","5","36","NTD_WS",10,10,20,16,6,22,69,43,75,39,1,0,56,57,0,90,24,2,36
124,34,NA,"2","",1,"2",8,"4","4","","5","36","NTD_WS",10,10,20,13,8,21,69,43,72,41,1,0,56,57,0,90,24,2,36
124,35,NA,"2","",0,"2",8,"4","4","","5","36","NTD_WS",10,10,20,7,12,19,69,43,66,45,1,0,56,56,0,90,24,2,36
124,36,NA,"2","",0,"2",8,"4","4","","5","36","NTD_WS",10,10,20,4,14,18,69,43,63,47,1,0,56,55,0,90,24,2,36
124,37,NA,"2","",0,"2",8,"4","4","","5","36","NTD_WS",10,10,20,1,16,17,69,43,60,49,1,0,56,55,0,90,24,2,36
124,41,NA,"2","",0,"2",8,"4","4","","5","36","NTD_WS",10,10,20,22,2,24,69,33,81,25,0,1,51,53,0,90,24,2,36
124,42,NA,"2","",0,"2",8,"4","4","","5","36","NTD_WS",10,10,20,19,4,23,69,33,78,27,0,1,51,53,0,90,24,2,36
124,43,NA,"2","",0,"2",8,"4","4","","5","36","NTD_WS",10,10,20,16,6,22,69,33,75,29,0,1,51,52,0,90,24,2,36
124,44,NA,"2","",0,"2",8,"4","4","","5","36","NTD_WS",10,10,20,13,8,21,69,33,72,31,0,1,51,52,0,90,24,2,36
124,45,NA,"2","",1,"2",8,"4","4","","5","36","NTD_WS",10,10,20,7,12,19,69,33,66,35,0,1,51,51,0,90,24,2,36
124,46,NA,"2","",1,"2",8,"4","4","","5","36","NTD_WS",10,10,20,4,14,18,69,33,63,37,0,1,51,50,0,90,24,2,36
124,47,NA,"2","",0,"2",8,"4","4","","5","36","NTD_WS",10,10,20,1,16,17,69,33,60,39,0,1,51,50,0,90,24,2,36
125,21,NA,"2","",0,"5",3,"10","7","","4","36","NTD_WS",10,10,20,22,2,24,69,58,81,50,0,0,64,66,1,70,6,2,36
125,22,NA,"2","",0,"5",3,"10","7","","4","36","NTD_WS",10,10,20,19,4,23,69,58,78,52,0,0,64,65,1,70,6,2,36
125,23,NA,"2","",0,"5",3,"10","7","","4","36","NTD_WS",10,10,20,16,6,22,69,58,75,54,0,0,64,65,1,70,6,2,36
125,24,NA,"2","",0,"5",3,"10","7","","4","36","NTD_WS",10,10,20,13,8,21,69,58,72,56,0,0,64,64,1,70,6,2,36
125,25,NA,"2","",1,"5",3,"10","7","","4","36","NTD_WS",10,10,20,7,12,19,69,58,66,60,0,0,64,63,1,70,6,2,36
125,26,NA,"2","",1,"5",3,"10","7","","4","36","NTD_WS",10,10,20,4,14,18,69,58,63,62,0,0,64,63,1,70,6,2,36
125,27,NA,"2","",0,"5",3,"10","7","","4","36","NTD_WS",10,10,20,1,16,17,69,58,60,64,0,0,64,62,1,70,6,2,36
125,31,NA,"2","",0,"5",3,"10","7","","4","36","NTD_WS",10,10,20,22,2,24,69,43,81,35,1,0,56,58,1,70,6,2,36
125,32,NA,"2","",0,"5",3,"10","7","","4","36","NTD_WS",10,10,20,19,4,23,69,43,78,37,1,0,56,58,1,70,6,2,36
125,33,NA,"2","",0,"5",3,"10","7","","4","36","NTD_WS",10,10,20,16,6,22,69,43,75,39,1,0,56,57,1,70,6,2,36
125,34,NA,"2","",0,"5",3,"10","7","","4","36","NTD_WS",10,10,20,13,8,21,69,43,72,41,1,0,56,57,1,70,6,2,36
125,35,NA,"2","",1,"5",3,"10","7","","4","36","NTD_WS",10,10,20,7,12,19,69,43,66,45,1,0,56,56,1,70,6,2,36
125,36,NA,"2","",1,"5",3,"10","7","","4","36","NTD_WS",10,10,20,4,14,18,69,43,63,47,1,0,56,55,1,70,6,2,36
125,37,NA,"2","",1,"5",3,"10","7","","4","36","NTD_WS",10,10,20,1,16,17,69,43,60,49,1,0,56,55,1,70,6,2,36
125,41,NA,"2","",0,"5",3,"10","7","","4","36","NTD_WS",10,10,20,22,2,24,69,33,81,25,0,1,51,53,1,70,6,2,36
125,42,NA,"2","",0,"5",3,"10","7","","4","36","NTD_WS",10,10,20,19,4,23,69,33,78,27,0,1,51,53,1,70,6,2,36
125,43,NA,"2","",0,"5",3,"10","7","","4","36","NTD_WS",10,10,20,16,6,22,69,33,75,29,0,1,51,52,1,70,6,2,36
125,44,NA,"2","",0,"5",3,"10","7","","4","36","NTD_WS",10,10,20,13,8,21,69,33,72,31,0,1,51,52,1,70,6,2,36
125,45,NA,"2","",1,"5",3,"10","7","","4","36","NTD_WS",10,10,20,7,12,19,69,33,66,35,0,1,51,51,1,70,6,2,36
125,46,NA,"2","",1,"5",3,"10","7","","4","36","NTD_WS",10,10,20,4,14,18,69,33,63,37,0,1,51,50,1,70,6,2,36
125,47,NA,"2","",1,"5",3,"10","7","","4","36","NTD_WS",10,10,20,1,16,17,69,33,60,39,0,1,51,50,1,70,6,2,36
126,21,NA,"2","",0,"2",8,"7","1","","5","35","NTD_WS",10,10,20,22,2,24,69,58,81,50,0,0,64,66,0,77,22,2,35
126,22,NA,"2","",0,"2",8,"7","1","","5","35","NTD_WS",10,10,20,19,4,23,69,58,78,52,0,0,64,65,0,77,22,2,35
126,23,NA,"2","",0,"2",8,"7","1","","5","35","NTD_WS",10,10,20,16,6,22,69,58,75,54,0,0,64,65,0,77,22,2,35
126,24,NA,"2","",0,"2",8,"7","1","","5","35","NTD_WS",10,10,20,13,8,21,69,58,72,56,0,0,64,64,0,77,22,2,35
126,25,NA,"2","",0,"2",8,"7","1","","5","35","NTD_WS",10,10,20,7,12,19,69,58,66,60,0,0,64,63,0,77,22,2,35
126,26,NA,"2","",0,"2",8,"7","1","","5","35","NTD_WS",10,10,20,4,14,18,69,58,63,62,0,0,64,63,0,77,22,2,35
126,27,NA,"2","",0,"2",8,"7","1","","5","35","NTD_WS",10,10,20,1,16,17,69,58,60,64,0,0,64,62,0,77,22,2,35
126,31,NA,"2","",1,"2",8,"7","1","","5","35","NTD_WS",10,10,20,22,2,24,69,43,81,35,1,0,56,58,0,77,22,2,35
126,32,NA,"2","",1,"2",8,"7","1","","5","35","NTD_WS",10,10,20,19,4,23,69,43,78,37,1,0,56,58,0,77,22,2,35
126,33,NA,"2","",1,"2",8,"7","1","","5","35","NTD_WS",10,10,20,16,6,22,69,43,75,39,1,0,56,57,0,77,22,2,35
126,34,NA,"2","",0,"2",8,"7","1","","5","35","NTD_WS",10,10,20,13,8,21,69,43,72,41,1,0,56,57,0,77,22,2,35
126,35,NA,"2","",1,"2",8,"7","1","","5","35","NTD_WS",10,10,20,7,12,19,69,43,66,45,1,0,56,56,0,77,22,2,35
126,36,NA,"2","",1,"2",8,"7","1","","5","35","NTD_WS",10,10,20,4,14,18,69,43,63,47,1,0,56,55,0,77,22,2,35
126,37,NA,"2","",1,"2",8,"7","1","","5","35","NTD_WS",10,10,20,1,16,17,69,43,60,49,1,0,56,55,0,77,22,2,35
126,41,NA,"2","",0,"2",8,"7","1","","5","35","NTD_WS",10,10,20,22,2,24,69,33,81,25,0,1,51,53,0,77,22,2,35
126,42,NA,"2","",0,"2",8,"7","1","","5","35","NTD_WS",10,10,20,19,4,23,69,33,78,27,0,1,51,53,0,77,22,2,35
126,43,NA,"2","",0,"2",8,"7","1","","5","35","NTD_WS",10,10,20,16,6,22,69,33,75,29,0,1,51,52,0,77,22,2,35
126,44,NA,"2","",NA,"2",8,"7","1","","5","35","NTD_WS",10,10,20,13,8,21,69,33,72,31,0,1,51,52,0,77,22,2,35
126,45,NA,"2","",1,"2",8,"7","1","","5","35","NTD_WS",10,10,20,7,12,19,69,33,66,35,0,1,51,51,0,77,22,2,35
126,46,NA,"2","",0,"2",8,"7","1","","5","35","NTD_WS",10,10,20,4,14,18,69,33,63,37,0,1,51,50,0,77,22,2,35
126,47,NA,"2","",0,"2",8,"7","1","","5","35","NTD_WS",10,10,20,1,16,17,69,33,60,39,0,1,51,50,0,77,22,2,35
127,21,NA,"2","",1,"5",11,"10","7","","4","34","NTD_WS",10,10,20,22,2,24,69,58,81,50,0,0,64,66,1,70,NA,2,34
127,22,NA,"2","",1,"5",11,"10","7","","4","34","NTD_WS",10,10,20,19,4,23,69,58,78,52,0,0,64,65,1,70,NA,2,34
127,23,NA,"2","",NA,"5",11,"10","7","","4","34","NTD_WS",10,10,20,16,6,22,69,58,75,54,0,0,64,65,1,70,NA,2,34
127,24,NA,"2","",1,"5",11,"10","7","","4","34","NTD_WS",10,10,20,13,8,21,69,58,72,56,0,0,64,64,1,70,NA,2,34
127,25,NA,"2","",0,"5",11,"10","7","","4","34","NTD_WS",10,10,20,7,12,19,69,58,66,60,0,0,64,63,1,70,NA,2,34
127,26,NA,"2","",0,"5",11,"10","7","","4","34","NTD_WS",10,10,20,4,14,18,69,58,63,62,0,0,64,63,1,70,NA,2,34
127,27,NA,"2","",0,"5",11,"10","7","","4","34","NTD_WS",10,10,20,1,16,17,69,58,60,64,0,0,64,62,1,70,NA,2,34
127,31,NA,"2","",0,"5",11,"10","7","","4","34","NTD_WS",10,10,20,22,2,24,69,43,81,35,1,0,56,58,1,70,NA,2,34
127,32,NA,"2","",0,"5",11,"10","7","","4","34","NTD_WS",10,10,20,19,4,23,69,43,78,37,1,0,56,58,1,70,NA,2,34
127,33,NA,"2","",0,"5",11,"10","7","","4","34","NTD_WS",10,10,20,16,6,22,69,43,75,39,1,0,56,57,1,70,NA,2,34
127,34,NA,"2","",1,"5",11,"10","7","","4","34","NTD_WS",10,10,20,13,8,21,69,43,72,41,1,0,56,57,1,70,NA,2,34
127,35,NA,"2","",0,"5",11,"10","7","","4","34","NTD_WS",10,10,20,7,12,19,69,43,66,45,1,0,56,56,1,70,NA,2,34
127,36,NA,"2","",0,"5",11,"10","7","","4","34","NTD_WS",10,10,20,4,14,18,69,43,63,47,1,0,56,55,1,70,NA,2,34
127,37,NA,"2","",0,"5",11,"10","7","","4","34","NTD_WS",10,10,20,1,16,17,69,43,60,49,1,0,56,55,1,70,NA,2,34
127,41,NA,"2","",0,"5",11,"10","7","","4","34","NTD_WS",10,10,20,22,2,24,69,33,81,25,0,1,51,53,1,70,NA,2,34
127,42,NA,"2","",0,"5",11,"10","7","","4","34","NTD_WS",10,10,20,19,4,23,69,33,78,27,0,1,51,53,1,70,NA,2,34
127,43,NA,"2","",0,"5",11,"10","7","","4","34","NTD_WS",10,10,20,16,6,22,69,33,75,29,0,1,51,52,1,70,NA,2,34
127,44,NA,"2","",1,"5",11,"10","7","","4","34","NTD_WS",10,10,20,13,8,21,69,33,72,31,0,1,51,52,1,70,NA,2,34
127,45,NA,"2","",0,"5",11,"10","7","","4","34","NTD_WS",10,10,20,7,12,19,69,33,66,35,0,1,51,51,1,70,NA,2,34
127,46,NA,"2","",0,"5",11,"10","7","","4","34","NTD_WS",10,10,20,4,14,18,69,33,63,37,0,1,51,50,1,70,NA,2,34
127,47,NA,"2","",0,"5",11,"10","7","","4","34","NTD_WS",10,10,20,1,16,17,69,33,60,39,0,1,51,50,1,70,NA,2,34
128,21,NA,"2","",0,"5",3,"6.1","1,7","","4","35","NTD_WS",10,10,20,22,2,24,69,58,81,50,0,0,64,66,1,90,7,2,35
128,22,NA,"2","",0,"5",3,"6.1","1,7","","4","35","NTD_WS",10,10,20,19,4,23,69,58,78,52,0,0,64,65,1,90,7,2,35
128,23,NA,"2","",0,"5",3,"6.1","1,7","","4","35","NTD_WS",10,10,20,16,6,22,69,58,75,54,0,0,64,65,1,90,7,2,35
128,24,NA,"2","",0,"5",3,"6.1","1,7","","4","35","NTD_WS",10,10,20,13,8,21,69,58,72,56,0,0,64,64,1,90,7,2,35
128,25,NA,"2","",1,"5",3,"6.1","1,7","","4","35","NTD_WS",10,10,20,7,12,19,69,58,66,60,0,0,64,63,1,90,7,2,35
128,26,NA,"2","",1,"5",3,"6.1","1,7","","4","35","NTD_WS",10,10,20,4,14,18,69,58,63,62,0,0,64,63,1,90,7,2,35
128,27,NA,"2","",0,"5",3,"6.1","1,7","","4","35","NTD_WS",10,10,20,1,16,17,69,58,60,64,0,0,64,62,1,90,7,2,35
128,31,NA,"2","",0,"5",3,"6.1","1,7","","4","35","NTD_WS",10,10,20,22,2,24,69,43,81,35,1,0,56,58,1,90,7,2,35
128,32,NA,"2","",0,"5",3,"6.1","1,7","","4","35","NTD_WS",10,10,20,19,4,23,69,43,78,37,1,0,56,58,1,90,7,2,35
128,33,NA,"2","",0,"5",3,"6.1","1,7","","4","35","NTD_WS",10,10,20,16,6,22,69,43,75,39,1,0,56,57,1,90,7,2,35
128,34,NA,"2","",0,"5",3,"6.1","1,7","","4","35","NTD_WS",10,10,20,13,8,21,69,43,72,41,1,0,56,57,1,90,7,2,35
128,35,NA,"2","",1,"5",3,"6.1","1,7","","4","35","NTD_WS",10,10,20,7,12,19,69,43,66,45,1,0,56,56,1,90,7,2,35
128,36,NA,"2","",1,"5",3,"6.1","1,7","","4","35","NTD_WS",10,10,20,4,14,18,69,43,63,47,1,0,56,55,1,90,7,2,35
128,37,NA,"2","",1,"5",3,"6.1","1,7","","4","35","NTD_WS",10,10,20,1,16,17,69,43,60,49,1,0,56,55,1,90,7,2,35
128,41,NA,"2","",0,"5",3,"6.1","1,7","","4","35","NTD_WS",10,10,20,22,2,24,69,33,81,25,0,1,51,53,1,90,7,2,35
128,42,NA,"2","",0,"5",3,"6.1","1,7","","4","35","NTD_WS",10,10,20,19,4,23,69,33,78,27,0,1,51,53,1,90,7,2,35
128,43,NA,"2","",0,"5",3,"6.1","1,7","","4","35","NTD_WS",10,10,20,16,6,22,69,33,75,29,0,1,51,52,1,90,7,2,35
128,44,NA,"2","",0,"5",3,"6.1","1,7","","4","35","NTD_WS",10,10,20,13,8,21,69,33,72,31,0,1,51,52,1,90,7,2,35
128,45,NA,"2","",1,"5",3,"6.1","1,7","","4","35","NTD_WS",10,10,20,7,12,19,69,33,66,35,0,1,51,51,1,90,7,2,35
128,46,NA,"2","",1,"5",3,"6.1","1,7","","4","35","NTD_WS",10,10,20,4,14,18,69,33,63,37,0,1,51,50,1,90,7,2,35
128,47,NA,"2","",1,"5",3,"6.1","1,7","","4","35","NTD_WS",10,10,20,1,16,17,69,33,60,39,0,1,51,50,1,90,7,2,35
129,21,NA,"1","",0,"5",11,"9","9","","5","35","NTD_WS",10,10,20,22,2,24,69,58,81,50,0,0,64,66,1,80,NA,1,35
129,22,NA,"1","",0,"5",11,"9","9","","5","35","NTD_WS",10,10,20,19,4,23,69,58,78,52,0,0,64,65,1,80,NA,1,35
129,23,NA,"1","",0,"5",11,"9","9","","5","35","NTD_WS",10,10,20,16,6,22,69,58,75,54,0,0,64,65,1,80,NA,1,35
129,24,NA,"1","",0,"5",11,"9","9","","5","35","NTD_WS",10,10,20,13,8,21,69,58,72,56,0,0,64,64,1,80,NA,1,35
129,25,NA,"1","",1,"5",11,"9","9","","5","35","NTD_WS",10,10,20,7,12,19,69,58,66,60,0,0,64,63,1,80,NA,1,35
129,26,NA,"1","",1,"5",11,"9","9","","5","35","NTD_WS",10,10,20,4,14,18,69,58,63,62,0,0,64,63,1,80,NA,1,35
129,27,NA,"1","",1,"5",11,"9","9","","5","35","NTD_WS",10,10,20,1,16,17,69,58,60,64,0,0,64,62,1,80,NA,1,35
129,31,NA,"1","",0,"5",11,"9","9","","5","35","NTD_WS",10,10,20,22,2,24,69,43,81,35,1,0,56,58,1,80,NA,1,35
129,32,NA,"1","",0,"5",11,"9","9","","5","35","NTD_WS",10,10,20,19,4,23,69,43,78,37,1,0,56,58,1,80,NA,1,35
129,33,NA,"1","",1,"5",11,"9","9","","5","35","NTD_WS",10,10,20,16,6,22,69,43,75,39,1,0,56,57,1,80,NA,1,35
129,34,NA,"1","",1,"5",11,"9","9","","5","35","NTD_WS",10,10,20,13,8,21,69,43,72,41,1,0,56,57,1,80,NA,1,35
129,35,NA,"1","",1,"5",11,"9","9","","5","35","NTD_WS",10,10,20,7,12,19,69,43,66,45,1,0,56,56,1,80,NA,1,35
129,36,NA,"1","",0,"5",11,"9","9","","5","35","NTD_WS",10,10,20,4,14,18,69,43,63,47,1,0,56,55,1,80,NA,1,35
129,37,NA,"1","",0,"5",11,"9","9","","5","35","NTD_WS",10,10,20,1,16,17,69,43,60,49,1,0,56,55,1,80,NA,1,35
129,41,NA,"1","",0,"5",11,"9","9","","5","35","NTD_WS",10,10,20,22,2,24,69,33,81,25,0,1,51,53,1,80,NA,1,35
129,42,NA,"1","",0,"5",11,"9","9","","5","35","NTD_WS",10,10,20,19,4,23,69,33,78,27,0,1,51,53,1,80,NA,1,35
129,43,NA,"1","",0,"5",11,"9","9","","5","35","NTD_WS",10,10,20,16,6,22,69,33,75,29,0,1,51,52,1,80,NA,1,35
129,44,NA,"1","",1,"5",11,"9","9","","5","35","NTD_WS",10,10,20,13,8,21,69,33,72,31,0,1,51,52,1,80,NA,1,35
129,45,NA,"1","",1,"5",11,"9","9","","5","35","NTD_WS",10,10,20,7,12,19,69,33,66,35,0,1,51,51,1,80,NA,1,35
129,46,NA,"1","",1,"5",11,"9","9","","5","35","NTD_WS",10,10,20,4,14,18,69,33,63,37,0,1,51,50,1,80,NA,1,35
129,47,NA,"1","",0,"5",11,"9","9","","5","35","NTD_WS",10,10,20,1,16,17,69,33,60,39,0,1,51,50,1,80,NA,1,35
130,21,NA,"2","",0,"5",3,"4","4","","4","36","NTD_WS",10,10,20,22,2,24,69,58,81,50,0,0,64,66,1,80,9,2,36
130,22,NA,"2","",0,"5",3,"4","4","","4","36","NTD_WS",10,10,20,19,4,23,69,58,78,52,0,0,64,65,1,80,9,2,36
130,23,NA,"2","",1,"5",3,"4","4","","4","36","NTD_WS",10,10,20,16,6,22,69,58,75,54,0,0,64,65,1,80,9,2,36
130,24,NA,"2","",1,"5",3,"4","4","","4","36","NTD_WS",10,10,20,13,8,21,69,58,72,56,0,0,64,64,1,80,9,2,36
130,25,NA,"2","",1,"5",3,"4","4","","4","36","NTD_WS",10,10,20,7,12,19,69,58,66,60,0,0,64,63,1,80,9,2,36
130,26,NA,"2","",1,"5",3,"4","4","","4","36","NTD_WS",10,10,20,4,14,18,69,58,63,62,0,0,64,63,1,80,9,2,36
130,27,NA,"2","",0,"5",3,"4","4","","4","36","NTD_WS",10,10,20,1,16,17,69,58,60,64,0,0,64,62,1,80,9,2,36
130,31,NA,"2","",0,"5",3,"4","4","","4","36","NTD_WS",10,10,20,22,2,24,69,43,81,35,1,0,56,58,1,80,9,2,36
130,32,NA,"2","",1,"5",3,"4","4","","4","36","NTD_WS",10,10,20,19,4,23,69,43,78,37,1,0,56,58,1,80,9,2,36
130,33,NA,"2","",1,"5",3,"4","4","","4","36","NTD_WS",10,10,20,16,6,22,69,43,75,39,1,0,56,57,1,80,9,2,36
130,34,NA,"2","",1,"5",3,"4","4","","4","36","NTD_WS",10,10,20,13,8,21,69,43,72,41,1,0,56,57,1,80,9,2,36
130,35,NA,"2","",1,"5",3,"4","4","","4","36","NTD_WS",10,10,20,7,12,19,69,43,66,45,1,0,56,56,1,80,9,2,36
130,36,NA,"2","",1,"5",3,"4","4","","4","36","NTD_WS",10,10,20,4,14,18,69,43,63,47,1,0,56,55,1,80,9,2,36
130,37,NA,"2","",0,"5",3,"4","4","","4","36","NTD_WS",10,10,20,1,16,17,69,43,60,49,1,0,56,55,1,80,9,2,36
130,41,NA,"2","",0,"5",3,"4","4","","4","36","NTD_WS",10,10,20,22,2,24,69,33,81,25,0,1,51,53,1,80,9,2,36
130,42,NA,"2","",1,"5",3,"4","4","","4","36","NTD_WS",10,10,20,19,4,23,69,33,78,27,0,1,51,53,1,80,9,2,36
130,43,NA,"2","",1,"5",3,"4","4","","4","36","NTD_WS",10,10,20,16,6,22,69,33,75,29,0,1,51,52,1,80,9,2,36
130,44,NA,"2","",1,"5",3,"4","4","","4","36","NTD_WS",10,10,20,13,8,21,69,33,72,31,0,1,51,52,1,80,9,2,36
130,45,NA,"2","",1,"5",3,"4","4","","4","36","NTD_WS",10,10,20,7,12,19,69,33,66,35,0,1,51,51,1,80,9,2,36
130,46,NA,"2","",1,"5",3,"4","4","","4","36","NTD_WS",10,10,20,4,14,18,69,33,63,37,0,1,51,50,1,80,9,2,36
130,47,NA,"2","",1,"5",3,"4","4","","4","36","NTD_WS",10,10,20,1,16,17,69,33,60,39,0,1,51,50,1,80,9,2,36
131,21,NA,"1","",0,"5",6,"6","1,4,7","","4","36","NTD_WS",10,10,20,22,2,24,69,58,81,50,0,0,64,66,1,90,15,1,36
131,22,NA,"1","",0,"5",6,"6","1,4,7","","4","36","NTD_WS",10,10,20,19,4,23,69,58,78,52,0,0,64,65,1,90,15,1,36
131,23,NA,"1","",0,"5",6,"6","1,4,7","","4","36","NTD_WS",10,10,20,16,6,22,69,58,75,54,0,0,64,65,1,90,15,1,36
131,24,NA,"1","",0,"5",6,"6","1,4,7","","4","36","NTD_WS",10,10,20,13,8,21,69,58,72,56,0,0,64,64,1,90,15,1,36
131,25,NA,"1","",1,"5",6,"6","1,4,7","","4","36","NTD_WS",10,10,20,7,12,19,69,58,66,60,0,0,64,63,1,90,15,1,36
131,26,NA,"1","",1,"5",6,"6","1,4,7","","4","36","NTD_WS",10,10,20,4,14,18,69,58,63,62,0,0,64,63,1,90,15,1,36
131,27,NA,"1","",0,"5",6,"6","1,4,7","","4","36","NTD_WS",10,10,20,1,16,17,69,58,60,64,0,0,64,62,1,90,15,1,36
131,31,NA,"1","",0,"5",6,"6","1,4,7","","4","36","NTD_WS",10,10,20,22,2,24,69,43,81,35,1,0,56,58,1,90,15,1,36
131,32,NA,"1","",0,"5",6,"6","1,4,7","","4","36","NTD_WS",10,10,20,19,4,23,69,43,78,37,1,0,56,58,1,90,15,1,36
131,33,NA,"1","",0,"5",6,"6","1,4,7","","4","36","NTD_WS",10,10,20,16,6,22,69,43,75,39,1,0,56,57,1,90,15,1,36
131,34,NA,"1","",0,"5",6,"6","1,4,7","","4","36","NTD_WS",10,10,20,13,8,21,69,43,72,41,1,0,56,57,1,90,15,1,36
131,35,NA,"1","",1,"5",6,"6","1,4,7","","4","36","NTD_WS",10,10,20,7,12,19,69,43,66,45,1,0,56,56,1,90,15,1,36
131,36,NA,"1","",NA,"5",6,"6","1,4,7","","4","36","NTD_WS",10,10,20,4,14,18,69,43,63,47,1,0,56,55,1,90,15,1,36
131,37,NA,"1","",1,"5",6,"6","1,4,7","","4","36","NTD_WS",10,10,20,1,16,17,69,43,60,49,1,0,56,55,1,90,15,1,36
131,41,NA,"1","",0,"5",6,"6","1,4,7","","4","36","NTD_WS",10,10,20,22,2,24,69,33,81,25,0,1,51,53,1,90,15,1,36
131,42,NA,"1","",NA,"5",6,"6","1,4,7","","4","36","NTD_WS",10,10,20,19,4,23,69,33,78,27,0,1,51,53,1,90,15,1,36
131,43,NA,"1","",0,"5",6,"6","1,4,7","","4","36","NTD_WS",10,10,20,16,6,22,69,33,75,29,0,1,51,52,1,90,15,1,36
131,44,NA,"1","",0,"5",6,"6","1,4,7","","4","36","NTD_WS",10,10,20,13,8,21,69,33,72,31,0,1,51,52,1,90,15,1,36
131,45,NA,"1","",1,"5",6,"6","1,4,7","","4","36","NTD_WS",10,10,20,7,12,19,69,33,66,35,0,1,51,51,1,90,15,1,36
131,46,NA,"1","",1,"5",6,"6","1,4,7","","4","36","NTD_WS",10,10,20,4,14,18,69,33,63,37,0,1,51,50,1,90,15,1,36
131,47,NA,"1","",1,"5",6,"6","1,4,7","","4","36","NTD_WS",10,10,20,1,16,17,69,33,60,39,0,1,51,50,1,90,15,1,36
132,21,NA,"1","",0,"5",7,"9","4,7","","4","36","NTD_WS",10,10,20,22,2,24,69,58,81,50,0,0,64,66,1,80,30,1,36
132,22,NA,"1","",1,"5",7,"9","4,7","","4","36","NTD_WS",10,10,20,19,4,23,69,58,78,52,0,0,64,65,1,80,30,1,36
132,23,NA,"1","",0,"5",7,"9","4,7","","4","36","NTD_WS",10,10,20,16,6,22,69,58,75,54,0,0,64,65,1,80,30,1,36
132,24,NA,"1","",NA,"5",7,"9","4,7","","4","36","NTD_WS",10,10,20,13,8,21,69,58,72,56,0,0,64,64,1,80,30,1,36
132,25,NA,"1","",1,"5",7,"9","4,7","","4","36","NTD_WS",10,10,20,7,12,19,69,58,66,60,0,0,64,63,1,80,30,1,36
132,26,NA,"1","",NA,"5",7,"9","4,7","","4","36","NTD_WS",10,10,20,4,14,18,69,58,63,62,0,0,64,63,1,80,30,1,36
132,27,NA,"1","",NA,"5",7,"9","4,7","","4","36","NTD_WS",10,10,20,1,16,17,69,58,60,64,0,0,64,62,1,80,30,1,36
132,31,NA,"1","",0,"5",7,"9","4,7","","4","36","NTD_WS",10,10,20,22,2,24,69,43,81,35,1,0,56,58,1,80,30,1,36
132,32,NA,"1","",0,"5",7,"9","4,7","","4","36","NTD_WS",10,10,20,19,4,23,69,43,78,37,1,0,56,58,1,80,30,1,36
132,33,NA,"1","",0,"5",7,"9","4,7","","4","36","NTD_WS",10,10,20,16,6,22,69,43,75,39,1,0,56,57,1,80,30,1,36
132,34,NA,"1","",0,"5",7,"9","4,7","","4","36","NTD_WS",10,10,20,13,8,21,69,43,72,41,1,0,56,57,1,80,30,1,36
132,35,NA,"1","",1,"5",7,"9","4,7","","4","36","NTD_WS",10,10,20,7,12,19,69,43,66,45,1,0,56,56,1,80,30,1,36
132,36,NA,"1","",1,"5",7,"9","4,7","","4","36","NTD_WS",10,10,20,4,14,18,69,43,63,47,1,0,56,55,1,80,30,1,36
132,37,NA,"1","",1,"5",7,"9","4,7","","4","36","NTD_WS",10,10,20,1,16,17,69,43,60,49,1,0,56,55,1,80,30,1,36
132,41,NA,"1","",0,"5",7,"9","4,7","","4","36","NTD_WS",10,10,20,22,2,24,69,33,81,25,0,1,51,53,1,80,30,1,36
132,42,NA,"1","",0,"5",7,"9","4,7","","4","36","NTD_WS",10,10,20,19,4,23,69,33,78,27,0,1,51,53,1,80,30,1,36
132,43,NA,"1","",0,"5",7,"9","4,7","","4","36","NTD_WS",10,10,20,16,6,22,69,33,75,29,0,1,51,52,1,80,30,1,36
132,44,NA,"1","",0,"5",7,"9","4,7","","4","36","NTD_WS",10,10,20,13,8,21,69,33,72,31,0,1,51,52,1,80,30,1,36
132,45,NA,"1","",1,"5",7,"9","4,7","","4","36","NTD_WS",10,10,20,7,12,19,69,33,66,35,0,1,51,51,1,80,30,1,36
132,46,NA,"1","",1,"5",7,"9","4,7","","4","36","NTD_WS",10,10,20,4,14,18,69,33,63,37,0,1,51,50,1,80,30,1,36
132,47,NA,"1","",1,"5",7,"9","4,7","","4","36","NTD_WS",10,10,20,1,16,17,69,33,60,39,0,1,51,50,1,80,30,1,36
133,21,NA,"1","",0,"5",6,"4.6","1","","4","35","NTD_WS",10,10,20,22,2,24,69,58,81,50,0,0,64,66,1,90,26,1,35
133,22,NA,"1","",0,"5",6,"4.6","1","","4","35","NTD_WS",10,10,20,19,4,23,69,58,78,52,0,0,64,65,1,90,26,1,35
133,23,NA,"1","",0,"5",6,"4.6","1","","4","35","NTD_WS",10,10,20,16,6,22,69,58,75,54,0,0,64,65,1,90,26,1,35
133,24,NA,"1","",0,"5",6,"4.6","1","","4","35","NTD_WS",10,10,20,13,8,21,69,58,72,56,0,0,64,64,1,90,26,1,35
133,25,NA,"1","",1,"5",6,"4.6","1","","4","35","NTD_WS",10,10,20,7,12,19,69,58,66,60,0,0,64,63,1,90,26,1,35
133,26,NA,"1","",1,"5",6,"4.6","1","","4","35","NTD_WS",10,10,20,4,14,18,69,58,63,62,0,0,64,63,1,90,26,1,35
133,27,NA,"1","",1,"5",6,"4.6","1","","4","35","NTD_WS",10,10,20,1,16,17,69,58,60,64,0,0,64,62,1,90,26,1,35
133,31,NA,"1","",0,"5",6,"4.6","1","","4","35","NTD_WS",10,10,20,22,2,24,69,43,81,35,1,0,56,58,1,90,26,1,35
133,32,NA,"1","",0,"5",6,"4.6","1","","4","35","NTD_WS",10,10,20,19,4,23,69,43,78,37,1,0,56,58,1,90,26,1,35
133,33,NA,"1","",0,"5",6,"4.6","1","","4","35","NTD_WS",10,10,20,16,6,22,69,43,75,39,1,0,56,57,1,90,26,1,35
133,34,NA,"1","",0,"5",6,"4.6","1","","4","35","NTD_WS",10,10,20,13,8,21,69,43,72,41,1,0,56,57,1,90,26,1,35
133,35,NA,"1","",1,"5",6,"4.6","1","","4","35","NTD_WS",10,10,20,7,12,19,69,43,66,45,1,0,56,56,1,90,26,1,35
133,36,NA,"1","",1,"5",6,"4.6","1","","4","35","NTD_WS",10,10,20,4,14,18,69,43,63,47,1,0,56,55,1,90,26,1,35
133,37,NA,"1","",1,"5",6,"4.6","1","","4","35","NTD_WS",10,10,20,1,16,17,69,43,60,49,1,0,56,55,1,90,26,1,35
133,41,NA,"1","",0,"5",6,"4.6","1","","4","35","NTD_WS",10,10,20,22,2,24,69,33,81,25,0,1,51,53,1,90,26,1,35
133,42,NA,"1","",0,"5",6,"4.6","1","","4","35","NTD_WS",10,10,20,19,4,23,69,33,78,27,0,1,51,53,1,90,26,1,35
133,43,NA,"1","",0,"5",6,"4.6","1","","4","35","NTD_WS",10,10,20,16,6,22,69,33,75,29,0,1,51,52,1,90,26,1,35
133,44,NA,"1","",0,"5",6,"4.6","1","","4","35","NTD_WS",10,10,20,13,8,21,69,33,72,31,0,1,51,52,1,90,26,1,35
133,45,NA,"1","",1,"5",6,"4.6","1","","4","35","NTD_WS",10,10,20,7,12,19,69,33,66,35,0,1,51,51,1,90,26,1,35
133,46,NA,"1","",1,"5",6,"4.6","1","","4","35","NTD_WS",10,10,20,4,14,18,69,33,63,37,0,1,51,50,1,90,26,1,35
133,47,NA,"1","",1,"5",6,"4.6","1","","4","35","NTD_WS",10,10,20,1,16,17,69,33,60,39,0,1,51,50,1,90,26,1,35
134,21,NA,"1","",0,"2",2,"6","7","","4","35","NTD_WS",10,10,20,22,2,24,69,58,81,50,0,0,64,66,0,90,3,1,35
134,22,NA,"1","",0,"2",2,"6","7","","4","35","NTD_WS",10,10,20,19,4,23,69,58,78,52,0,0,64,65,0,90,3,1,35
134,23,NA,"1","",0,"2",2,"6","7","","4","35","NTD_WS",10,10,20,16,6,22,69,58,75,54,0,0,64,65,0,90,3,1,35
134,24,NA,"1","",0,"2",2,"6","7","","4","35","NTD_WS",10,10,20,13,8,21,69,58,72,56,0,0,64,64,0,90,3,1,35
134,25,NA,"1","",1,"2",2,"6","7","","4","35","NTD_WS",10,10,20,7,12,19,69,58,66,60,0,0,64,63,0,90,3,1,35
134,26,NA,"1","",1,"2",2,"6","7","","4","35","NTD_WS",10,10,20,4,14,18,69,58,63,62,0,0,64,63,0,90,3,1,35
134,27,NA,"1","",0,"2",2,"6","7","","4","35","NTD_WS",10,10,20,1,16,17,69,58,60,64,0,0,64,62,0,90,3,1,35
134,31,NA,"1","",0,"2",2,"6","7","","4","35","NTD_WS",10,10,20,22,2,24,69,43,81,35,1,0,56,58,0,90,3,1,35
134,32,NA,"1","",0,"2",2,"6","7","","4","35","NTD_WS",10,10,20,19,4,23,69,43,78,37,1,0,56,58,0,90,3,1,35
134,33,NA,"1","",0,"2",2,"6","7","","4","35","NTD_WS",10,10,20,16,6,22,69,43,75,39,1,0,56,57,0,90,3,1,35
134,34,NA,"1","",0,"2",2,"6","7","","4","35","NTD_WS",10,10,20,13,8,21,69,43,72,41,1,0,56,57,0,90,3,1,35
134,35,NA,"1","",0,"2",2,"6","7","","4","35","NTD_WS",10,10,20,7,12,19,69,43,66,45,1,0,56,56,0,90,3,1,35
134,36,NA,"1","",1,"2",2,"6","7","","4","35","NTD_WS",10,10,20,4,14,18,69,43,63,47,1,0,56,55,0,90,3,1,35
134,37,NA,"1","",1,"2",2,"6","7","","4","35","NTD_WS",10,10,20,1,16,17,69,43,60,49,1,0,56,55,0,90,3,1,35
134,41,NA,"1","",0,"2",2,"6","7","","4","35","NTD_WS",10,10,20,22,2,24,69,33,81,25,0,1,51,53,0,90,3,1,35
134,42,NA,"1","",0,"2",2,"6","7","","4","35","NTD_WS",10,10,20,19,4,23,69,33,78,27,0,1,51,53,0,90,3,1,35
134,43,NA,"1","",0,"2",2,"6","7","","4","35","NTD_WS",10,10,20,16,6,22,69,33,75,29,0,1,51,52,0,90,3,1,35
134,44,NA,"1","",0,"2",2,"6","7","","4","35","NTD_WS",10,10,20,13,8,21,69,33,72,31,0,1,51,52,0,90,3,1,35
134,45,NA,"1","",1,"2",2,"6","7","","4","35","NTD_WS",10,10,20,7,12,19,69,33,66,35,0,1,51,51,0,90,3,1,35
134,46,NA,"1","",1,"2",2,"6","7","","4","35","NTD_WS",10,10,20,4,14,18,69,33,63,37,0,1,51,50,0,90,3,1,35
134,47,NA,"1","",0,"2",2,"6","7","","4","35","NTD_WS",10,10,20,1,16,17,69,33,60,39,0,1,51,50,0,90,3,1,35
135,21,NA,"1","",0,"2",5,"6","1","","5","34","NTD_WS",10,10,20,22,2,24,69,58,81,50,0,0,64,66,0,80,10,1,34
135,22,NA,"1","",0,"2",5,"6","1","","5","34","NTD_WS",10,10,20,19,4,23,69,58,78,52,0,0,64,65,0,80,10,1,34
135,23,NA,"1","",0,"2",5,"6","1","","5","34","NTD_WS",10,10,20,16,6,22,69,58,75,54,0,0,64,65,0,80,10,1,34
135,24,NA,"1","",0,"2",5,"6","1","","5","34","NTD_WS",10,10,20,13,8,21,69,58,72,56,0,0,64,64,0,80,10,1,34
135,25,NA,"1","",1,"2",5,"6","1","","5","34","NTD_WS",10,10,20,7,12,19,69,58,66,60,0,0,64,63,0,80,10,1,34
135,26,NA,"1","",1,"2",5,"6","1","","5","34","NTD_WS",10,10,20,4,14,18,69,58,63,62,0,0,64,63,0,80,10,1,34
135,27,NA,"1","",NA,"2",5,"6","1","","5","34","NTD_WS",10,10,20,1,16,17,69,58,60,64,0,0,64,62,0,80,10,1,34
135,31,NA,"1","",0,"2",5,"6","1","","5","34","NTD_WS",10,10,20,22,2,24,69,43,81,35,1,0,56,58,0,80,10,1,34
135,32,NA,"1","",0,"2",5,"6","1","","5","34","NTD_WS",10,10,20,19,4,23,69,43,78,37,1,0,56,58,0,80,10,1,34
135,33,NA,"1","",0,"2",5,"6","1","","5","34","NTD_WS",10,10,20,16,6,22,69,43,75,39,1,0,56,57,0,80,10,1,34
135,34,NA,"1","",0,"2",5,"6","1","","5","34","NTD_WS",10,10,20,13,8,21,69,43,72,41,1,0,56,57,0,80,10,1,34
135,35,NA,"1","",1,"2",5,"6","1","","5","34","NTD_WS",10,10,20,7,12,19,69,43,66,45,1,0,56,56,0,80,10,1,34
135,36,NA,"1","",1,"2",5,"6","1","","5","34","NTD_WS",10,10,20,4,14,18,69,43,63,47,1,0,56,55,0,80,10,1,34
135,37,NA,"1","",1,"2",5,"6","1","","5","34","NTD_WS",10,10,20,1,16,17,69,43,60,49,1,0,56,55,0,80,10,1,34
135,41,NA,"1","",0,"2",5,"6","1","","5","34","NTD_WS",10,10,20,22,2,24,69,33,81,25,0,1,51,53,0,80,10,1,34
135,42,NA,"1","",0,"2",5,"6","1","","5","34","NTD_WS",10,10,20,19,4,23,69,33,78,27,0,1,51,53,0,80,10,1,34
135,43,NA,"1","",0,"2",5,"6","1","","5","34","NTD_WS",10,10,20,16,6,22,69,33,75,29,0,1,51,52,0,80,10,1,34
135,44,NA,"1","",0,"2",5,"6","1","","5","34","NTD_WS",10,10,20,13,8,21,69,33,72,31,0,1,51,52,0,80,10,1,34
135,45,NA,"1","",1,"2",5,"6","1","","5","34","NTD_WS",10,10,20,7,12,19,69,33,66,35,0,1,51,51,0,80,10,1,34
135,46,NA,"1","",1,"2",5,"6","1","","5","34","NTD_WS",10,10,20,4,14,18,69,33,63,37,0,1,51,50,0,80,10,1,34
135,47,NA,"1","",1,"2",5,"6","1","","5","34","NTD_WS",10,10,20,1,16,17,69,33,60,39,0,1,51,50,0,80,10,1,34
136,21,NA,"2","",0,"5",8,"5","4","","5","35","NTD_WS",10,10,20,22,2,24,69,58,81,50,0,0,64,66,1,85,30,2,35
136,22,NA,"2","",0,"5",8,"5","4","","5","35","NTD_WS",10,10,20,19,4,23,69,58,78,52,0,0,64,65,1,85,30,2,35
136,23,NA,"2","",0,"5",8,"5","4","","5","35","NTD_WS",10,10,20,16,6,22,69,58,75,54,0,0,64,65,1,85,30,2,35
136,24,NA,"2","",0,"5",8,"5","4","","5","35","NTD_WS",10,10,20,13,8,21,69,58,72,56,0,0,64,64,1,85,30,2,35
136,25,NA,"2","",1,"5",8,"5","4","","5","35","NTD_WS",10,10,20,7,12,19,69,58,66,60,0,0,64,63,1,85,30,2,35
136,26,NA,"2","",1,"5",8,"5","4","","5","35","NTD_WS",10,10,20,4,14,18,69,58,63,62,0,0,64,63,1,85,30,2,35
136,27,NA,"2","",1,"5",8,"5","4","","5","35","NTD_WS",10,10,20,1,16,17,69,58,60,64,0,0,64,62,1,85,30,2,35
136,31,NA,"2","",1,"5",8,"5","4","","5","35","NTD_WS",10,10,20,22,2,24,69,43,81,35,1,0,56,58,1,85,30,2,35
136,32,NA,"2","",1,"5",8,"5","4","","5","35","NTD_WS",10,10,20,19,4,23,69,43,78,37,1,0,56,58,1,85,30,2,35
136,33,NA,"2","",0,"5",8,"5","4","","5","35","NTD_WS",10,10,20,16,6,22,69,43,75,39,1,0,56,57,1,85,30,2,35
136,34,NA,"2","",0,"5",8,"5","4","","5","35","NTD_WS",10,10,20,13,8,21,69,43,72,41,1,0,56,57,1,85,30,2,35
136,35,NA,"2","",1,"5",8,"5","4","","5","35","NTD_WS",10,10,20,7,12,19,69,43,66,45,1,0,56,56,1,85,30,2,35
136,36,NA,"2","",1,"5",8,"5","4","","5","35","NTD_WS",10,10,20,4,14,18,69,43,63,47,1,0,56,55,1,85,30,2,35
136,37,NA,"2","",1,"5",8,"5","4","","5","35","NTD_WS",10,10,20,1,16,17,69,43,60,49,1,0,56,55,1,85,30,2,35
136,41,NA,"2","",0,"5",8,"5","4","","5","35","NTD_WS",10,10,20,22,2,24,69,33,81,25,0,1,51,53,1,85,30,2,35
136,42,NA,"2","",0,"5",8,"5","4","","5","35","NTD_WS",10,10,20,19,4,23,69,33,78,27,0,1,51,53,1,85,30,2,35
136,43,NA,"2","",0,"5",8,"5","4","","5","35","NTD_WS",10,10,20,16,6,22,69,33,75,29,0,1,51,52,1,85,30,2,35
136,44,NA,"2","",0,"5",8,"5","4","","5","35","NTD_WS",10,10,20,13,8,21,69,33,72,31,0,1,51,52,1,85,30,2,35
136,45,NA,"2","",1,"5",8,"5","4","","5","35","NTD_WS",10,10,20,7,12,19,69,33,66,35,0,1,51,51,1,85,30,2,35
136,46,NA,"2","",1,"5",8,"5","4","","5","35","NTD_WS",10,10,20,4,14,18,69,33,63,37,0,1,51,50,1,85,30,2,35
136,47,NA,"2","",1,"5",8,"5","4","","5","35","NTD_WS",10,10,20,1,16,17,69,33,60,39,0,1,51,50,1,85,30,2,35
137,21,NA,"1","",0,"5",3,"6","1,7","","4","33","NTD_WS",10,10,20,22,2,24,69,58,81,50,0,0,64,66,1,90,6,1,33
137,22,NA,"1","",0,"5",3,"6","1,7","","4","33","NTD_WS",10,10,20,19,4,23,69,58,78,52,0,0,64,65,1,90,6,1,33
137,23,NA,"1","",1,"5",3,"6","1,7","","4","33","NTD_WS",10,10,20,16,6,22,69,58,75,54,0,0,64,65,1,90,6,1,33
137,24,NA,"1","",1,"5",3,"6","1,7","","4","33","NTD_WS",10,10,20,13,8,21,69,58,72,56,0,0,64,64,1,90,6,1,33
137,25,NA,"1","",1,"5",3,"6","1,7","","4","33","NTD_WS",10,10,20,7,12,19,69,58,66,60,0,0,64,63,1,90,6,1,33
137,26,NA,"1","",1,"5",3,"6","1,7","","4","33","NTD_WS",10,10,20,4,14,18,69,58,63,62,0,0,64,63,1,90,6,1,33
137,27,NA,"1","",1,"5",3,"6","1,7","","4","33","NTD_WS",10,10,20,1,16,17,69,58,60,64,0,0,64,62,1,90,6,1,33
137,31,NA,"1","",0,"5",3,"6","1,7","","4","33","NTD_WS",10,10,20,22,2,24,69,43,81,35,1,0,56,58,1,90,6,1,33
137,32,NA,"1","",0,"5",3,"6","1,7","","4","33","NTD_WS",10,10,20,19,4,23,69,43,78,37,1,0,56,58,1,90,6,1,33
137,33,NA,"1","",0,"5",3,"6","1,7","","4","33","NTD_WS",10,10,20,16,6,22,69,43,75,39,1,0,56,57,1,90,6,1,33
137,34,NA,"1","",0,"5",3,"6","1,7","","4","33","NTD_WS",10,10,20,13,8,21,69,43,72,41,1,0,56,57,1,90,6,1,33
137,35,NA,"1","",0,"5",3,"6","1,7","","4","33","NTD_WS",10,10,20,7,12,19,69,43,66,45,1,0,56,56,1,90,6,1,33
137,36,NA,"1","",0,"5",3,"6","1,7","","4","33","NTD_WS",10,10,20,4,14,18,69,43,63,47,1,0,56,55,1,90,6,1,33
137,37,NA,"1","",1,"5",3,"6","1,7","","4","33","NTD_WS",10,10,20,1,16,17,69,43,60,49,1,0,56,55,1,90,6,1,33
137,41,NA,"1","",0,"5",3,"6","1,7","","4","33","NTD_WS",10,10,20,22,2,24,69,33,81,25,0,1,51,53,1,90,6,1,33
137,42,NA,"1","",0,"5",3,"6","1,7","","4","33","NTD_WS",10,10,20,19,4,23,69,33,78,27,0,1,51,53,1,90,6,1,33
137,43,NA,"1","",0,"5",3,"6","1,7","","4","33","NTD_WS",10,10,20,16,6,22,69,33,75,29,0,1,51,52,1,90,6,1,33
137,44,NA,"1","",0,"5",3,"6","1,7","","4","33","NTD_WS",10,10,20,13,8,21,69,33,72,31,0,1,51,52,1,90,6,1,33
137,45,NA,"1","",1,"5",3,"6","1,7","","4","33","NTD_WS",10,10,20,7,12,19,69,33,66,35,0,1,51,51,1,90,6,1,33
137,46,NA,"1","",1,"5",3,"6","1,7","","4","33","NTD_WS",10,10,20,4,14,18,69,33,63,37,0,1,51,50,1,90,6,1,33
137,47,NA,"1","",1,"5",3,"6","1,7","","4","33","NTD_WS",10,10,20,1,16,17,69,33,60,39,0,1,51,50,1,90,6,1,33
138,21,NA,"1","",0,"5",1,"6","7","","5","35","NTD_WS",10,10,20,22,2,24,69,58,81,50,0,0,64,66,1,80,0,1,35
138,22,NA,"1","",0,"5",1,"6","7","","5","35","NTD_WS",10,10,20,19,4,23,69,58,78,52,0,0,64,65,1,80,0,1,35
138,23,NA,"1","",0,"5",1,"6","7","","5","35","NTD_WS",10,10,20,16,6,22,69,58,75,54,0,0,64,65,1,80,0,1,35
138,24,NA,"1","",0,"5",1,"6","7","","5","35","NTD_WS",10,10,20,13,8,21,69,58,72,56,0,0,64,64,1,80,0,1,35
138,25,NA,"1","",1,"5",1,"6","7","","5","35","NTD_WS",10,10,20,7,12,19,69,58,66,60,0,0,64,63,1,80,0,1,35
138,26,NA,"1","",1,"5",1,"6","7","","5","35","NTD_WS",10,10,20,4,14,18,69,58,63,62,0,0,64,63,1,80,0,1,35
138,27,NA,"1","",0,"5",1,"6","7","","5","35","NTD_WS",10,10,20,1,16,17,69,58,60,64,0,0,64,62,1,80,0,1,35
138,31,NA,"1","",0,"5",1,"6","7","","5","35","NTD_WS",10,10,20,22,2,24,69,43,81,35,1,0,56,58,1,80,0,1,35
138,32,NA,"1","",0,"5",1,"6","7","","5","35","NTD_WS",10,10,20,19,4,23,69,43,78,37,1,0,56,58,1,80,0,1,35
138,33,NA,"1","",0,"5",1,"6","7","","5","35","NTD_WS",10,10,20,16,6,22,69,43,75,39,1,0,56,57,1,80,0,1,35
138,34,NA,"1","",0,"5",1,"6","7","","5","35","NTD_WS",10,10,20,13,8,21,69,43,72,41,1,0,56,57,1,80,0,1,35
138,35,NA,"1","",1,"5",1,"6","7","","5","35","NTD_WS",10,10,20,7,12,19,69,43,66,45,1,0,56,56,1,80,0,1,35
138,36,NA,"1","",1,"5",1,"6","7","","5","35","NTD_WS",10,10,20,4,14,18,69,43,63,47,1,0,56,55,1,80,0,1,35
138,37,NA,"1","",1,"5",1,"6","7","","5","35","NTD_WS",10,10,20,1,16,17,69,43,60,49,1,0,56,55,1,80,0,1,35
138,41,NA,"1","",0,"5",1,"6","7","","5","35","NTD_WS",10,10,20,22,2,24,69,33,81,25,0,1,51,53,1,80,0,1,35
138,42,NA,"1","",0,"5",1,"6","7","","5","35","NTD_WS",10,10,20,19,4,23,69,33,78,27,0,1,51,53,1,80,0,1,35
138,43,NA,"1","",0,"5",1,"6","7","","5","35","NTD_WS",10,10,20,16,6,22,69,33,75,29,0,1,51,52,1,80,0,1,35
138,44,NA,"1","",0,"5",1,"6","7","","5","35","NTD_WS",10,10,20,13,8,21,69,33,72,31,0,1,51,52,1,80,0,1,35
138,45,NA,"1","",1,"5",1,"6","7","","5","35","NTD_WS",10,10,20,7,12,19,69,33,66,35,0,1,51,51,1,80,0,1,35
138,46,NA,"1","",1,"5",1,"6","7","","5","35","NTD_WS",10,10,20,4,14,18,69,33,63,37,0,1,51,50,1,80,0,1,35
138,47,NA,"1","",1,"5",1,"6","7","","5","35","NTD_WS",10,10,20,1,16,17,69,33,60,39,0,1,51,50,1,80,0,1,35
139,21,NA,"1","",0,"2",8,"4","1,9","","5","32","NTD_WS",10,10,20,22,2,24,69,58,81,50,0,0,64,66,0,80,23,1,32
139,22,NA,"1","",0,"2",8,"4","1,9","","5","32","NTD_WS",10,10,20,19,4,23,69,58,78,52,0,0,64,65,0,80,23,1,32
139,23,NA,"1","",0,"2",8,"4","1,9","","5","32","NTD_WS",10,10,20,16,6,22,69,58,75,54,0,0,64,65,0,80,23,1,32
139,24,NA,"1","",0,"2",8,"4","1,9","","5","32","NTD_WS",10,10,20,13,8,21,69,58,72,56,0,0,64,64,0,80,23,1,32
139,25,NA,"1","",1,"2",8,"4","1,9","","5","32","NTD_WS",10,10,20,7,12,19,69,58,66,60,0,0,64,63,0,80,23,1,32
139,26,NA,"1","",1,"2",8,"4","1,9","","5","32","NTD_WS",10,10,20,4,14,18,69,58,63,62,0,0,64,63,0,80,23,1,32
139,27,NA,"1","",0,"2",8,"4","1,9","","5","32","NTD_WS",10,10,20,1,16,17,69,58,60,64,0,0,64,62,0,80,23,1,32
139,31,NA,"1","",1,"2",8,"4","1,9","","5","32","NTD_WS",10,10,20,22,2,24,69,43,81,35,1,0,56,58,0,80,23,1,32
139,32,NA,"1","",0,"2",8,"4","1,9","","5","32","NTD_WS",10,10,20,19,4,23,69,43,78,37,1,0,56,58,0,80,23,1,32
139,33,NA,"1","",0,"2",8,"4","1,9","","5","32","NTD_WS",10,10,20,16,6,22,69,43,75,39,1,0,56,57,0,80,23,1,32
139,34,NA,"1","",0,"2",8,"4","1,9","","5","32","NTD_WS",10,10,20,13,8,21,69,43,72,41,1,0,56,57,0,80,23,1,32
139,35,NA,"1","",0,"2",8,"4","1,9","","5","32","NTD_WS",10,10,20,7,12,19,69,43,66,45,1,0,56,56,0,80,23,1,32
139,36,NA,"1","",0,"2",8,"4","1,9","","5","32","NTD_WS",10,10,20,4,14,18,69,43,63,47,1,0,56,55,0,80,23,1,32
139,37,NA,"1","",0,"2",8,"4","1,9","","5","32","NTD_WS",10,10,20,1,16,17,69,43,60,49,1,0,56,55,0,80,23,1,32
139,41,NA,"1","",0,"2",8,"4","1,9","","5","32","NTD_WS",10,10,20,22,2,24,69,33,81,25,0,1,51,53,0,80,23,1,32
139,42,NA,"1","",0,"2",8,"4","1,9","","5","32","NTD_WS",10,10,20,19,4,23,69,33,78,27,0,1,51,53,0,80,23,1,32
139,43,NA,"1","",0,"2",8,"4","1,9","","5","32","NTD_WS",10,10,20,16,6,22,69,33,75,29,0,1,51,52,0,80,23,1,32
139,44,NA,"1","",1,"2",8,"4","1,9","","5","32","NTD_WS",10,10,20,13,8,21,69,33,72,31,0,1,51,52,0,80,23,1,32
139,45,NA,"1","",0,"2",8,"4","1,9","","5","32","NTD_WS",10,10,20,7,12,19,69,33,66,35,0,1,51,51,0,80,23,1,32
139,46,NA,"1","",0,"2",8,"4","1,9","","5","32","NTD_WS",10,10,20,4,14,18,69,33,63,37,0,1,51,50,0,80,23,1,32
139,47,NA,"1","",0,"2",8,"4","1,9","","5","32","NTD_WS",10,10,20,1,16,17,69,33,60,39,0,1,51,50,0,80,23,1,32
140,21,NA,"1","",0,"2",3,"6","1,7","","4","36","Denmark",10,10,20,22,2,24,69,58,81,50,0,0,64,66,0,70,10,1,36
140,22,NA,"1","",0,"2",3,"6","1,7","","4","36","Denmark",10,10,20,19,4,23,69,58,78,52,0,0,64,65,0,70,10,1,36
140,23,NA,"1","",0,"2",3,"6","1,7","","4","36","Denmark",10,10,20,16,6,22,69,58,75,54,0,0,64,65,0,70,10,1,36
140,24,NA,"1","",0,"2",3,"6","1,7","","4","36","Denmark",10,10,20,13,8,21,69,58,72,56,0,0,64,64,0,70,10,1,36
140,25,NA,"1","",1,"2",3,"6","1,7","","4","36","Denmark",10,10,20,7,12,19,69,58,66,60,0,0,64,63,0,70,10,1,36
140,26,NA,"1","",1,"2",3,"6","1,7","","4","36","Denmark",10,10,20,4,14,18,69,58,63,62,0,0,64,63,0,70,10,1,36
140,27,NA,"1","",1,"2",3,"6","1,7","","4","36","Denmark",10,10,20,1,16,17,69,58,60,64,0,0,64,62,0,70,10,1,36
140,31,NA,"1","",0,"2",3,"6","1,7","","4","36","Denmark",10,10,20,22,2,24,69,43,81,35,1,0,56,58,0,70,10,1,36
140,32,NA,"1","",0,"2",3,"6","1,7","","4","36","Denmark",10,10,20,19,4,23,69,43,78,37,1,0,56,58,0,70,10,1,36
140,33,NA,"1","",0,"2",3,"6","1,7","","4","36","Denmark",10,10,20,16,6,22,69,43,75,39,1,0,56,57,0,70,10,1,36
140,34,NA,"1","",0,"2",3,"6","1,7","","4","36","Denmark",10,10,20,13,8,21,69,43,72,41,1,0,56,57,0,70,10,1,36
140,35,NA,"1","",1,"2",3,"6","1,7","","4","36","Denmark",10,10,20,7,12,19,69,43,66,45,1,0,56,56,0,70,10,1,36
140,36,NA,"1","",1,"2",3,"6","1,7","","4","36","Denmark",10,10,20,4,14,18,69,43,63,47,1,0,56,55,0,70,10,1,36
140,37,NA,"1","",1,"2",3,"6","1,7","","4","36","Denmark",10,10,20,1,16,17,69,43,60,49,1,0,56,55,0,70,10,1,36
140,41,NA,"1","",0,"2",3,"6","1,7","","4","36","Denmark",10,10,20,22,2,24,69,33,81,25,0,1,51,53,0,70,10,1,36
140,42,NA,"1","",0,"2",3,"6","1,7","","4","36","Denmark",10,10,20,19,4,23,69,33,78,27,0,1,51,53,0,70,10,1,36
140,43,NA,"1","",0,"2",3,"6","1,7","","4","36","Denmark",10,10,20,16,6,22,69,33,75,29,0,1,51,52,0,70,10,1,36
140,44,NA,"1","",0,"2",3,"6","1,7","","4","36","Denmark",10,10,20,13,8,21,69,33,72,31,0,1,51,52,0,70,10,1,36
140,45,NA,"1","",1,"2",3,"6","1,7","","4","36","Denmark",10,10,20,7,12,19,69,33,66,35,0,1,51,51,0,70,10,1,36
140,46,NA,"1","",1,"2",3,"6","1,7","","4","36","Denmark",10,10,20,4,14,18,69,33,63,37,0,1,51,50,0,70,10,1,36
140,47,NA,"1","",1,"2",3,"6","1,7","","4","36","Denmark",10,10,20,1,16,17,69,33,60,39,0,1,51,50,0,70,10,1,36
141,21,NA,"1","",0,"5",5,"6","1","","5","33","Denmark",10,10,20,22,2,24,69,58,81,50,0,0,64,66,1,85,20,1,33
141,22,NA,"1","",0,"5",5,"6","1","","5","33","Denmark",10,10,20,19,4,23,69,58,78,52,0,0,64,65,1,85,20,1,33
141,23,NA,"1","",0,"5",5,"6","1","","5","33","Denmark",10,10,20,16,6,22,69,58,75,54,0,0,64,65,1,85,20,1,33
141,24,NA,"1","",0,"5",5,"6","1","","5","33","Denmark",10,10,20,13,8,21,69,58,72,56,0,0,64,64,1,85,20,1,33
141,25,NA,"1","",1,"5",5,"6","1","","5","33","Denmark",10,10,20,7,12,19,69,58,66,60,0,0,64,63,1,85,20,1,33
141,26,NA,"1","",1,"5",5,"6","1","","5","33","Denmark",10,10,20,4,14,18,69,58,63,62,0,0,64,63,1,85,20,1,33
141,27,NA,"1","",1,"5",5,"6","1","","5","33","Denmark",10,10,20,1,16,17,69,58,60,64,0,0,64,62,1,85,20,1,33
141,31,NA,"1","",0,"5",5,"6","1","","5","33","Denmark",10,10,20,22,2,24,69,43,81,35,1,0,56,58,1,85,20,1,33
141,32,NA,"1","",0,"5",5,"6","1","","5","33","Denmark",10,10,20,19,4,23,69,43,78,37,1,0,56,58,1,85,20,1,33
141,33,NA,"1","",0,"5",5,"6","1","","5","33","Denmark",10,10,20,16,6,22,69,43,75,39,1,0,56,57,1,85,20,1,33
141,34,NA,"1","",0,"5",5,"6","1","","5","33","Denmark",10,10,20,13,8,21,69,43,72,41,1,0,56,57,1,85,20,1,33
141,35,NA,"1","",1,"5",5,"6","1","","5","33","Denmark",10,10,20,7,12,19,69,43,66,45,1,0,56,56,1,85,20,1,33
141,36,NA,"1","",1,"5",5,"6","1","","5","33","Denmark",10,10,20,4,14,18,69,43,63,47,1,0,56,55,1,85,20,1,33
141,37,NA,"1","",0,"5",5,"6","1","","5","33","Denmark",10,10,20,1,16,17,69,43,60,49,1,0,56,55,1,85,20,1,33
141,41,NA,"1","",0,"5",5,"6","1","","5","33","Denmark",10,10,20,22,2,24,69,33,81,25,0,1,51,53,1,85,20,1,33
141,42,NA,"1","",0,"5",5,"6","1","","5","33","Denmark",10,10,20,19,4,23,69,33,78,27,0,1,51,53,1,85,20,1,33
141,43,NA,"1","",0,"5",5,"6","1","","5","33","Denmark",10,10,20,16,6,22,69,33,75,29,0,1,51,52,1,85,20,1,33
141,44,NA,"1","",0,"5",5,"6","1","","5","33","Denmark",10,10,20,13,8,21,69,33,72,31,0,1,51,52,1,85,20,1,33
141,45,NA,"1","",0,"5",5,"6","1","","5","33","Denmark",10,10,20,7,12,19,69,33,66,35,0,1,51,51,1,85,20,1,33
141,46,NA,"1","",0,"5",5,"6","1","","5","33","Denmark",10,10,20,4,14,18,69,33,63,37,0,1,51,50,1,85,20,1,33
141,47,NA,"1","",0,"5",5,"6","1","","5","33","Denmark",10,10,20,1,16,17,69,33,60,39,0,1,51,50,1,85,20,1,33
142,21,NA,"2","",0,"5",2,"6","1,7","","4","35","Denmark",10,10,20,22,2,24,69,58,81,50,0,0,64,66,1,80,1,2,35
142,22,NA,"2","",0,"5",2,"6","1,7","","4","35","Denmark",10,10,20,19,4,23,69,58,78,52,0,0,64,65,1,80,1,2,35
142,23,NA,"2","",0,"5",2,"6","1,7","","4","35","Denmark",10,10,20,16,6,22,69,58,75,54,0,0,64,65,1,80,1,2,35
142,24,NA,"2","",0,"5",2,"6","1,7","","4","35","Denmark",10,10,20,13,8,21,69,58,72,56,0,0,64,64,1,80,1,2,35
142,25,NA,"2","",1,"5",2,"6","1,7","","4","35","Denmark",10,10,20,7,12,19,69,58,66,60,0,0,64,63,1,80,1,2,35
142,26,NA,"2","",1,"5",2,"6","1,7","","4","35","Denmark",10,10,20,4,14,18,69,58,63,62,0,0,64,63,1,80,1,2,35
142,27,NA,"2","",0,"5",2,"6","1,7","","4","35","Denmark",10,10,20,1,16,17,69,58,60,64,0,0,64,62,1,80,1,2,35
142,31,NA,"2","",0,"5",2,"6","1,7","","4","35","Denmark",10,10,20,22,2,24,69,43,81,35,1,0,56,58,1,80,1,2,35
142,32,NA,"2","",0,"5",2,"6","1,7","","4","35","Denmark",10,10,20,19,4,23,69,43,78,37,1,0,56,58,1,80,1,2,35
142,33,NA,"2","",0,"5",2,"6","1,7","","4","35","Denmark",10,10,20,16,6,22,69,43,75,39,1,0,56,57,1,80,1,2,35
142,34,NA,"2","",0,"5",2,"6","1,7","","4","35","Denmark",10,10,20,13,8,21,69,43,72,41,1,0,56,57,1,80,1,2,35
142,35,NA,"2","",1,"5",2,"6","1,7","","4","35","Denmark",10,10,20,7,12,19,69,43,66,45,1,0,56,56,1,80,1,2,35
142,36,NA,"2","",1,"5",2,"6","1,7","","4","35","Denmark",10,10,20,4,14,18,69,43,63,47,1,0,56,55,1,80,1,2,35
142,37,NA,"2","",1,"5",2,"6","1,7","","4","35","Denmark",10,10,20,1,16,17,69,43,60,49,1,0,56,55,1,80,1,2,35
142,41,NA,"2","",0,"5",2,"6","1,7","","4","35","Denmark",10,10,20,22,2,24,69,33,81,25,0,1,51,53,1,80,1,2,35
142,42,NA,"2","",0,"5",2,"6","1,7","","4","35","Denmark",10,10,20,19,4,23,69,33,78,27,0,1,51,53,1,80,1,2,35
142,43,NA,"2","",0,"5",2,"6","1,7","","4","35","Denmark",10,10,20,16,6,22,69,33,75,29,0,1,51,52,1,80,1,2,35
142,44,NA,"2","",0,"5",2,"6","1,7","","4","35","Denmark",10,10,20,13,8,21,69,33,72,31,0,1,51,52,1,80,1,2,35
142,45,NA,"2","",1,"5",2,"6","1,7","","4","35","Denmark",10,10,20,7,12,19,69,33,66,35,0,1,51,51,1,80,1,2,35
142,46,NA,"2","",1,"5",2,"6","1,7","","4","35","Denmark",10,10,20,4,14,18,69,33,63,37,0,1,51,50,1,80,1,2,35
142,47,NA,"2","",1,"5",2,"6","1,7","","4","35","Denmark",10,10,20,1,16,17,69,33,60,39,0,1,51,50,1,80,1,2,35
143,21,NA,"2","",0,"2",5,"6","1,7","","4","35","Denmark",10,10,20,22,2,24,69,58,81,50,0,0,64,66,0,80,20,2,35
143,22,NA,"2","",0,"2",5,"6","1,7","","4","35","Denmark",10,10,20,19,4,23,69,58,78,52,0,0,64,65,0,80,20,2,35
143,23,NA,"2","",0,"2",5,"6","1,7","","4","35","Denmark",10,10,20,16,6,22,69,58,75,54,0,0,64,65,0,80,20,2,35
143,24,NA,"2","",0,"2",5,"6","1,7","","4","35","Denmark",10,10,20,13,8,21,69,58,72,56,0,0,64,64,0,80,20,2,35
143,25,NA,"2","",1,"2",5,"6","1,7","","4","35","Denmark",10,10,20,7,12,19,69,58,66,60,0,0,64,63,0,80,20,2,35
143,26,NA,"2","",1,"2",5,"6","1,7","","4","35","Denmark",10,10,20,4,14,18,69,58,63,62,0,0,64,63,0,80,20,2,35
143,27,NA,"2","",0,"2",5,"6","1,7","","4","35","Denmark",10,10,20,1,16,17,69,58,60,64,0,0,64,62,0,80,20,2,35
143,31,NA,"2","",0,"2",5,"6","1,7","","4","35","Denmark",10,10,20,22,2,24,69,43,81,35,1,0,56,58,0,80,20,2,35
143,32,NA,"2","",0,"2",5,"6","1,7","","4","35","Denmark",10,10,20,19,4,23,69,43,78,37,1,0,56,58,0,80,20,2,35
143,33,NA,"2","",0,"2",5,"6","1,7","","4","35","Denmark",10,10,20,16,6,22,69,43,75,39,1,0,56,57,0,80,20,2,35
143,34,NA,"2","",0,"2",5,"6","1,7","","4","35","Denmark",10,10,20,13,8,21,69,43,72,41,1,0,56,57,0,80,20,2,35
143,35,NA,"2","",0,"2",5,"6","1,7","","4","35","Denmark",10,10,20,7,12,19,69,43,66,45,1,0,56,56,0,80,20,2,35
143,36,NA,"2","",0,"2",5,"6","1,7","","4","35","Denmark",10,10,20,4,14,18,69,43,63,47,1,0,56,55,0,80,20,2,35
143,37,NA,"2","",0,"2",5,"6","1,7","","4","35","Denmark",10,10,20,1,16,17,69,43,60,49,1,0,56,55,0,80,20,2,35
143,41,NA,"2","",0,"2",5,"6","1,7","","4","35","Denmark",10,10,20,22,2,24,69,33,81,25,0,1,51,53,0,80,20,2,35
143,42,NA,"2","",0,"2",5,"6","1,7","","4","35","Denmark",10,10,20,19,4,23,69,33,78,27,0,1,51,53,0,80,20,2,35
143,43,NA,"2","",0,"2",5,"6","1,7","","4","35","Denmark",10,10,20,16,6,22,69,33,75,29,0,1,51,52,0,80,20,2,35
143,44,NA,"2","",0,"2",5,"6","1,7","","4","35","Denmark",10,10,20,13,8,21,69,33,72,31,0,1,51,52,0,80,20,2,35
143,45,NA,"2","",1,"2",5,"6","1,7","","4","35","Denmark",10,10,20,7,12,19,69,33,66,35,0,1,51,51,0,80,20,2,35
143,46,NA,"2","",1,"2",5,"6","1,7","","4","35","Denmark",10,10,20,4,14,18,69,33,63,37,0,1,51,50,0,80,20,2,35
143,47,NA,"2","",0,"2",5,"6","1,7","","4","35","Denmark",10,10,20,1,16,17,69,33,60,39,0,1,51,50,0,80,20,2,35
144,21,NA,"2","",0,"5",7,"6","1","","5","33","Denmark",10,10,20,22,2,24,69,58,81,50,0,0,64,66,1,90,20,2,33
144,22,NA,"2","",0,"5",7,"6","1","","5","33","Denmark",10,10,20,19,4,23,69,58,78,52,0,0,64,65,1,90,20,2,33
144,23,NA,"2","",0,"5",7,"6","1","","5","33","Denmark",10,10,20,16,6,22,69,58,75,54,0,0,64,65,1,90,20,2,33
144,24,NA,"2","",0,"5",7,"6","1","","5","33","Denmark",10,10,20,13,8,21,69,58,72,56,0,0,64,64,1,90,20,2,33
144,25,NA,"2","",0,"5",7,"6","1","","5","33","Denmark",10,10,20,7,12,19,69,58,66,60,0,0,64,63,1,90,20,2,33
144,26,NA,"2","",1,"5",7,"6","1","","5","33","Denmark",10,10,20,4,14,18,69,58,63,62,0,0,64,63,1,90,20,2,33
144,27,NA,"2","",0,"5",7,"6","1","","5","33","Denmark",10,10,20,1,16,17,69,58,60,64,0,0,64,62,1,90,20,2,33
144,31,NA,"2","",0,"5",7,"6","1","","5","33","Denmark",10,10,20,22,2,24,69,43,81,35,1,0,56,58,1,90,20,2,33
144,32,NA,"2","",0,"5",7,"6","1","","5","33","Denmark",10,10,20,19,4,23,69,43,78,37,1,0,56,58,1,90,20,2,33
144,33,NA,"2","",0,"5",7,"6","1","","5","33","Denmark",10,10,20,16,6,22,69,43,75,39,1,0,56,57,1,90,20,2,33
144,34,NA,"2","",0,"5",7,"6","1","","5","33","Denmark",10,10,20,13,8,21,69,43,72,41,1,0,56,57,1,90,20,2,33
144,35,NA,"2","",1,"5",7,"6","1","","5","33","Denmark",10,10,20,7,12,19,69,43,66,45,1,0,56,56,1,90,20,2,33
144,36,NA,"2","",1,"5",7,"6","1","","5","33","Denmark",10,10,20,4,14,18,69,43,63,47,1,0,56,55,1,90,20,2,33
144,37,NA,"2","",1,"5",7,"6","1","","5","33","Denmark",10,10,20,1,16,17,69,43,60,49,1,0,56,55,1,90,20,2,33
144,41,NA,"2","",0,"5",7,"6","1","","5","33","Denmark",10,10,20,22,2,24,69,33,81,25,0,1,51,53,1,90,20,2,33
144,42,NA,"2","",0,"5",7,"6","1","","5","33","Denmark",10,10,20,19,4,23,69,33,78,27,0,1,51,53,1,90,20,2,33
144,43,NA,"2","",0,"5",7,"6","1","","5","33","Denmark",10,10,20,16,6,22,69,33,75,29,0,1,51,52,1,90,20,2,33
144,44,NA,"2","",0,"5",7,"6","1","","5","33","Denmark",10,10,20,13,8,21,69,33,72,31,0,1,51,52,1,90,20,2,33
144,45,NA,"2","",1,"5",7,"6","1","","5","33","Denmark",10,10,20,7,12,19,69,33,66,35,0,1,51,51,1,90,20,2,33
144,46,NA,"2","",1,"5",7,"6","1","","5","33","Denmark",10,10,20,4,14,18,69,33,63,37,0,1,51,50,1,90,20,2,33
144,47,NA,"2","",1,"5",7,"6","1","","5","33","Denmark",10,10,20,1,16,17,69,33,60,39,0,1,51,50,1,90,20,2,33
145,21,NA,"2","",0,"5",6,"6","7","","5","32","Denmark",10,10,20,22,2,24,69,58,81,50,0,0,64,66,1,NA,15,2,32
145,22,NA,"2","",0,"5",6,"6","7","","5","32","Denmark",10,10,20,19,4,23,69,58,78,52,0,0,64,65,1,NA,15,2,32
145,23,NA,"2","",0,"5",6,"6","7","","5","32","Denmark",10,10,20,16,6,22,69,58,75,54,0,0,64,65,1,NA,15,2,32
145,24,NA,"2","",0,"5",6,"6","7","","5","32","Denmark",10,10,20,13,8,21,69,58,72,56,0,0,64,64,1,NA,15,2,32
145,25,NA,"2","",1,"5",6,"6","7","","5","32","Denmark",10,10,20,7,12,19,69,58,66,60,0,0,64,63,1,NA,15,2,32
145,26,NA,"2","",1,"5",6,"6","7","","5","32","Denmark",10,10,20,4,14,18,69,58,63,62,0,0,64,63,1,NA,15,2,32
145,27,NA,"2","",NA,"5",6,"6","7","","5","32","Denmark",10,10,20,1,16,17,69,58,60,64,0,0,64,62,1,NA,15,2,32
145,31,NA,"2","",0,"5",6,"6","7","","5","32","Denmark",10,10,20,22,2,24,69,43,81,35,1,0,56,58,1,NA,15,2,32
145,32,NA,"2","",0,"5",6,"6","7","","5","32","Denmark",10,10,20,19,4,23,69,43,78,37,1,0,56,58,1,NA,15,2,32
145,33,NA,"2","",0,"5",6,"6","7","","5","32","Denmark",10,10,20,16,6,22,69,43,75,39,1,0,56,57,1,NA,15,2,32
145,34,NA,"2","",0,"5",6,"6","7","","5","32","Denmark",10,10,20,13,8,21,69,43,72,41,1,0,56,57,1,NA,15,2,32
145,35,NA,"2","",1,"5",6,"6","7","","5","32","Denmark",10,10,20,7,12,19,69,43,66,45,1,0,56,56,1,NA,15,2,32
145,36,NA,"2","",1,"5",6,"6","7","","5","32","Denmark",10,10,20,4,14,18,69,43,63,47,1,0,56,55,1,NA,15,2,32
145,37,NA,"2","",1,"5",6,"6","7","","5","32","Denmark",10,10,20,1,16,17,69,43,60,49,1,0,56,55,1,NA,15,2,32
145,41,NA,"2","",0,"5",6,"6","7","","5","32","Denmark",10,10,20,22,2,24,69,33,81,25,0,1,51,53,1,NA,15,2,32
145,42,NA,"2","",0,"5",6,"6","7","","5","32","Denmark",10,10,20,19,4,23,69,33,78,27,0,1,51,53,1,NA,15,2,32
145,43,NA,"2","",0,"5",6,"6","7","","5","32","Denmark",10,10,20,16,6,22,69,33,75,29,0,1,51,52,1,NA,15,2,32
145,44,NA,"2","",0,"5",6,"6","7","","5","32","Denmark",10,10,20,13,8,21,69,33,72,31,0,1,51,52,1,NA,15,2,32
145,45,NA,"2","",1,"5",6,"6","7","","5","32","Denmark",10,10,20,7,12,19,69,33,66,35,0,1,51,51,1,NA,15,2,32
145,46,NA,"2","",1,"5",6,"6","7","","5","32","Denmark",10,10,20,4,14,18,69,33,63,37,0,1,51,50,1,NA,15,2,32
145,47,NA,"2","",1,"5",6,"6","7","","5","32","Denmark",10,10,20,1,16,17,69,33,60,39,0,1,51,50,1,NA,15,2,32
146,21,NA,"1","",0,"2",3,"6","1","","4","34","Denmark",10,10,20,22,2,24,69,58,81,50,0,0,64,66,0,90,12,1,34
146,22,NA,"1","",0,"2",3,"6","1","","4","34","Denmark",10,10,20,19,4,23,69,58,78,52,0,0,64,65,0,90,12,1,34
146,23,NA,"1","",0,"2",3,"6","1","","4","34","Denmark",10,10,20,16,6,22,69,58,75,54,0,0,64,65,0,90,12,1,34
146,24,NA,"1","",0,"2",3,"6","1","","4","34","Denmark",10,10,20,13,8,21,69,58,72,56,0,0,64,64,0,90,12,1,34
146,25,NA,"1","",1,"2",3,"6","1","","4","34","Denmark",10,10,20,7,12,19,69,58,66,60,0,0,64,63,0,90,12,1,34
146,26,NA,"1","",1,"2",3,"6","1","","4","34","Denmark",10,10,20,4,14,18,69,58,63,62,0,0,64,63,0,90,12,1,34
146,27,NA,"1","",0,"2",3,"6","1","","4","34","Denmark",10,10,20,1,16,17,69,58,60,64,0,0,64,62,0,90,12,1,34
146,31,NA,"1","",0,"2",3,"6","1","","4","34","Denmark",10,10,20,22,2,24,69,43,81,35,1,0,56,58,0,90,12,1,34
146,32,NA,"1","",0,"2",3,"6","1","","4","34","Denmark",10,10,20,19,4,23,69,43,78,37,1,0,56,58,0,90,12,1,34
146,33,NA,"1","",0,"2",3,"6","1","","4","34","Denmark",10,10,20,16,6,22,69,43,75,39,1,0,56,57,0,90,12,1,34
146,34,NA,"1","",0,"2",3,"6","1","","4","34","Denmark",10,10,20,13,8,21,69,43,72,41,1,0,56,57,0,90,12,1,34
146,35,NA,"1","",1,"2",3,"6","1","","4","34","Denmark",10,10,20,7,12,19,69,43,66,45,1,0,56,56,0,90,12,1,34
146,36,NA,"1","",1,"2",3,"6","1","","4","34","Denmark",10,10,20,4,14,18,69,43,63,47,1,0,56,55,0,90,12,1,34
146,37,NA,"1","",1,"2",3,"6","1","","4","34","Denmark",10,10,20,1,16,17,69,43,60,49,1,0,56,55,0,90,12,1,34
146,41,NA,"1","",0,"2",3,"6","1","","4","34","Denmark",10,10,20,22,2,24,69,33,81,25,0,1,51,53,0,90,12,1,34
146,42,NA,"1","",0,"2",3,"6","1","","4","34","Denmark",10,10,20,19,4,23,69,33,78,27,0,1,51,53,0,90,12,1,34
146,43,NA,"1","",0,"2",3,"6","1","","4","34","Denmark",10,10,20,16,6,22,69,33,75,29,0,1,51,52,0,90,12,1,34
146,44,NA,"1","",0,"2",3,"6","1","","4","34","Denmark",10,10,20,13,8,21,69,33,72,31,0,1,51,52,0,90,12,1,34
146,45,NA,"1","",0,"2",3,"6","1","","4","34","Denmark",10,10,20,7,12,19,69,33,66,35,0,1,51,51,0,90,12,1,34
146,46,NA,"1","",1,"2",3,"6","1","","4","34","Denmark",10,10,20,4,14,18,69,33,63,37,0,1,51,50,0,90,12,1,34
146,47,NA,"1","",1,"2",3,"6","1","","4","34","Denmark",10,10,20,1,16,17,69,33,60,39,0,1,51,50,0,90,12,1,34
147,21,NA,"5","",1,"2",4,"6","1,4,7,9","","5","36","Denmark",10,10,20,22,2,24,69,58,81,50,0,0,64,66,0,50,10,5,36
147,22,NA,"5","",1,"2",4,"6","1,4,7,9","","5","36","Denmark",10,10,20,19,4,23,69,58,78,52,0,0,64,65,0,50,10,5,36
147,23,NA,"5","",1,"2",4,"6","1,4,7,9","","5","36","Denmark",10,10,20,16,6,22,69,58,75,54,0,0,64,65,0,50,10,5,36
147,24,NA,"5","",1,"2",4,"6","1,4,7,9","","5","36","Denmark",10,10,20,13,8,21,69,58,72,56,0,0,64,64,0,50,10,5,36
147,25,NA,"5","",0,"2",4,"6","1,4,7,9","","5","36","Denmark",10,10,20,7,12,19,69,58,66,60,0,0,64,63,0,50,10,5,36
147,26,NA,"5","",0,"2",4,"6","1,4,7,9","","5","36","Denmark",10,10,20,4,14,18,69,58,63,62,0,0,64,63,0,50,10,5,36
147,27,NA,"5","",0,"2",4,"6","1,4,7,9","","5","36","Denmark",10,10,20,1,16,17,69,58,60,64,0,0,64,62,0,50,10,5,36
147,31,NA,"5","",1,"2",4,"6","1,4,7,9","","5","36","Denmark",10,10,20,22,2,24,69,43,81,35,1,0,56,58,0,50,10,5,36
147,32,NA,"5","",1,"2",4,"6","1,4,7,9","","5","36","Denmark",10,10,20,19,4,23,69,43,78,37,1,0,56,58,0,50,10,5,36
147,33,NA,"5","",1,"2",4,"6","1,4,7,9","","5","36","Denmark",10,10,20,16,6,22,69,43,75,39,1,0,56,57,0,50,10,5,36
147,34,NA,"5","",0,"2",4,"6","1,4,7,9","","5","36","Denmark",10,10,20,13,8,21,69,43,72,41,1,0,56,57,0,50,10,5,36
147,35,NA,"5","",0,"2",4,"6","1,4,7,9","","5","36","Denmark",10,10,20,7,12,19,69,43,66,45,1,0,56,56,0,50,10,5,36
147,36,NA,"5","",0,"2",4,"6","1,4,7,9","","5","36","Denmark",10,10,20,4,14,18,69,43,63,47,1,0,56,55,0,50,10,5,36
147,37,NA,"5","",0,"2",4,"6","1,4,7,9","","5","36","Denmark",10,10,20,1,16,17,69,43,60,49,1,0,56,55,0,50,10,5,36
147,41,NA,"5","",1,"2",4,"6","1,4,7,9","","5","36","Denmark",10,10,20,22,2,24,69,33,81,25,0,1,51,53,0,50,10,5,36
147,42,NA,"5","",1,"2",4,"6","1,4,7,9","","5","36","Denmark",10,10,20,19,4,23,69,33,78,27,0,1,51,53,0,50,10,5,36
147,43,NA,"5","",1,"2",4,"6","1,4,7,9","","5","36","Denmark",10,10,20,16,6,22,69,33,75,29,0,1,51,52,0,50,10,5,36
147,44,NA,"5","",0,"2",4,"6","1,4,7,9","","5","36","Denmark",10,10,20,13,8,21,69,33,72,31,0,1,51,52,0,50,10,5,36
147,45,NA,"5","",0,"2",4,"6","1,4,7,9","","5","36","Denmark",10,10,20,7,12,19,69,33,66,35,0,1,51,51,0,50,10,5,36
147,46,NA,"5","",0,"2",4,"6","1,4,7,9","","5","36","Denmark",10,10,20,4,14,18,69,33,63,37,0,1,51,50,0,50,10,5,36
147,47,NA,"5","",0,"2",4,"6","1,4,7,9","","5","36","Denmark",10,10,20,1,16,17,69,33,60,39,0,1,51,50,0,50,10,5,36
148,21,NA,"1","",0,"2",6,"6","1","","4","33","Denmark",10,10,20,22,2,24,69,58,81,50,0,0,64,66,0,80,20,1,33
148,22,NA,"1","",0,"2",6,"6","1","","4","33","Denmark",10,10,20,19,4,23,69,58,78,52,0,0,64,65,0,80,20,1,33
148,23,NA,"1","",0,"2",6,"6","1","","4","33","Denmark",10,10,20,16,6,22,69,58,75,54,0,0,64,65,0,80,20,1,33
148,24,NA,"1","",0,"2",6,"6","1","","4","33","Denmark",10,10,20,13,8,21,69,58,72,56,0,0,64,64,0,80,20,1,33
148,25,NA,"1","",1,"2",6,"6","1","","4","33","Denmark",10,10,20,7,12,19,69,58,66,60,0,0,64,63,0,80,20,1,33
148,26,NA,"1","",1,"2",6,"6","1","","4","33","Denmark",10,10,20,4,14,18,69,58,63,62,0,0,64,63,0,80,20,1,33
148,27,NA,"1","",0,"2",6,"6","1","","4","33","Denmark",10,10,20,1,16,17,69,58,60,64,0,0,64,62,0,80,20,1,33
148,31,NA,"1","",0,"2",6,"6","1","","4","33","Denmark",10,10,20,22,2,24,69,43,81,35,1,0,56,58,0,80,20,1,33
148,32,NA,"1","",0,"2",6,"6","1","","4","33","Denmark",10,10,20,19,4,23,69,43,78,37,1,0,56,58,0,80,20,1,33
148,33,NA,"1","",0,"2",6,"6","1","","4","33","Denmark",10,10,20,16,6,22,69,43,75,39,1,0,56,57,0,80,20,1,33
148,34,NA,"1","",0,"2",6,"6","1","","4","33","Denmark",10,10,20,13,8,21,69,43,72,41,1,0,56,57,0,80,20,1,33
148,35,NA,"1","",1,"2",6,"6","1","","4","33","Denmark",10,10,20,7,12,19,69,43,66,45,1,0,56,56,0,80,20,1,33
148,36,NA,"1","",1,"2",6,"6","1","","4","33","Denmark",10,10,20,4,14,18,69,43,63,47,1,0,56,55,0,80,20,1,33
148,37,NA,"1","",1,"2",6,"6","1","","4","33","Denmark",10,10,20,1,16,17,69,43,60,49,1,0,56,55,0,80,20,1,33
148,41,NA,"1","",1,"2",6,"6","1","","4","33","Denmark",10,10,20,22,2,24,69,33,81,25,0,1,51,53,0,80,20,1,33
148,42,NA,"1","",1,"2",6,"6","1","","4","33","Denmark",10,10,20,19,4,23,69,33,78,27,0,1,51,53,0,80,20,1,33
148,43,NA,"1","",1,"2",6,"6","1","","4","33","Denmark",10,10,20,16,6,22,69,33,75,29,0,1,51,52,0,80,20,1,33
148,44,NA,"1","",1,"2",6,"6","1","","4","33","Denmark",10,10,20,13,8,21,69,33,72,31,0,1,51,52,0,80,20,1,33
148,45,NA,"1","",1,"2",6,"6","1","","4","33","Denmark",10,10,20,7,12,19,69,33,66,35,0,1,51,51,0,80,20,1,33
148,46,NA,"1","",1,"2",6,"6","1","","4","33","Denmark",10,10,20,4,14,18,69,33,63,37,0,1,51,50,0,80,20,1,33
148,47,NA,"1","",1,"2",6,"6","1","","4","33","Denmark",10,10,20,1,16,17,69,33,60,39,0,1,51,50,0,80,20,1,33
149,21,NA,"2","",0,"2",7,"6","1","","5","32","Denmark",10,10,20,22,2,24,69,58,81,50,0,0,64,66,0,80,28,2,32
149,22,NA,"2","",0,"2",7,"6","1","","5","32","Denmark",10,10,20,19,4,23,69,58,78,52,0,0,64,65,0,80,28,2,32
149,23,NA,"2","",0,"2",7,"6","1","","5","32","Denmark",10,10,20,16,6,22,69,58,75,54,0,0,64,65,0,80,28,2,32
149,24,NA,"2","",1,"2",7,"6","1","","5","32","Denmark",10,10,20,13,8,21,69,58,72,56,0,0,64,64,0,80,28,2,32
149,25,NA,"2","",0,"2",7,"6","1","","5","32","Denmark",10,10,20,7,12,19,69,58,66,60,0,0,64,63,0,80,28,2,32
149,26,NA,"2","",0,"2",7,"6","1","","5","32","Denmark",10,10,20,4,14,18,69,58,63,62,0,0,64,63,0,80,28,2,32
149,27,NA,"2","",0,"2",7,"6","1","","5","32","Denmark",10,10,20,1,16,17,69,58,60,64,0,0,64,62,0,80,28,2,32
149,31,NA,"2","",0,"2",7,"6","1","","5","32","Denmark",10,10,20,22,2,24,69,43,81,35,1,0,56,58,0,80,28,2,32
149,32,NA,"2","",0,"2",7,"6","1","","5","32","Denmark",10,10,20,19,4,23,69,43,78,37,1,0,56,58,0,80,28,2,32
149,33,NA,"2","",0,"2",7,"6","1","","5","32","Denmark",10,10,20,16,6,22,69,43,75,39,1,0,56,57,0,80,28,2,32
149,34,NA,"2","",0,"2",7,"6","1","","5","32","Denmark",10,10,20,13,8,21,69,43,72,41,1,0,56,57,0,80,28,2,32
149,35,NA,"2","",1,"2",7,"6","1","","5","32","Denmark",10,10,20,7,12,19,69,43,66,45,1,0,56,56,0,80,28,2,32
149,36,NA,"2","",0,"2",7,"6","1","","5","32","Denmark",10,10,20,4,14,18,69,43,63,47,1,0,56,55,0,80,28,2,32
149,37,NA,"2","",0,"2",7,"6","1","","5","32","Denmark",10,10,20,1,16,17,69,43,60,49,1,0,56,55,0,80,28,2,32
149,41,NA,"2","",0,"2",7,"6","1","","5","32","Denmark",10,10,20,22,2,24,69,33,81,25,0,1,51,53,0,80,28,2,32
149,42,NA,"2","",0,"2",7,"6","1","","5","32","Denmark",10,10,20,19,4,23,69,33,78,27,0,1,51,53,0,80,28,2,32
149,43,NA,"2","",0,"2",7,"6","1","","5","32","Denmark",10,10,20,16,6,22,69,33,75,29,0,1,51,52,0,80,28,2,32
149,44,NA,"2","",0,"2",7,"6","1","","5","32","Denmark",10,10,20,13,8,21,69,33,72,31,0,1,51,52,0,80,28,2,32
149,45,NA,"2","",1,"2",7,"6","1","","5","32","Denmark",10,10,20,7,12,19,69,33,66,35,0,1,51,51,0,80,28,2,32
149,46,NA,"2","",1,"2",7,"6","1","","5","32","Denmark",10,10,20,4,14,18,69,33,63,37,0,1,51,50,0,80,28,2,32
149,47,NA,"2","",0,"2",7,"6","1","","5","32","Denmark",10,10,20,1,16,17,69,33,60,39,0,1,51,50,0,80,28,2,32
150,21,NA,"2","",0,"5",8,"1","1,5,7","","4","36","Denmark",10,10,20,22,2,24,69,58,81,50,0,0,64,66,1,80,30,2,36
150,22,NA,"2","",0,"5",8,"1","1,5,7","","4","36","Denmark",10,10,20,19,4,23,69,58,78,52,0,0,64,65,1,80,30,2,36
150,23,NA,"2","",0,"5",8,"1","1,5,7","","4","36","Denmark",10,10,20,16,6,22,69,58,75,54,0,0,64,65,1,80,30,2,36
150,24,NA,"2","",0,"5",8,"1","1,5,7","","4","36","Denmark",10,10,20,13,8,21,69,58,72,56,0,0,64,64,1,80,30,2,36
150,25,NA,"2","",0,"5",8,"1","1,5,7","","4","36","Denmark",10,10,20,7,12,19,69,58,66,60,0,0,64,63,1,80,30,2,36
150,26,NA,"2","",0,"5",8,"1","1,5,7","","4","36","Denmark",10,10,20,4,14,18,69,58,63,62,0,0,64,63,1,80,30,2,36
150,27,NA,"2","",0,"5",8,"1","1,5,7","","4","36","Denmark",10,10,20,1,16,17,69,58,60,64,0,0,64,62,1,80,30,2,36
150,31,NA,"2","",0,"5",8,"1","1,5,7","","4","36","Denmark",10,10,20,22,2,24,69,43,81,35,1,0,56,58,1,80,30,2,36
150,32,NA,"2","",0,"5",8,"1","1,5,7","","4","36","Denmark",10,10,20,19,4,23,69,43,78,37,1,0,56,58,1,80,30,2,36
150,33,NA,"2","",0,"5",8,"1","1,5,7","","4","36","Denmark",10,10,20,16,6,22,69,43,75,39,1,0,56,57,1,80,30,2,36
150,34,NA,"2","",0,"5",8,"1","1,5,7","","4","36","Denmark",10,10,20,13,8,21,69,43,72,41,1,0,56,57,1,80,30,2,36
150,35,NA,"2","",0,"5",8,"1","1,5,7","","4","36","Denmark",10,10,20,7,12,19,69,43,66,45,1,0,56,56,1,80,30,2,36
150,36,NA,"2","",0,"5",8,"1","1,5,7","","4","36","Denmark",10,10,20,4,14,18,69,43,63,47,1,0,56,55,1,80,30,2,36
150,37,NA,"2","",0,"5",8,"1","1,5,7","","4","36","Denmark",10,10,20,1,16,17,69,43,60,49,1,0,56,55,1,80,30,2,36
150,41,NA,"2","",0,"5",8,"1","1,5,7","","4","36","Denmark",10,10,20,22,2,24,69,33,81,25,0,1,51,53,1,80,30,2,36
150,42,NA,"2","",0,"5",8,"1","1,5,7","","4","36","Denmark",10,10,20,19,4,23,69,33,78,27,0,1,51,53,1,80,30,2,36
150,43,NA,"2","",0,"5",8,"1","1,5,7","","4","36","Denmark",10,10,20,16,6,22,69,33,75,29,0,1,51,52,1,80,30,2,36
150,44,NA,"2","",1,"5",8,"1","1,5,7","","4","36","Denmark",10,10,20,13,8,21,69,33,72,31,0,1,51,52,1,80,30,2,36
150,45,NA,"2","",1,"5",8,"1","1,5,7","","4","36","Denmark",10,10,20,7,12,19,69,33,66,35,0,1,51,51,1,80,30,2,36
150,46,NA,"2","",0,"5",8,"1","1,5,7","","4","36","Denmark",10,10,20,4,14,18,69,33,63,37,0,1,51,50,1,80,30,2,36
150,47,NA,"2","",0,"5",8,"1","1,5,7","","4","36","Denmark",10,10,20,1,16,17,69,33,60,39,0,1,51,50,1,80,30,2,36
151,21,NA,"2","",1,"2",5,"1","1,7","","4","36","Denmark",10,10,20,22,2,24,69,58,81,50,0,0,64,66,0,90,15,2,36
151,22,NA,"2","",1,"2",5,"1","1,7","","4","36","Denmark",10,10,20,19,4,23,69,58,78,52,0,0,64,65,0,90,15,2,36
151,23,NA,"2","",0,"2",5,"1","1,7","","4","36","Denmark",10,10,20,16,6,22,69,58,75,54,0,0,64,65,0,90,15,2,36
151,24,NA,"2","",0,"2",5,"1","1,7","","4","36","Denmark",10,10,20,13,8,21,69,58,72,56,0,0,64,64,0,90,15,2,36
151,25,NA,"2","",0,"2",5,"1","1,7","","4","36","Denmark",10,10,20,7,12,19,69,58,66,60,0,0,64,63,0,90,15,2,36
151,26,NA,"2","",0,"2",5,"1","1,7","","4","36","Denmark",10,10,20,4,14,18,69,58,63,62,0,0,64,63,0,90,15,2,36
151,27,NA,"2","",0,"2",5,"1","1,7","","4","36","Denmark",10,10,20,1,16,17,69,58,60,64,0,0,64,62,0,90,15,2,36
151,31,NA,"2","",0,"2",5,"1","1,7","","4","36","Denmark",10,10,20,22,2,24,69,43,81,35,1,0,56,58,0,90,15,2,36
151,32,NA,"2","",0,"2",5,"1","1,7","","4","36","Denmark",10,10,20,19,4,23,69,43,78,37,1,0,56,58,0,90,15,2,36
151,33,NA,"2","",0,"2",5,"1","1,7","","4","36","Denmark",10,10,20,16,6,22,69,43,75,39,1,0,56,57,0,90,15,2,36
151,34,NA,"2","",0,"2",5,"1","1,7","","4","36","Denmark",10,10,20,13,8,21,69,43,72,41,1,0,56,57,0,90,15,2,36
151,35,NA,"2","",0,"2",5,"1","1,7","","4","36","Denmark",10,10,20,7,12,19,69,43,66,45,1,0,56,56,0,90,15,2,36
151,36,NA,"2","",0,"2",5,"1","1,7","","4","36","Denmark",10,10,20,4,14,18,69,43,63,47,1,0,56,55,0,90,15,2,36
151,37,NA,"2","",0,"2",5,"1","1,7","","4","36","Denmark",10,10,20,1,16,17,69,43,60,49,1,0,56,55,0,90,15,2,36
151,41,NA,"2","",1,"2",5,"1","1,7","","4","36","Denmark",10,10,20,22,2,24,69,33,81,25,0,1,51,53,0,90,15,2,36
151,42,NA,"2","",1,"2",5,"1","1,7","","4","36","Denmark",10,10,20,19,4,23,69,33,78,27,0,1,51,53,0,90,15,2,36
151,43,NA,"2","",1,"2",5,"1","1,7","","4","36","Denmark",10,10,20,16,6,22,69,33,75,29,0,1,51,52,0,90,15,2,36
151,44,NA,"2","",1,"2",5,"1","1,7","","4","36","Denmark",10,10,20,13,8,21,69,33,72,31,0,1,51,52,0,90,15,2,36
151,45,NA,"2","",1,"2",5,"1","1,7","","4","36","Denmark",10,10,20,7,12,19,69,33,66,35,0,1,51,51,0,90,15,2,36
151,46,NA,"2","",1,"2",5,"1","1,7","","4","36","Denmark",10,10,20,4,14,18,69,33,63,37,0,1,51,50,0,90,15,2,36
151,47,NA,"2","",0,"2",5,"1","1,7","","4","36","Denmark",10,10,20,1,16,17,69,33,60,39,0,1,51,50,0,90,15,2,36
152,21,NA,"2","",0,"10",11,"6","1,7","","4","34","Denmark",10,10,20,22,2,24,69,58,81,50,0,0,64,66,0,80,15,2,34
152,22,NA,"2","",0,"10",11,"6","1,7","","4","34","Denmark",10,10,20,19,4,23,69,58,78,52,0,0,64,65,0,80,15,2,34
152,23,NA,"2","",0,"10",11,"6","1,7","","4","34","Denmark",10,10,20,16,6,22,69,58,75,54,0,0,64,65,0,80,15,2,34
152,24,NA,"2","",0,"10",11,"6","1,7","","4","34","Denmark",10,10,20,13,8,21,69,58,72,56,0,0,64,64,0,80,15,2,34
152,25,NA,"2","",0,"10",11,"6","1,7","","4","34","Denmark",10,10,20,7,12,19,69,58,66,60,0,0,64,63,0,80,15,2,34
152,26,NA,"2","",0,"10",11,"6","1,7","","4","34","Denmark",10,10,20,4,14,18,69,58,63,62,0,0,64,63,0,80,15,2,34
152,27,NA,"2","",0,"10",11,"6","1,7","","4","34","Denmark",10,10,20,1,16,17,69,58,60,64,0,0,64,62,0,80,15,2,34
152,31,NA,"2","",0,"10",11,"6","1,7","","4","34","Denmark",10,10,20,22,2,24,69,43,81,35,1,0,56,58,0,80,15,2,34
152,32,NA,"2","",0,"10",11,"6","1,7","","4","34","Denmark",10,10,20,19,4,23,69,43,78,37,1,0,56,58,0,80,15,2,34
152,33,NA,"2","",0,"10",11,"6","1,7","","4","34","Denmark",10,10,20,16,6,22,69,43,75,39,1,0,56,57,0,80,15,2,34
152,34,NA,"2","",0,"10",11,"6","1,7","","4","34","Denmark",10,10,20,13,8,21,69,43,72,41,1,0,56,57,0,80,15,2,34
152,35,NA,"2","",0,"10",11,"6","1,7","","4","34","Denmark",10,10,20,7,12,19,69,43,66,45,1,0,56,56,0,80,15,2,34
152,36,NA,"2","",0,"10",11,"6","1,7","","4","34","Denmark",10,10,20,4,14,18,69,43,63,47,1,0,56,55,0,80,15,2,34
152,37,NA,"2","",0,"10",11,"6","1,7","","4","34","Denmark",10,10,20,1,16,17,69,43,60,49,1,0,56,55,0,80,15,2,34
152,41,NA,"2","",0,"10",11,"6","1,7","","4","34","Denmark",10,10,20,22,2,24,69,33,81,25,0,1,51,53,0,80,15,2,34
152,42,NA,"2","",1,"10",11,"6","1,7","","4","34","Denmark",10,10,20,19,4,23,69,33,78,27,0,1,51,53,0,80,15,2,34
152,43,NA,"2","",0,"10",11,"6","1,7","","4","34","Denmark",10,10,20,16,6,22,69,33,75,29,0,1,51,52,0,80,15,2,34
152,44,NA,"2","",0,"10",11,"6","1,7","","4","34","Denmark",10,10,20,13,8,21,69,33,72,31,0,1,51,52,0,80,15,2,34
152,45,NA,"2","",1,"10",11,"6","1,7","","4","34","Denmark",10,10,20,7,12,19,69,33,66,35,0,1,51,51,0,80,15,2,34
152,46,NA,"2","",0,"10",11,"6","1,7","","4","34","Denmark",10,10,20,4,14,18,69,33,63,37,0,1,51,50,0,80,15,2,34
152,47,NA,"2","",1,"10",11,"6","1,7","","4","34","Denmark",10,10,20,1,16,17,69,33,60,39,0,1,51,50,0,80,15,2,34
